ISO-10303-21;
HEADER;
/* Generated by software containing ST-Developer
 * from STEP Tools, Inc. (www.steptools.com) 
 */

FILE_DESCRIPTION(
/* description */ (''),
/* implementation_level */ '2;1');

FILE_NAME(
/* name */ 'Assembly_XY2.stp',
/* time_stamp */ '2026-02-19T19:07:15+09:00',
/* author */ ('Hirotaka-Honda'),
/* organization */ (''),
/* preprocessor_version */ 'ST-DEVELOPER v20.1',
/* originating_system */ 'Autodesk Inventor 2026',
/* authorisation */ '');

FILE_SCHEMA (('AUTOMOTIVE_DESIGN { 1 0 10303 214 3 1 1 }'));
ENDSEC;

DATA;
#10=MECHANICAL_DESIGN_GEOMETRIC_PRESENTATION_REPRESENTATION('',(#128,#129,
#130,#131),#2862);
#11=(
BOUNDED_CURVE()
B_SPLINE_CURVE(2,(#2785,#2786,#2787),.UNSPECIFIED.,.F.,.F.)
B_SPLINE_CURVE_WITH_KNOTS((3,3),(0.,0.175265420711688),.UNSPECIFIED.)
CURVE()
GEOMETRIC_REPRESENTATION_ITEM()
RATIONAL_B_SPLINE_CURVE((1.,1.15470053837925,1.))
REPRESENTATION_ITEM('')
);
#12=(
BOUNDED_CURVE()
B_SPLINE_CURVE(2,(#2792,#2793,#2794),.UNSPECIFIED.,.F.,.F.)
B_SPLINE_CURVE_WITH_KNOTS((3,3),(0.,0.175265420711688),.UNSPECIFIED.)
CURVE()
GEOMETRIC_REPRESENTATION_ITEM()
RATIONAL_B_SPLINE_CURVE((1.,1.15470053837925,1.))
REPRESENTATION_ITEM('')
);
#13=(
BOUNDED_CURVE()
B_SPLINE_CURVE(2,(#2798,#2799,#2800),.UNSPECIFIED.,.F.,.F.)
B_SPLINE_CURVE_WITH_KNOTS((3,3),(0.,0.175265420711688),.UNSPECIFIED.)
CURVE()
GEOMETRIC_REPRESENTATION_ITEM()
RATIONAL_B_SPLINE_CURVE((1.,1.15470053837926,1.))
REPRESENTATION_ITEM('')
);
#14=(
BOUNDED_CURVE()
B_SPLINE_CURVE(2,(#2804,#2805,#2806),.UNSPECIFIED.,.F.,.F.)
B_SPLINE_CURVE_WITH_KNOTS((3,3),(0.,0.175265420711688),.UNSPECIFIED.)
CURVE()
GEOMETRIC_REPRESENTATION_ITEM()
RATIONAL_B_SPLINE_CURVE((1.,1.15470053837926,1.))
REPRESENTATION_ITEM('')
);
#15=(
BOUNDED_CURVE()
B_SPLINE_CURVE(2,(#2810,#2811,#2812),.UNSPECIFIED.,.F.,.F.)
B_SPLINE_CURVE_WITH_KNOTS((3,3),(0.,0.0876327103558439),.UNSPECIFIED.)
CURVE()
GEOMETRIC_REPRESENTATION_ITEM()
RATIONAL_B_SPLINE_CURVE((1.,1.07735026918962,1.07735026918962))
REPRESENTATION_ITEM('')
);
#16=(
BOUNDED_CURVE()
B_SPLINE_CURVE(2,(#2815,#2816,#2817),.UNSPECIFIED.,.F.,.F.)
B_SPLINE_CURVE_WITH_KNOTS((3,3),(0.0876327103558439,0.175265420711688),
 .UNSPECIFIED.)
CURVE()
GEOMETRIC_REPRESENTATION_ITEM()
RATIONAL_B_SPLINE_CURVE((1.07735026918962,1.07735026918962,1.))
REPRESENTATION_ITEM('')
);
#17=(
BOUNDED_CURVE()
B_SPLINE_CURVE(2,(#2819,#2820,#2821),.UNSPECIFIED.,.F.,.F.)
B_SPLINE_CURVE_WITH_KNOTS((3,3),(0.,0.175265420711688),.UNSPECIFIED.)
CURVE()
GEOMETRIC_REPRESENTATION_ITEM()
RATIONAL_B_SPLINE_CURVE((1.,1.15470053837925,1.))
REPRESENTATION_ITEM('')
);
#18=TOROIDAL_SURFACE('',#1631,2.1,0.1);
#19=TOROIDAL_SURFACE('',#1644,3.1,0.4);
#20=CONICAL_SURFACE('',#1589,1.22925,1.02974425867665);
#21=CONICAL_SURFACE('',#1593,1.22925,1.02974425867665);
#22=CONICAL_SURFACE('',#1641,1.7852925,0.785398163397449);
#23=CONICAL_SURFACE('',#1657,0.866025403784439,1.0471975511966);
#24=ITEM_DEFINED_TRANSFORMATION($,$,#1531,#1575);
#25=ITEM_DEFINED_TRANSFORMATION($,$,#1577,#1612);
#26=ITEM_DEFINED_TRANSFORMATION($,$,#1530,#1658);
#27=ITEM_DEFINED_TRANSFORMATION($,$,#1576,#1659);
#28=ITEM_DEFINED_TRANSFORMATION($,$,#1530,#1660);
#29=ITEM_DEFINED_TRANSFORMATION($,$,#1576,#1661);
#30=ITEM_DEFINED_TRANSFORMATION($,$,#1613,#1662);
#31=ITEM_DEFINED_TRANSFORMATION($,$,#1613,#1663);
#32=ITEM_DEFINED_TRANSFORMATION($,$,#1613,#1664);
#33=ITEM_DEFINED_TRANSFORMATION($,$,#1613,#1665);
#34=ITEM_DEFINED_TRANSFORMATION($,$,#1613,#1666);
#35=ITEM_DEFINED_TRANSFORMATION($,$,#1613,#1667);
#36=ITEM_DEFINED_TRANSFORMATION($,$,#1630,#1668);
#37=ITEM_DEFINED_TRANSFORMATION($,$,#1630,#1669);
#38=ITEM_DEFINED_TRANSFORMATION($,$,#1630,#1670);
#39=ITEM_DEFINED_TRANSFORMATION($,$,#1630,#1671);
#40=ITEM_DEFINED_TRANSFORMATION($,$,#1630,#1672);
#41=ITEM_DEFINED_TRANSFORMATION($,$,#1630,#1673);
#42=ITEM_DEFINED_TRANSFORMATION($,$,#1630,#1674);
#43=ITEM_DEFINED_TRANSFORMATION($,$,#1630,#1675);
#44=ITEM_DEFINED_TRANSFORMATION($,$,#1630,#1676);
#45=ITEM_DEFINED_TRANSFORMATION($,$,#1630,#1677);
#46=ITEM_DEFINED_TRANSFORMATION($,$,#1630,#1678);
#47=ITEM_DEFINED_TRANSFORMATION($,$,#1630,#1679);
#48=(
REPRESENTATION_RELATIONSHIP($,$,#2907,#2906)
REPRESENTATION_RELATIONSHIP_WITH_TRANSFORMATION(#24)
SHAPE_REPRESENTATION_RELATIONSHIP()
);
#49=(
REPRESENTATION_RELATIONSHIP($,$,#2909,#2908)
REPRESENTATION_RELATIONSHIP_WITH_TRANSFORMATION(#25)
SHAPE_REPRESENTATION_RELATIONSHIP()
);
#50=(
REPRESENTATION_RELATIONSHIP($,$,#2906,#2905)
REPRESENTATION_RELATIONSHIP_WITH_TRANSFORMATION(#26)
SHAPE_REPRESENTATION_RELATIONSHIP()
);
#51=(
REPRESENTATION_RELATIONSHIP($,$,#2908,#2905)
REPRESENTATION_RELATIONSHIP_WITH_TRANSFORMATION(#27)
SHAPE_REPRESENTATION_RELATIONSHIP()
);
#52=(
REPRESENTATION_RELATIONSHIP($,$,#2906,#2905)
REPRESENTATION_RELATIONSHIP_WITH_TRANSFORMATION(#28)
SHAPE_REPRESENTATION_RELATIONSHIP()
);
#53=(
REPRESENTATION_RELATIONSHIP($,$,#2908,#2905)
REPRESENTATION_RELATIONSHIP_WITH_TRANSFORMATION(#29)
SHAPE_REPRESENTATION_RELATIONSHIP()
);
#54=(
REPRESENTATION_RELATIONSHIP($,$,#2910,#2905)
REPRESENTATION_RELATIONSHIP_WITH_TRANSFORMATION(#30)
SHAPE_REPRESENTATION_RELATIONSHIP()
);
#55=(
REPRESENTATION_RELATIONSHIP($,$,#2910,#2905)
REPRESENTATION_RELATIONSHIP_WITH_TRANSFORMATION(#31)
SHAPE_REPRESENTATION_RELATIONSHIP()
);
#56=(
REPRESENTATION_RELATIONSHIP($,$,#2910,#2905)
REPRESENTATION_RELATIONSHIP_WITH_TRANSFORMATION(#32)
SHAPE_REPRESENTATION_RELATIONSHIP()
);
#57=(
REPRESENTATION_RELATIONSHIP($,$,#2910,#2905)
REPRESENTATION_RELATIONSHIP_WITH_TRANSFORMATION(#33)
SHAPE_REPRESENTATION_RELATIONSHIP()
);
#58=(
REPRESENTATION_RELATIONSHIP($,$,#2910,#2905)
REPRESENTATION_RELATIONSHIP_WITH_TRANSFORMATION(#34)
SHAPE_REPRESENTATION_RELATIONSHIP()
);
#59=(
REPRESENTATION_RELATIONSHIP($,$,#2910,#2905)
REPRESENTATION_RELATIONSHIP_WITH_TRANSFORMATION(#35)
SHAPE_REPRESENTATION_RELATIONSHIP()
);
#60=(
REPRESENTATION_RELATIONSHIP($,$,#2911,#2905)
REPRESENTATION_RELATIONSHIP_WITH_TRANSFORMATION(#36)
SHAPE_REPRESENTATION_RELATIONSHIP()
);
#61=(
REPRESENTATION_RELATIONSHIP($,$,#2911,#2905)
REPRESENTATION_RELATIONSHIP_WITH_TRANSFORMATION(#37)
SHAPE_REPRESENTATION_RELATIONSHIP()
);
#62=(
REPRESENTATION_RELATIONSHIP($,$,#2911,#2905)
REPRESENTATION_RELATIONSHIP_WITH_TRANSFORMATION(#38)
SHAPE_REPRESENTATION_RELATIONSHIP()
);
#63=(
REPRESENTATION_RELATIONSHIP($,$,#2911,#2905)
REPRESENTATION_RELATIONSHIP_WITH_TRANSFORMATION(#39)
SHAPE_REPRESENTATION_RELATIONSHIP()
);
#64=(
REPRESENTATION_RELATIONSHIP($,$,#2911,#2905)
REPRESENTATION_RELATIONSHIP_WITH_TRANSFORMATION(#40)
SHAPE_REPRESENTATION_RELATIONSHIP()
);
#65=(
REPRESENTATION_RELATIONSHIP($,$,#2911,#2905)
REPRESENTATION_RELATIONSHIP_WITH_TRANSFORMATION(#41)
SHAPE_REPRESENTATION_RELATIONSHIP()
);
#66=(
REPRESENTATION_RELATIONSHIP($,$,#2911,#2905)
REPRESENTATION_RELATIONSHIP_WITH_TRANSFORMATION(#42)
SHAPE_REPRESENTATION_RELATIONSHIP()
);
#67=(
REPRESENTATION_RELATIONSHIP($,$,#2911,#2905)
REPRESENTATION_RELATIONSHIP_WITH_TRANSFORMATION(#43)
SHAPE_REPRESENTATION_RELATIONSHIP()
);
#68=(
REPRESENTATION_RELATIONSHIP($,$,#2911,#2905)
REPRESENTATION_RELATIONSHIP_WITH_TRANSFORMATION(#44)
SHAPE_REPRESENTATION_RELATIONSHIP()
);
#69=(
REPRESENTATION_RELATIONSHIP($,$,#2911,#2905)
REPRESENTATION_RELATIONSHIP_WITH_TRANSFORMATION(#45)
SHAPE_REPRESENTATION_RELATIONSHIP()
);
#70=(
REPRESENTATION_RELATIONSHIP($,$,#2911,#2905)
REPRESENTATION_RELATIONSHIP_WITH_TRANSFORMATION(#46)
SHAPE_REPRESENTATION_RELATIONSHIP()
);
#71=(
REPRESENTATION_RELATIONSHIP($,$,#2911,#2905)
REPRESENTATION_RELATIONSHIP_WITH_TRANSFORMATION(#47)
SHAPE_REPRESENTATION_RELATIONSHIP()
);
#72=CONTEXT_DEPENDENT_SHAPE_REPRESENTATION(#48,#2877);
#73=CONTEXT_DEPENDENT_SHAPE_REPRESENTATION(#49,#2880);
#74=CONTEXT_DEPENDENT_SHAPE_REPRESENTATION(#50,#2883);
#75=CONTEXT_DEPENDENT_SHAPE_REPRESENTATION(#51,#2884);
#76=CONTEXT_DEPENDENT_SHAPE_REPRESENTATION(#52,#2885);
#77=CONTEXT_DEPENDENT_SHAPE_REPRESENTATION(#53,#2886);
#78=CONTEXT_DEPENDENT_SHAPE_REPRESENTATION(#54,#2887);
#79=CONTEXT_DEPENDENT_SHAPE_REPRESENTATION(#55,#2888);
#80=CONTEXT_DEPENDENT_SHAPE_REPRESENTATION(#56,#2889);
#81=CONTEXT_DEPENDENT_SHAPE_REPRESENTATION(#57,#2890);
#82=CONTEXT_DEPENDENT_SHAPE_REPRESENTATION(#58,#2891);
#83=CONTEXT_DEPENDENT_SHAPE_REPRESENTATION(#59,#2892);
#84=CONTEXT_DEPENDENT_SHAPE_REPRESENTATION(#60,#2893);
#85=CONTEXT_DEPENDENT_SHAPE_REPRESENTATION(#61,#2894);
#86=CONTEXT_DEPENDENT_SHAPE_REPRESENTATION(#62,#2895);
#87=CONTEXT_DEPENDENT_SHAPE_REPRESENTATION(#63,#2896);
#88=CONTEXT_DEPENDENT_SHAPE_REPRESENTATION(#64,#2897);
#89=CONTEXT_DEPENDENT_SHAPE_REPRESENTATION(#65,#2898);
#90=CONTEXT_DEPENDENT_SHAPE_REPRESENTATION(#66,#2899);
#91=CONTEXT_DEPENDENT_SHAPE_REPRESENTATION(#67,#2900);
#92=CONTEXT_DEPENDENT_SHAPE_REPRESENTATION(#68,#2901);
#93=CONTEXT_DEPENDENT_SHAPE_REPRESENTATION(#69,#2902);
#94=CONTEXT_DEPENDENT_SHAPE_REPRESENTATION(#70,#2903);
#95=CONTEXT_DEPENDENT_SHAPE_REPRESENTATION(#71,#2904);
#96=NEXT_ASSEMBLY_USAGE_OCCURRENCE('Part3_A_X:1','Part3_A_X:1',
'Part3_A_X:1',#2914,#2915,'Part3_A_X:1');
#97=NEXT_ASSEMBLY_USAGE_OCCURRENCE('Part3_A_Y:1','Part3_A_Y:1',
'Part3_A_Y:1',#2916,#2917,'Part3_A_Y:1');
#98=NEXT_ASSEMBLY_USAGE_OCCURRENCE('Assembly_X2:1','Assembly_X2:1',
'Assembly_X2:1',#2913,#2914,'Assembly_X2:1');
#99=NEXT_ASSEMBLY_USAGE_OCCURRENCE('Assembly_Y2:1','Assembly_Y2:1',
'Assembly_Y2:1',#2913,#2916,'Assembly_Y2:1');
#100=NEXT_ASSEMBLY_USAGE_OCCURRENCE('Assembly_X2:2','Assembly_X2:2',
'Assembly_X2:2',#2913,#2914,'Assembly_X2:2');
#101=NEXT_ASSEMBLY_USAGE_OCCURRENCE('Assembly_Y2:2','Assembly_Y2:2',
'Assembly_Y2:2',#2913,#2916,'Assembly_Y2:2');
#102=NEXT_ASSEMBLY_USAGE_OCCURRENCE('Plate:1','Plate:1','Plate:1',#2913,
#2918,'Plate:1');
#103=NEXT_ASSEMBLY_USAGE_OCCURRENCE('Plate:2','Plate:2','Plate:2',#2913,
#2918,'Plate:2');
#104=NEXT_ASSEMBLY_USAGE_OCCURRENCE('Plate:3','Plate:3','Plate:3',#2913,
#2918,'Plate:3');
#105=NEXT_ASSEMBLY_USAGE_OCCURRENCE('Plate:4','Plate:4','Plate:4',#2913,
#2918,'Plate:4');
#106=NEXT_ASSEMBLY_USAGE_OCCURRENCE('Plate:5','Plate:5','Plate:5',#2913,
#2918,'Plate:5');
#107=NEXT_ASSEMBLY_USAGE_OCCURRENCE('Plate:6','Plate:6','Plate:6',#2913,
#2918,'Plate:6');
#108=NEXT_ASSEMBLY_USAGE_OCCURRENCE(
'JIS B 1176 - \X2\30E130FC30C830EB\X0\ M4 x 6:1',
'JIS B 1176 - \X2\30E130FC30C830EB\X0\ M4 x 6:1',
'JIS B 1176 - \X2\30E130FC30C830EB\X0\ M4 x 6:1',#2913,#2919,
'JIS B 1176 - \X2\30E130FC30C830EB\X0\ M4 x 6:1');
#109=NEXT_ASSEMBLY_USAGE_OCCURRENCE(
'JIS B 1176 - \X2\30E130FC30C830EB\X0\ M4 x 6:2',
'JIS B 1176 - \X2\30E130FC30C830EB\X0\ M4 x 6:2',
'JIS B 1176 - \X2\30E130FC30C830EB\X0\ M4 x 6:2',#2913,#2919,
'JIS B 1176 - \X2\30E130FC30C830EB\X0\ M4 x 6:2');
#110=NEXT_ASSEMBLY_USAGE_OCCURRENCE(
'JIS B 1176 - \X2\30E130FC30C830EB\X0\ M4 x 6:3',
'JIS B 1176 - \X2\30E130FC30C830EB\X0\ M4 x 6:3',
'JIS B 1176 - \X2\30E130FC30C830EB\X0\ M4 x 6:3',#2913,#2919,
'JIS B 1176 - \X2\30E130FC30C830EB\X0\ M4 x 6:3');
#111=NEXT_ASSEMBLY_USAGE_OCCURRENCE(
'JIS B 1176 - \X2\30E130FC30C830EB\X0\ M4 x 6:4',
'JIS B 1176 - \X2\30E130FC30C830EB\X0\ M4 x 6:4',
'JIS B 1176 - \X2\30E130FC30C830EB\X0\ M4 x 6:4',#2913,#2919,
'JIS B 1176 - \X2\30E130FC30C830EB\X0\ M4 x 6:4');
#112=NEXT_ASSEMBLY_USAGE_OCCURRENCE(
'JIS B 1176 - \X2\30E130FC30C830EB\X0\ M4 x 6:5',
'JIS B 1176 - \X2\30E130FC30C830EB\X0\ M4 x 6:5',
'JIS B 1176 - \X2\30E130FC30C830EB\X0\ M4 x 6:5',#2913,#2919,
'JIS B 1176 - \X2\30E130FC30C830EB\X0\ M4 x 6:5');
#113=NEXT_ASSEMBLY_USAGE_OCCURRENCE(
'JIS B 1176 - \X2\30E130FC30C830EB\X0\ M4 x 6:6',
'JIS B 1176 - \X2\30E130FC30C830EB\X0\ M4 x 6:6',
'JIS B 1176 - \X2\30E130FC30C830EB\X0\ M4 x 6:6',#2913,#2919,
'JIS B 1176 - \X2\30E130FC30C830EB\X0\ M4 x 6:6');
#114=NEXT_ASSEMBLY_USAGE_OCCURRENCE(
'JIS B 1176 - \X2\30E130FC30C830EB\X0\ M4 x 6:7',
'JIS B 1176 - \X2\30E130FC30C830EB\X0\ M4 x 6:7',
'JIS B 1176 - \X2\30E130FC30C830EB\X0\ M4 x 6:7',#2913,#2919,
'JIS B 1176 - \X2\30E130FC30C830EB\X0\ M4 x 6:7');
#115=NEXT_ASSEMBLY_USAGE_OCCURRENCE(
'JIS B 1176 - \X2\30E130FC30C830EB\X0\ M4 x 6:8',
'JIS B 1176 - \X2\30E130FC30C830EB\X0\ M4 x 6:8',
'JIS B 1176 - \X2\30E130FC30C830EB\X0\ M4 x 6:8',#2913,#2919,
'JIS B 1176 - \X2\30E130FC30C830EB\X0\ M4 x 6:8');
#116=NEXT_ASSEMBLY_USAGE_OCCURRENCE(
'JIS B 1176 - \X2\30E130FC30C830EB\X0\ M4 x 6:9',
'JIS B 1176 - \X2\30E130FC30C830EB\X0\ M4 x 6:9',
'JIS B 1176 - \X2\30E130FC30C830EB\X0\ M4 x 6:9',#2913,#2919,
'JIS B 1176 - \X2\30E130FC30C830EB\X0\ M4 x 6:9');
#117=NEXT_ASSEMBLY_USAGE_OCCURRENCE(
'JIS B 1176 - \X2\30E130FC30C830EB\X0\ M4 x 6:10',
'JIS B 1176 - \X2\30E130FC30C830EB\X0\ M4 x 6:10',
'JIS B 1176 - \X2\30E130FC30C830EB\X0\ M4 x 6:10',#2913,#2919,
'JIS B 1176 - \X2\30E130FC30C830EB\X0\ M4 x 6:10');
#118=NEXT_ASSEMBLY_USAGE_OCCURRENCE(
'JIS B 1176 - \X2\30E130FC30C830EB\X0\ M4 x 6:11',
'JIS B 1176 - \X2\30E130FC30C830EB\X0\ M4 x 6:11',
'JIS B 1176 - \X2\30E130FC30C830EB\X0\ M4 x 6:11',#2913,#2919,
'JIS B 1176 - \X2\30E130FC30C830EB\X0\ M4 x 6:11');
#119=NEXT_ASSEMBLY_USAGE_OCCURRENCE(
'JIS B 1176 - \X2\30E130FC30C830EB\X0\ M4 x 6:12',
'JIS B 1176 - \X2\30E130FC30C830EB\X0\ M4 x 6:12',
'JIS B 1176 - \X2\30E130FC30C830EB\X0\ M4 x 6:12',#2913,#2919,
'JIS B 1176 - \X2\30E130FC30C830EB\X0\ M4 x 6:12');
#120=SHAPE_REPRESENTATION_RELATIONSHIP('SRR','None',#2907,#124);
#121=SHAPE_REPRESENTATION_RELATIONSHIP('SRR','None',#2909,#125);
#122=SHAPE_REPRESENTATION_RELATIONSHIP('SRR','None',#2910,#126);
#123=SHAPE_REPRESENTATION_RELATIONSHIP('SRR','None',#2911,#127);
#124=ADVANCED_BREP_SHAPE_REPRESENTATION('',(#132),#2857);
#125=ADVANCED_BREP_SHAPE_REPRESENTATION('',(#133),#2859);
#126=ADVANCED_BREP_SHAPE_REPRESENTATION('',(#134),#2860);
#127=ADVANCED_BREP_SHAPE_REPRESENTATION('',(#135),#2861);
#128=STYLED_ITEM('',(#1478),#132);
#129=STYLED_ITEM('',(#1478),#133);
#130=STYLED_ITEM('',(#1478),#134);
#131=STYLED_ITEM('',(#1478),#135);
#132=MANIFOLD_SOLID_BREP('\X2\30BD30EA30C330C9\X0\1',#1426);
#133=MANIFOLD_SOLID_BREP('\X2\30BD30EA30C330C9\X0\1',#1427);
#134=MANIFOLD_SOLID_BREP('\X2\30BD30EA30C330C9\X0\1',#1428);
#135=MANIFOLD_SOLID_BREP('Solid1',#1429);
#136=FACE_BOUND('',#276,.T.);
#137=FACE_BOUND('',#280,.T.);
#138=FACE_BOUND('',#284,.T.);
#139=FACE_BOUND('',#288,.T.);
#140=FACE_BOUND('',#293,.T.);
#141=FACE_BOUND('',#297,.T.);
#142=FACE_BOUND('',#298,.T.);
#143=FACE_BOUND('',#299,.T.);
#144=FACE_BOUND('',#300,.T.);
#145=FACE_BOUND('',#306,.T.);
#146=FACE_BOUND('',#313,.T.);
#147=FACE_BOUND('',#317,.T.);
#148=FACE_BOUND('',#326,.T.);
#149=FACE_BOUND('',#327,.T.);
#150=FACE_BOUND('',#331,.T.);
#151=FACE_BOUND('',#337,.T.);
#152=FACE_BOUND('',#338,.T.);
#153=FACE_BOUND('',#339,.T.);
#154=FACE_BOUND('',#341,.T.);
#155=FACE_BOUND('',#342,.T.);
#156=FACE_BOUND('',#345,.T.);
#157=FACE_BOUND('',#346,.T.);
#158=FACE_BOUND('',#355,.T.);
#159=FACE_BOUND('',#360,.T.);
#160=PLANE('',#1534);
#161=PLANE('',#1536);
#162=PLANE('',#1539);
#163=PLANE('',#1541);
#164=PLANE('',#1545);
#165=PLANE('',#1547);
#166=PLANE('',#1551);
#167=PLANE('',#1553);
#168=PLANE('',#1555);
#169=PLANE('',#1557);
#170=PLANE('',#1561);
#171=PLANE('',#1566);
#172=PLANE('',#1569);
#173=PLANE('',#1570);
#174=PLANE('',#1571);
#175=PLANE('',#1572);
#176=PLANE('',#1573);
#177=PLANE('',#1574);
#178=PLANE('',#1580);
#179=PLANE('',#1582);
#180=PLANE('',#1586);
#181=PLANE('',#1588);
#182=PLANE('',#1597);
#183=PLANE('',#1605);
#184=PLANE('',#1606);
#185=PLANE('',#1607);
#186=PLANE('',#1608);
#187=PLANE('',#1609);
#188=PLANE('',#1610);
#189=PLANE('',#1611);
#190=PLANE('',#1614);
#191=PLANE('',#1621);
#192=PLANE('',#1628);
#193=PLANE('',#1629);
#194=PLANE('',#1639);
#195=PLANE('',#1643);
#196=PLANE('',#1649);
#197=PLANE('',#1651);
#198=PLANE('',#1652);
#199=PLANE('',#1653);
#200=PLANE('',#1654);
#201=PLANE('',#1655);
#202=PLANE('',#1656);
#203=FACE_OUTER_BOUND('',#274,.T.);
#204=FACE_OUTER_BOUND('',#275,.T.);
#205=FACE_OUTER_BOUND('',#277,.T.);
#206=FACE_OUTER_BOUND('',#278,.T.);
#207=FACE_OUTER_BOUND('',#279,.T.);
#208=FACE_OUTER_BOUND('',#281,.T.);
#209=FACE_OUTER_BOUND('',#282,.T.);
#210=FACE_OUTER_BOUND('',#283,.T.);
#211=FACE_OUTER_BOUND('',#285,.T.);
#212=FACE_OUTER_BOUND('',#286,.T.);
#213=FACE_OUTER_BOUND('',#287,.T.);
#214=FACE_OUTER_BOUND('',#289,.T.);
#215=FACE_OUTER_BOUND('',#290,.T.);
#216=FACE_OUTER_BOUND('',#291,.T.);
#217=FACE_OUTER_BOUND('',#292,.T.);
#218=FACE_OUTER_BOUND('',#294,.T.);
#219=FACE_OUTER_BOUND('',#295,.T.);
#220=FACE_OUTER_BOUND('',#296,.T.);
#221=FACE_OUTER_BOUND('',#301,.T.);
#222=FACE_OUTER_BOUND('',#302,.T.);
#223=FACE_OUTER_BOUND('',#303,.T.);
#224=FACE_OUTER_BOUND('',#304,.T.);
#225=FACE_OUTER_BOUND('',#305,.T.);
#226=FACE_OUTER_BOUND('',#307,.T.);
#227=FACE_OUTER_BOUND('',#308,.T.);
#228=FACE_OUTER_BOUND('',#309,.T.);
#229=FACE_OUTER_BOUND('',#310,.T.);
#230=FACE_OUTER_BOUND('',#311,.T.);
#231=FACE_OUTER_BOUND('',#312,.T.);
#232=FACE_OUTER_BOUND('',#314,.T.);
#233=FACE_OUTER_BOUND('',#315,.T.);
#234=FACE_OUTER_BOUND('',#316,.T.);
#235=FACE_OUTER_BOUND('',#318,.T.);
#236=FACE_OUTER_BOUND('',#319,.T.);
#237=FACE_OUTER_BOUND('',#320,.T.);
#238=FACE_OUTER_BOUND('',#321,.T.);
#239=FACE_OUTER_BOUND('',#322,.T.);
#240=FACE_OUTER_BOUND('',#323,.T.);
#241=FACE_OUTER_BOUND('',#324,.T.);
#242=FACE_OUTER_BOUND('',#325,.T.);
#243=FACE_OUTER_BOUND('',#328,.T.);
#244=FACE_OUTER_BOUND('',#329,.T.);
#245=FACE_OUTER_BOUND('',#330,.T.);
#246=FACE_OUTER_BOUND('',#332,.T.);
#247=FACE_OUTER_BOUND('',#333,.T.);
#248=FACE_OUTER_BOUND('',#334,.T.);
#249=FACE_OUTER_BOUND('',#335,.T.);
#250=FACE_OUTER_BOUND('',#336,.T.);
#251=FACE_OUTER_BOUND('',#340,.T.);
#252=FACE_OUTER_BOUND('',#343,.T.);
#253=FACE_OUTER_BOUND('',#344,.T.);
#254=FACE_OUTER_BOUND('',#347,.T.);
#255=FACE_OUTER_BOUND('',#348,.T.);
#256=FACE_OUTER_BOUND('',#349,.T.);
#257=FACE_OUTER_BOUND('',#350,.T.);
#258=FACE_OUTER_BOUND('',#351,.T.);
#259=FACE_OUTER_BOUND('',#352,.T.);
#260=FACE_OUTER_BOUND('',#353,.T.);
#261=FACE_OUTER_BOUND('',#354,.T.);
#262=FACE_OUTER_BOUND('',#356,.T.);
#263=FACE_OUTER_BOUND('',#357,.T.);
#264=FACE_OUTER_BOUND('',#358,.T.);
#265=FACE_OUTER_BOUND('',#359,.T.);
#266=FACE_OUTER_BOUND('',#361,.T.);
#267=FACE_OUTER_BOUND('',#362,.T.);
#268=FACE_OUTER_BOUND('',#363,.T.);
#269=FACE_OUTER_BOUND('',#364,.T.);
#270=FACE_OUTER_BOUND('',#365,.T.);
#271=FACE_OUTER_BOUND('',#366,.T.);
#272=FACE_OUTER_BOUND('',#367,.T.);
#273=FACE_OUTER_BOUND('',#368,.T.);
#274=EDGE_LOOP('',(#965,#966,#967,#968));
#275=EDGE_LOOP('',(#969,#970,#971,#972,#973));
#276=EDGE_LOOP('',(#974));
#277=EDGE_LOOP('',(#975,#976,#977,#978));
#278=EDGE_LOOP('',(#979,#980,#981,#982));
#279=EDGE_LOOP('',(#983,#984,#985,#986,#987));
#280=EDGE_LOOP('',(#988));
#281=EDGE_LOOP('',(#989,#990,#991));
#282=EDGE_LOOP('',(#992,#993,#994,#995));
#283=EDGE_LOOP('',(#996,#997,#998,#999,#1000));
#284=EDGE_LOOP('',(#1001));
#285=EDGE_LOOP('',(#1002,#1003,#1004));
#286=EDGE_LOOP('',(#1005,#1006,#1007,#1008));
#287=EDGE_LOOP('',(#1009,#1010,#1011,#1012,#1013));
#288=EDGE_LOOP('',(#1014));
#289=EDGE_LOOP('',(#1015,#1016,#1017,#1018));
#290=EDGE_LOOP('',(#1019,#1020,#1021,#1022,#1023));
#291=EDGE_LOOP('',(#1024,#1025,#1026));
#292=EDGE_LOOP('',(#1027,#1028,#1029,#1030,#1031,#1032));
#293=EDGE_LOOP('',(#1033,#1034,#1035,#1036));
#294=EDGE_LOOP('',(#1037,#1038,#1039,#1040,#1041));
#295=EDGE_LOOP('',(#1042,#1043,#1044,#1045));
#296=EDGE_LOOP('',(#1046,#1047,#1048,#1049,#1050,#1051,#1052,#1053,#1054,
#1055,#1056,#1057,#1058,#1059,#1060,#1061,#1062,#1063,#1064,#1065,#1066,
#1067));
#297=EDGE_LOOP('',(#1068,#1069));
#298=EDGE_LOOP('',(#1070,#1071));
#299=EDGE_LOOP('',(#1072,#1073));
#300=EDGE_LOOP('',(#1074,#1075));
#301=EDGE_LOOP('',(#1076,#1077,#1078,#1079));
#302=EDGE_LOOP('',(#1080,#1081,#1082,#1083,#1084));
#303=EDGE_LOOP('',(#1085,#1086,#1087,#1088,#1089));
#304=EDGE_LOOP('',(#1090,#1091,#1092));
#305=EDGE_LOOP('',(#1093,#1094,#1095,#1096,#1097,#1098));
#306=EDGE_LOOP('',(#1099,#1100,#1101,#1102));
#307=EDGE_LOOP('',(#1103,#1104,#1105,#1106));
#308=EDGE_LOOP('',(#1107,#1108,#1109,#1110));
#309=EDGE_LOOP('',(#1111,#1112,#1113,#1114));
#310=EDGE_LOOP('',(#1115,#1116,#1117,#1118));
#311=EDGE_LOOP('',(#1119,#1120,#1121,#1122));
#312=EDGE_LOOP('',(#1123,#1124,#1125,#1126,#1127));
#313=EDGE_LOOP('',(#1128));
#314=EDGE_LOOP('',(#1129,#1130,#1131));
#315=EDGE_LOOP('',(#1132,#1133,#1134,#1135));
#316=EDGE_LOOP('',(#1136,#1137,#1138,#1139,#1140));
#317=EDGE_LOOP('',(#1141));
#318=EDGE_LOOP('',(#1142,#1143,#1144,#1145));
#319=EDGE_LOOP('',(#1146,#1147,#1148));
#320=EDGE_LOOP('',(#1149,#1150,#1151,#1152));
#321=EDGE_LOOP('',(#1153,#1154,#1155));
#322=EDGE_LOOP('',(#1156,#1157,#1158,#1159));
#323=EDGE_LOOP('',(#1160,#1161,#1162,#1163));
#324=EDGE_LOOP('',(#1164,#1165,#1166,#1167,#1168));
#325=EDGE_LOOP('',(#1169,#1170,#1171,#1172,#1173,#1174,#1175,#1176,#1177,
#1178,#1179,#1180,#1181));
#326=EDGE_LOOP('',(#1182,#1183));
#327=EDGE_LOOP('',(#1184,#1185));
#328=EDGE_LOOP('',(#1186,#1187,#1188,#1189,#1190));
#329=EDGE_LOOP('',(#1191,#1192,#1193));
#330=EDGE_LOOP('',(#1194,#1195,#1196,#1197,#1198,#1199));
#331=EDGE_LOOP('',(#1200,#1201,#1202,#1203));
#332=EDGE_LOOP('',(#1204,#1205,#1206,#1207));
#333=EDGE_LOOP('',(#1208,#1209,#1210,#1211));
#334=EDGE_LOOP('',(#1212,#1213,#1214,#1215));
#335=EDGE_LOOP('',(#1216,#1217,#1218,#1219));
#336=EDGE_LOOP('',(#1220));
#337=EDGE_LOOP('',(#1221));
#338=EDGE_LOOP('',(#1222));
#339=EDGE_LOOP('',(#1223,#1224,#1225,#1226));
#340=EDGE_LOOP('',(#1227,#1228,#1229,#1230));
#341=EDGE_LOOP('',(#1231));
#342=EDGE_LOOP('',(#1232));
#343=EDGE_LOOP('',(#1233,#1234,#1235,#1236));
#344=EDGE_LOOP('',(#1237,#1238,#1239,#1240));
#345=EDGE_LOOP('',(#1241));
#346=EDGE_LOOP('',(#1242));
#347=EDGE_LOOP('',(#1243,#1244,#1245,#1246));
#348=EDGE_LOOP('',(#1247,#1248,#1249,#1250));
#349=EDGE_LOOP('',(#1251,#1252,#1253,#1254));
#350=EDGE_LOOP('',(#1255,#1256,#1257,#1258));
#351=EDGE_LOOP('',(#1259,#1260,#1261,#1262));
#352=EDGE_LOOP('',(#1263,#1264,#1265,#1266,#1267));
#353=EDGE_LOOP('',(#1268,#1269,#1270,#1271,#1272,#1273));
#354=EDGE_LOOP('',(#1274));
#355=EDGE_LOOP('',(#1275));
#356=EDGE_LOOP('',(#1276,#1277,#1278,#1279,#1280));
#357=EDGE_LOOP('',(#1281));
#358=EDGE_LOOP('',(#1282,#1283,#1284,#1285,#1286));
#359=EDGE_LOOP('',(#1287));
#360=EDGE_LOOP('',(#1288,#1289,#1290,#1291,#1292,#1293));
#361=EDGE_LOOP('',(#1294,#1295,#1296,#1297,#1298));
#362=EDGE_LOOP('',(#1299,#1300,#1301,#1302));
#363=EDGE_LOOP('',(#1303,#1304,#1305,#1306));
#364=EDGE_LOOP('',(#1307,#1308,#1309,#1310));
#365=EDGE_LOOP('',(#1311,#1312,#1313,#1314));
#366=EDGE_LOOP('',(#1315,#1316,#1317,#1318,#1319));
#367=EDGE_LOOP('',(#1320,#1321,#1322,#1323));
#368=EDGE_LOOP('',(#1324,#1325,#1326,#1327,#1328,#1329,#1330,#1331,#1332));
#369=B_SPLINE_CURVE_WITH_KNOTS('',3,(#2102,#2103,#2104,#2105,#2106,#2107,
#2108,#2109,#2110,#2111,#2112,#2113,#2114,#2115),.UNSPECIFIED.,.F.,.F.,
(4,2,2,2,2,2,4),(2.24336804840954,2.25318936887886,2.68151998313688,2.87279142025967,
3.06406285738245,3.190827749896,3.31759264240955),.UNSPECIFIED.);
#370=B_SPLINE_CURVE_WITH_KNOTS('',3,(#2138,#2139,#2140,#2141,#2142,#2143,
#2144,#2145,#2146,#2147,#2148,#2149,#2150,#2151),.UNSPECIFIED.,.F.,.F.,
(4,2,2,2,2,2,4),(3.31759264240955,3.4443575349231,3.57112242743665,3.76239386455944,
3.95366530168223,4.38199591594025,4.39181723640886),.UNSPECIFIED.);
#371=B_SPLINE_CURVE_WITH_KNOTS('',3,(#2172,#2173,#2174,#2175,#2176,#2177,
#2178,#2179,#2180,#2181,#2182,#2183,#2184,#2185),.UNSPECIFIED.,.F.,.F.,
(4,2,2,2,2,2,4),(3.31759264240955,3.4443575349231,3.57112242743665,3.76239386455944,
3.95366530168223,4.38199591594025,4.39181723640886),.UNSPECIFIED.);
#372=B_SPLINE_CURVE_WITH_KNOTS('',3,(#2206,#2207,#2208,#2209,#2210,#2211,
#2212,#2213,#2214,#2215,#2216,#2217,#2218,#2219),.UNSPECIFIED.,.F.,.F.,
(4,2,2,2,2,2,4),(2.24336804840954,2.25318936887886,2.68151998313688,2.87279142025966,
3.06406285738245,3.190827749896,3.31759264240955),.UNSPECIFIED.);
#373=B_SPLINE_CURVE_WITH_KNOTS('',3,(#2239,#2240,#2241,#2242,#2243,#2244,
#2245,#2246,#2247,#2248,#2249,#2250,#2251,#2252,#2253,#2254,#2255,#2256,
#2257,#2258,#2259,#2260),.UNSPECIFIED.,.F.,.F.,(4,2,2,2,2,2,2,2,2,2,4),
(0.74593685633395,0.768719376177931,0.791501896021912,0.868800972706823,
1.00496824918838,1.14113552566993,1.25715275290454,1.37316998013916,1.43252184640353,
1.46219777953571,1.4918737126679),.UNSPECIFIED.);
#374=B_SPLINE_CURVE_WITH_KNOTS('',3,(#2261,#2262,#2263,#2264,#2265,#2266,
#2267,#2268,#2269,#2270,#2271,#2272,#2273,#2274,#2275,#2276,#2277,#2278,
#2279,#2280,#2281,#2282),.UNSPECIFIED.,.F.,.F.,(4,2,2,2,2,2,2,2,2,2,4),
(1.4918737126679,1.52154964580009,1.55122557893227,1.61057744519664,1.72659467243126,
1.84261189966587,1.97877917614742,2.11494645262898,2.19224552931389,2.21502804915787,
2.23781056900185),.UNSPECIFIED.);
#375=B_SPLINE_CURVE_WITH_KNOTS('',3,(#2302,#2303,#2304,#2305,#2306,#2307,
#2308,#2309,#2310,#2311,#2312,#2313,#2314,#2315,#2316,#2317,#2318,#2319,
#2320,#2321,#2322,#2323),.UNSPECIFIED.,.F.,.F.,(4,2,2,2,2,2,2,2,2,2,4),
(0.745936856333951,0.768719376177932,0.791501896021912,0.868800972706824,
1.00496824918838,1.14113552566993,1.25715275290454,1.37316998013916,1.43252184640353,
1.46219777953571,1.4918737126679),.UNSPECIFIED.);
#376=B_SPLINE_CURVE_WITH_KNOTS('',3,(#2324,#2325,#2326,#2327,#2328,#2329,
#2330,#2331,#2332,#2333,#2334,#2335,#2336,#2337,#2338,#2339,#2340,#2341,
#2342,#2343,#2344,#2345),.UNSPECIFIED.,.F.,.F.,(4,2,2,2,2,2,2,2,2,2,4),
(1.4918737126679,1.52154964580009,1.55122557893227,1.61057744519665,1.72659467243126,
1.84261189966587,1.97877917614742,2.11494645262898,2.19224552931389,2.21502804915787,
2.23781056900185),.UNSPECIFIED.);
#377=B_SPLINE_CURVE_WITH_KNOTS('',3,(#2357,#2358,#2359,#2360,#2361,#2362,
#2363,#2364,#2365,#2366,#2367,#2368,#2369,#2370,#2371,#2372,#2373,#2374,
#2375,#2376,#2377,#2378),.UNSPECIFIED.,.F.,.F.,(4,2,2,2,2,2,2,2,2,2,4),
(0.,0.0227825198439813,0.0455650396879625,0.122864116372873,0.259031392854429,
0.395198669335984,0.511215896570595,0.627233123805206,0.686584990069578,
0.716260923201765,0.745936856333951),.UNSPECIFIED.);
#378=B_SPLINE_CURVE_WITH_KNOTS('',3,(#2379,#2380,#2381,#2382,#2383,#2384,
#2385,#2386,#2387,#2388,#2389,#2390,#2391,#2392,#2393,#2394,#2395,#2396,
#2397,#2398,#2399,#2400),.UNSPECIFIED.,.F.,.F.,(4,2,2,2,2,2,2,2,2,2,4),
(0.745936856333951,0.775612789466137,0.805288722598323,0.864640588862696,
0.980657816097307,1.09667504333192,1.23284231981347,1.36900959629503,1.44630867297994,
1.46909119282392,1.4918737126679),.UNSPECIFIED.);
#379=B_SPLINE_CURVE_WITH_KNOTS('',3,(#2403,#2404,#2405,#2406,#2407,#2408,
#2409,#2410,#2411,#2412,#2413,#2414,#2415,#2416,#2417,#2418,#2419,#2420,
#2421,#2422,#2423,#2424),.UNSPECIFIED.,.F.,.F.,(4,2,2,2,2,2,2,2,2,2,4),
(0.,0.0227825198439813,0.0455650396879625,0.122864116372873,0.259031392854429,
0.395198669335984,0.511215896570595,0.627233123805206,0.686584990069578,
0.716260923201765,0.745936856333951),.UNSPECIFIED.);
#380=B_SPLINE_CURVE_WITH_KNOTS('',3,(#2425,#2426,#2427,#2428,#2429,#2430,
#2431,#2432,#2433,#2434,#2435,#2436,#2437,#2438,#2439,#2440,#2441,#2442,
#2443,#2444,#2445,#2446),.UNSPECIFIED.,.F.,.F.,(4,2,2,2,2,2,2,2,2,2,4),
(0.745936856333951,0.775612789466137,0.805288722598323,0.864640588862696,
0.980657816097307,1.09667504333192,1.23284231981347,1.36900959629503,1.44630867297994,
1.46909119282392,1.4918737126679),.UNSPECIFIED.);
#381=B_SPLINE_CURVE_WITH_KNOTS('',3,(#2481,#2482,#2483,#2484,#2485,#2486,
#2487,#2488,#2489,#2490,#2491,#2492,#2493,#2494),.UNSPECIFIED.,.F.,.F.,
(4,2,2,2,2,2,4),(3.31759264240955,3.4443575349231,3.57112242743665,3.76239386455944,
3.95366530168223,4.38199591594025,4.39181723640886),.UNSPECIFIED.);
#382=B_SPLINE_CURVE_WITH_KNOTS('',3,(#2515,#2516,#2517,#2518,#2519,#2520,
#2521,#2522,#2523,#2524,#2525,#2526,#2527,#2528),.UNSPECIFIED.,.F.,.F.,
(4,2,2,2,2,2,4),(2.24336804840954,2.25318936887886,2.68151998313688,2.87279142025966,
3.06406285738245,3.190827749896,3.31759264240955),.UNSPECIFIED.);
#383=B_SPLINE_CURVE_WITH_KNOTS('',3,(#2570,#2571,#2572,#2573,#2574,#2575,
#2576,#2577,#2578,#2579,#2580,#2581,#2582,#2583,#2584,#2585,#2586,#2587,
#2588,#2589,#2590,#2591),.UNSPECIFIED.,.F.,.F.,(4,2,2,2,2,2,2,2,2,2,4),
(0.,0.0227825198439813,0.0455650396879625,0.122864116372873,0.259031392854429,
0.395198669335984,0.511215896570595,0.627233123805206,0.686584990069578,
0.716260923201765,0.745936856333951),.UNSPECIFIED.);
#384=B_SPLINE_CURVE_WITH_KNOTS('',3,(#2592,#2593,#2594,#2595,#2596,#2597,
#2598,#2599,#2600,#2601,#2602,#2603,#2604,#2605,#2606,#2607,#2608,#2609,
#2610,#2611,#2612,#2613),.UNSPECIFIED.,.F.,.F.,(4,2,2,2,2,2,2,2,2,2,4),
(0.745936856333951,0.775612789466137,0.805288722598323,0.864640588862696,
0.980657816097307,1.09667504333192,1.23284231981347,1.36900959629503,1.44630867297994,
1.46909119282392,1.4918737126679),.UNSPECIFIED.);
#385=B_SPLINE_CURVE_WITH_KNOTS('',3,(#2623,#2624,#2625,#2626,#2627,#2628,
#2629,#2630,#2631,#2632,#2633,#2634,#2635,#2636,#2637,#2638,#2639,#2640,
#2641,#2642,#2643,#2644),.UNSPECIFIED.,.F.,.F.,(4,2,2,2,2,2,2,2,2,2,4),
(0.,0.0227825198439813,0.0455650396879625,0.122864116372873,0.259031392854429,
0.395198669335984,0.511215896570595,0.627233123805206,0.686584990069578,
0.716260923201765,0.745936856333951),.UNSPECIFIED.);
#386=B_SPLINE_CURVE_WITH_KNOTS('',3,(#2645,#2646,#2647,#2648,#2649,#2650,
#2651,#2652,#2653,#2654,#2655,#2656,#2657,#2658,#2659,#2660,#2661,#2662,
#2663,#2664,#2665,#2666),.UNSPECIFIED.,.F.,.F.,(4,2,2,2,2,2,2,2,2,2,4),
(0.745936856333951,0.775612789466137,0.805288722598323,0.864640588862696,
0.980657816097307,1.09667504333192,1.23284231981347,1.36900959629503,1.44630867297994,
1.46909119282392,1.4918737126679),.UNSPECIFIED.);
#387=LINE('',#2100,#497);
#388=LINE('',#2116,#498);
#389=LINE('',#2119,#499);
#390=LINE('',#2121,#500);
#391=LINE('',#2123,#501);
#392=LINE('',#2124,#502);
#393=LINE('',#2129,#503);
#394=LINE('',#2130,#504);
#395=LINE('',#2136,#505);
#396=LINE('',#2152,#506);
#397=LINE('',#2155,#507);
#398=LINE('',#2157,#508);
#399=LINE('',#2159,#509);
#400=LINE('',#2160,#510);
#401=LINE('',#2170,#511);
#402=LINE('',#2186,#512);
#403=LINE('',#2189,#513);
#404=LINE('',#2191,#514);
#405=LINE('',#2193,#515);
#406=LINE('',#2194,#516);
#407=LINE('',#2204,#517);
#408=LINE('',#2220,#518);
#409=LINE('',#2223,#519);
#410=LINE('',#2225,#520);
#411=LINE('',#2227,#521);
#412=LINE('',#2228,#522);
#413=LINE('',#2233,#523);
#414=LINE('',#2234,#524);
#415=LINE('',#2237,#525);
#416=LINE('',#2288,#526);
#417=LINE('',#2292,#527);
#418=LINE('',#2294,#528);
#419=LINE('',#2296,#529);
#420=LINE('',#2297,#530);
#421=LINE('',#2300,#531);
#422=LINE('',#2347,#532);
#423=LINE('',#2349,#533);
#424=LINE('',#2351,#534);
#425=LINE('',#2448,#535);
#426=LINE('',#2450,#536);
#427=LINE('',#2452,#537);
#428=LINE('',#2457,#538);
#429=LINE('',#2459,#539);
#430=LINE('',#2461,#540);
#431=LINE('',#2462,#541);
#432=LINE('',#2464,#542);
#433=LINE('',#2465,#543);
#434=LINE('',#2467,#544);
#435=LINE('',#2469,#545);
#436=LINE('',#2479,#546);
#437=LINE('',#2495,#547);
#438=LINE('',#2498,#548);
#439=LINE('',#2500,#549);
#440=LINE('',#2502,#550);
#441=LINE('',#2503,#551);
#442=LINE('',#2513,#552);
#443=LINE('',#2529,#553);
#444=LINE('',#2532,#554);
#445=LINE('',#2534,#555);
#446=LINE('',#2536,#556);
#447=LINE('',#2537,#557);
#448=LINE('',#2542,#558);
#449=LINE('',#2543,#559);
#450=LINE('',#2548,#560);
#451=LINE('',#2552,#561);
#452=LINE('',#2557,#562);
#453=LINE('',#2561,#563);
#454=LINE('',#2564,#564);
#455=LINE('',#2565,#565);
#456=LINE('',#2568,#566);
#457=LINE('',#2617,#567);
#458=LINE('',#2668,#568);
#459=LINE('',#2673,#569);
#460=LINE('',#2675,#570);
#461=LINE('',#2677,#571);
#462=LINE('',#2678,#572);
#463=LINE('',#2681,#573);
#464=LINE('',#2683,#574);
#465=LINE('',#2684,#575);
#466=LINE('',#2687,#576);
#467=LINE('',#2688,#577);
#468=LINE('',#2691,#578);
#469=LINE('',#2692,#579);
#470=LINE('',#2694,#580);
#471=LINE('',#2703,#581);
#472=LINE('',#2706,#582);
#473=LINE('',#2713,#583);
#474=LINE('',#2716,#584);
#475=LINE('',#2719,#585);
#476=LINE('',#2722,#586);
#477=LINE('',#2728,#587);
#478=LINE('',#2729,#588);
#479=LINE('',#2731,#589);
#480=LINE('',#2733,#590);
#481=LINE('',#2750,#591);
#482=LINE('',#2757,#592);
#483=LINE('',#2770,#593);
#484=LINE('',#2772,#594);
#485=LINE('',#2774,#595);
#486=LINE('',#2776,#596);
#487=LINE('',#2778,#597);
#488=LINE('',#2779,#598);
#489=LINE('',#2781,#599);
#490=LINE('',#2788,#600);
#491=LINE('',#2789,#601);
#492=LINE('',#2795,#602);
#493=LINE('',#2801,#603);
#494=LINE('',#2807,#604);
#495=LINE('',#2814,#605);
#496=LINE('',#2824,#606);
#497=VECTOR('',#1690,10.);
#498=VECTOR('',#1691,10.);
#499=VECTOR('',#1694,10.);
#500=VECTOR('',#1695,10.);
#501=VECTOR('',#1696,10.);
#502=VECTOR('',#1697,10.);
#503=VECTOR('',#1702,10.);
#504=VECTOR('',#1703,10.);
#505=VECTOR('',#1708,10.);
#506=VECTOR('',#1709,10.);
#507=VECTOR('',#1712,10.);
#508=VECTOR('',#1713,10.);
#509=VECTOR('',#1714,10.);
#510=VECTOR('',#1715,10.);
#511=VECTOR('',#1726,10.);
#512=VECTOR('',#1727,10.);
#513=VECTOR('',#1730,10.);
#514=VECTOR('',#1731,10.);
#515=VECTOR('',#1732,10.);
#516=VECTOR('',#1733,10.);
#517=VECTOR('',#1744,10.);
#518=VECTOR('',#1745,10.);
#519=VECTOR('',#1748,10.);
#520=VECTOR('',#1749,10.);
#521=VECTOR('',#1750,10.);
#522=VECTOR('',#1751,10.);
#523=VECTOR('',#1756,10.);
#524=VECTOR('',#1757,10.);
#525=VECTOR('',#1760,1.621);
#526=VECTOR('',#1769,10.);
#527=VECTOR('',#1772,10.);
#528=VECTOR('',#1773,10.);
#529=VECTOR('',#1774,10.);
#530=VECTOR('',#1775,10.);
#531=VECTOR('',#1778,1.621);
#532=VECTOR('',#1781,10.);
#533=VECTOR('',#1784,28.25);
#534=VECTOR('',#1785,10.);
#535=VECTOR('',#1794,10.);
#536=VECTOR('',#1797,1.621);
#537=VECTOR('',#1800,1.621);
#538=VECTOR('',#1805,10.);
#539=VECTOR('',#1806,10.);
#540=VECTOR('',#1807,10.);
#541=VECTOR('',#1808,10.);
#542=VECTOR('',#1811,10.);
#543=VECTOR('',#1812,10.);
#544=VECTOR('',#1815,10.);
#545=VECTOR('',#1818,10.);
#546=VECTOR('',#1831,10.);
#547=VECTOR('',#1832,10.);
#548=VECTOR('',#1835,10.);
#549=VECTOR('',#1836,10.);
#550=VECTOR('',#1837,10.);
#551=VECTOR('',#1838,10.);
#552=VECTOR('',#1849,10.);
#553=VECTOR('',#1850,10.);
#554=VECTOR('',#1853,10.);
#555=VECTOR('',#1854,10.);
#556=VECTOR('',#1855,10.);
#557=VECTOR('',#1856,10.);
#558=VECTOR('',#1861,10.);
#559=VECTOR('',#1862,10.);
#560=VECTOR('',#1867,1.22925);
#561=VECTOR('',#1872,2.4585);
#562=VECTOR('',#1877,1.22925);
#563=VECTOR('',#1882,2.4585);
#564=VECTOR('',#1885,10.);
#565=VECTOR('',#1886,10.);
#566=VECTOR('',#1889,1.621);
#567=VECTOR('',#1894,28.25);
#568=VECTOR('',#1903,1.621);
#569=VECTOR('',#1908,10.);
#570=VECTOR('',#1909,10.);
#571=VECTOR('',#1910,10.);
#572=VECTOR('',#1911,10.);
#573=VECTOR('',#1914,10.);
#574=VECTOR('',#1915,10.);
#575=VECTOR('',#1916,10.);
#576=VECTOR('',#1919,10.);
#577=VECTOR('',#1920,10.);
#578=VECTOR('',#1923,10.);
#579=VECTOR('',#1924,10.);
#580=VECTOR('',#1927,10.);
#581=VECTOR('',#1938,10.);
#582=VECTOR('',#1941,10.);
#583=VECTOR('',#1948,10.);
#584=VECTOR('',#1951,10.);
#585=VECTOR('',#1954,10.);
#586=VECTOR('',#1957,10.);
#587=VECTOR('',#1964,10.);
#588=VECTOR('',#1965,10.);
#589=VECTOR('',#1968,2.25);
#590=VECTOR('',#1971,2.25);
#591=VECTOR('',#1994,2.);
#592=VECTOR('',#2003,1.7852925);
#593=VECTOR('',#2018,10.);
#594=VECTOR('',#2019,10.);
#595=VECTOR('',#2020,10.);
#596=VECTOR('',#2021,10.);
#597=VECTOR('',#2022,10.);
#598=VECTOR('',#2023,10.);
#599=VECTOR('',#2026,3.5);
#600=VECTOR('',#2029,10.);
#601=VECTOR('',#2030,10.);
#602=VECTOR('',#2033,10.);
#603=VECTOR('',#2036,10.);
#604=VECTOR('',#2039,10.);
#605=VECTOR('',#2042,10.);
#606=VECTOR('',#2047,0.866025403784439);
#607=CIRCLE('',#1533,5.);
#608=CIRCLE('',#1535,1.621);
#609=CIRCLE('',#1538,5.);
#610=CIRCLE('',#1540,1.621);
#611=CIRCLE('',#1542,28.25);
#612=CIRCLE('',#1544,5.);
#613=CIRCLE('',#1546,1.621);
#614=CIRCLE('',#1548,28.25);
#615=CIRCLE('',#1550,5.);
#616=CIRCLE('',#1552,1.621);
#617=CIRCLE('',#1556,28.25);
#618=CIRCLE('',#1558,28.25);
#619=CIRCLE('',#1559,28.25);
#620=CIRCLE('',#1563,28.25);
#621=CIRCLE('',#1564,28.25);
#622=CIRCLE('',#1565,28.25);
#623=CIRCLE('',#1579,5.);
#624=CIRCLE('',#1581,1.621);
#625=CIRCLE('',#1583,28.25);
#626=CIRCLE('',#1585,5.);
#627=CIRCLE('',#1587,1.621);
#628=CIRCLE('',#1590,2.4585);
#629=CIRCLE('',#1592,2.4585);
#630=CIRCLE('',#1594,2.4585);
#631=CIRCLE('',#1596,2.4585);
#632=CIRCLE('',#1600,28.25);
#633=CIRCLE('',#1601,28.25);
#634=CIRCLE('',#1602,28.25);
#635=CIRCLE('',#1603,28.25);
#636=CIRCLE('',#1615,3.5);
#637=CIRCLE('',#1616,3.5);
#638=CIRCLE('',#1617,2.25);
#639=CIRCLE('',#1618,2.25);
#640=CIRCLE('',#1620,3.5);
#641=CIRCLE('',#1622,3.5);
#642=CIRCLE('',#1623,2.25);
#643=CIRCLE('',#1624,2.25);
#644=CIRCLE('',#1632,2.1);
#645=CIRCLE('',#1633,0.1);
#646=CIRCLE('',#1634,2.);
#647=CIRCLE('',#1635,2.);
#648=CIRCLE('',#1637,2.);
#649=CIRCLE('',#1638,2.);
#650=CIRCLE('',#1640,3.5);
#651=CIRCLE('',#1642,1.570585);
#652=CIRCLE('',#1645,3.5);
#653=CIRCLE('',#1646,3.5);
#654=CIRCLE('',#1647,0.4);
#655=CIRCLE('',#1648,3.1);
#656=VERTEX_POINT('',#2096);
#657=VERTEX_POINT('',#2097);
#658=VERTEX_POINT('',#2099);
#659=VERTEX_POINT('',#2101);
#660=VERTEX_POINT('',#2118);
#661=VERTEX_POINT('',#2120);
#662=VERTEX_POINT('',#2122);
#663=VERTEX_POINT('',#2125);
#664=VERTEX_POINT('',#2128);
#665=VERTEX_POINT('',#2132);
#666=VERTEX_POINT('',#2133);
#667=VERTEX_POINT('',#2135);
#668=VERTEX_POINT('',#2137);
#669=VERTEX_POINT('',#2154);
#670=VERTEX_POINT('',#2156);
#671=VERTEX_POINT('',#2158);
#672=VERTEX_POINT('',#2161);
#673=VERTEX_POINT('',#2166);
#674=VERTEX_POINT('',#2167);
#675=VERTEX_POINT('',#2169);
#676=VERTEX_POINT('',#2171);
#677=VERTEX_POINT('',#2188);
#678=VERTEX_POINT('',#2190);
#679=VERTEX_POINT('',#2192);
#680=VERTEX_POINT('',#2195);
#681=VERTEX_POINT('',#2200);
#682=VERTEX_POINT('',#2201);
#683=VERTEX_POINT('',#2203);
#684=VERTEX_POINT('',#2205);
#685=VERTEX_POINT('',#2222);
#686=VERTEX_POINT('',#2224);
#687=VERTEX_POINT('',#2226);
#688=VERTEX_POINT('',#2229);
#689=VERTEX_POINT('',#2232);
#690=VERTEX_POINT('',#2236);
#691=VERTEX_POINT('',#2238);
#692=VERTEX_POINT('',#2286);
#693=VERTEX_POINT('',#2290);
#694=VERTEX_POINT('',#2291);
#695=VERTEX_POINT('',#2293);
#696=VERTEX_POINT('',#2295);
#697=VERTEX_POINT('',#2299);
#698=VERTEX_POINT('',#2301);
#699=VERTEX_POINT('',#2350);
#700=VERTEX_POINT('',#2355);
#701=VERTEX_POINT('',#2356);
#702=VERTEX_POINT('',#2401);
#703=VERTEX_POINT('',#2402);
#704=VERTEX_POINT('',#2455);
#705=VERTEX_POINT('',#2456);
#706=VERTEX_POINT('',#2458);
#707=VERTEX_POINT('',#2460);
#708=VERTEX_POINT('',#2475);
#709=VERTEX_POINT('',#2476);
#710=VERTEX_POINT('',#2478);
#711=VERTEX_POINT('',#2480);
#712=VERTEX_POINT('',#2497);
#713=VERTEX_POINT('',#2499);
#714=VERTEX_POINT('',#2501);
#715=VERTEX_POINT('',#2504);
#716=VERTEX_POINT('',#2509);
#717=VERTEX_POINT('',#2510);
#718=VERTEX_POINT('',#2512);
#719=VERTEX_POINT('',#2514);
#720=VERTEX_POINT('',#2531);
#721=VERTEX_POINT('',#2533);
#722=VERTEX_POINT('',#2535);
#723=VERTEX_POINT('',#2538);
#724=VERTEX_POINT('',#2541);
#725=VERTEX_POINT('',#2545);
#726=VERTEX_POINT('',#2547);
#727=VERTEX_POINT('',#2550);
#728=VERTEX_POINT('',#2554);
#729=VERTEX_POINT('',#2556);
#730=VERTEX_POINT('',#2559);
#731=VERTEX_POINT('',#2563);
#732=VERTEX_POINT('',#2567);
#733=VERTEX_POINT('',#2569);
#734=VERTEX_POINT('',#2615);
#735=VERTEX_POINT('',#2621);
#736=VERTEX_POINT('',#2622);
#737=VERTEX_POINT('',#2671);
#738=VERTEX_POINT('',#2672);
#739=VERTEX_POINT('',#2674);
#740=VERTEX_POINT('',#2676);
#741=VERTEX_POINT('',#2680);
#742=VERTEX_POINT('',#2682);
#743=VERTEX_POINT('',#2686);
#744=VERTEX_POINT('',#2690);
#745=VERTEX_POINT('',#2699);
#746=VERTEX_POINT('',#2700);
#747=VERTEX_POINT('',#2702);
#748=VERTEX_POINT('',#2704);
#749=VERTEX_POINT('',#2707);
#750=VERTEX_POINT('',#2709);
#751=VERTEX_POINT('',#2712);
#752=VERTEX_POINT('',#2714);
#753=VERTEX_POINT('',#2718);
#754=VERTEX_POINT('',#2720);
#755=VERTEX_POINT('',#2723);
#756=VERTEX_POINT('',#2725);
#757=VERTEX_POINT('',#2738);
#758=VERTEX_POINT('',#2740);
#759=VERTEX_POINT('',#2742);
#760=VERTEX_POINT('',#2746);
#761=VERTEX_POINT('',#2747);
#762=VERTEX_POINT('',#2752);
#763=VERTEX_POINT('',#2755);
#764=VERTEX_POINT('',#2760);
#765=VERTEX_POINT('',#2761);
#766=VERTEX_POINT('',#2764);
#767=VERTEX_POINT('',#2768);
#768=VERTEX_POINT('',#2769);
#769=VERTEX_POINT('',#2771);
#770=VERTEX_POINT('',#2773);
#771=VERTEX_POINT('',#2775);
#772=VERTEX_POINT('',#2777);
#773=VERTEX_POINT('',#2783);
#774=VERTEX_POINT('',#2784);
#775=VERTEX_POINT('',#2791);
#776=VERTEX_POINT('',#2797);
#777=VERTEX_POINT('',#2803);
#778=VERTEX_POINT('',#2809);
#779=VERTEX_POINT('',#2813);
#780=VERTEX_POINT('',#2823);
#781=EDGE_CURVE('',#656,#657,#607,.T.);
#782=EDGE_CURVE('',#656,#658,#387,.T.);
#783=EDGE_CURVE('',#658,#659,#369,.T.);
#784=EDGE_CURVE('',#659,#657,#388,.T.);
#785=EDGE_CURVE('',#660,#657,#389,.T.);
#786=EDGE_CURVE('',#661,#660,#390,.T.);
#787=EDGE_CURVE('',#662,#661,#391,.T.);
#788=EDGE_CURVE('',#662,#656,#392,.T.);
#789=EDGE_CURVE('',#663,#663,#608,.T.);
#790=EDGE_CURVE('',#664,#659,#393,.T.);
#791=EDGE_CURVE('',#660,#664,#394,.T.);
#792=EDGE_CURVE('',#665,#666,#609,.T.);
#793=EDGE_CURVE('',#665,#667,#395,.T.);
#794=EDGE_CURVE('',#667,#668,#370,.T.);
#795=EDGE_CURVE('',#668,#666,#396,.T.);
#796=EDGE_CURVE('',#669,#666,#397,.T.);
#797=EDGE_CURVE('',#670,#669,#398,.T.);
#798=EDGE_CURVE('',#671,#670,#399,.T.);
#799=EDGE_CURVE('',#671,#665,#400,.T.);
#800=EDGE_CURVE('',#672,#672,#610,.T.);
#801=EDGE_CURVE('',#669,#668,#611,.T.);
#802=EDGE_CURVE('',#673,#674,#612,.T.);
#803=EDGE_CURVE('',#673,#675,#401,.T.);
#804=EDGE_CURVE('',#675,#676,#371,.T.);
#805=EDGE_CURVE('',#676,#674,#402,.T.);
#806=EDGE_CURVE('',#677,#674,#403,.T.);
#807=EDGE_CURVE('',#677,#678,#404,.T.);
#808=EDGE_CURVE('',#679,#678,#405,.T.);
#809=EDGE_CURVE('',#679,#673,#406,.T.);
#810=EDGE_CURVE('',#680,#680,#613,.T.);
#811=EDGE_CURVE('',#677,#676,#614,.T.);
#812=EDGE_CURVE('',#681,#682,#615,.T.);
#813=EDGE_CURVE('',#681,#683,#407,.T.);
#814=EDGE_CURVE('',#683,#684,#372,.T.);
#815=EDGE_CURVE('',#684,#682,#408,.T.);
#816=EDGE_CURVE('',#685,#682,#409,.T.);
#817=EDGE_CURVE('',#686,#685,#410,.T.);
#818=EDGE_CURVE('',#686,#687,#411,.T.);
#819=EDGE_CURVE('',#687,#681,#412,.T.);
#820=EDGE_CURVE('',#688,#688,#616,.T.);
#821=EDGE_CURVE('',#689,#684,#413,.T.);
#822=EDGE_CURVE('',#685,#689,#414,.T.);
#823=EDGE_CURVE('',#663,#690,#415,.T.);
#824=EDGE_CURVE('',#691,#690,#373,.T.);
#825=EDGE_CURVE('',#690,#691,#374,.T.);
#826=EDGE_CURVE('',#658,#662,#617,.T.);
#827=EDGE_CURVE('',#664,#692,#618,.T.);
#828=EDGE_CURVE('',#692,#679,#416,.T.);
#829=EDGE_CURVE('',#678,#661,#619,.T.);
#830=EDGE_CURVE('',#693,#694,#417,.T.);
#831=EDGE_CURVE('',#694,#695,#418,.T.);
#832=EDGE_CURVE('',#695,#696,#419,.T.);
#833=EDGE_CURVE('',#696,#693,#420,.T.);
#834=EDGE_CURVE('',#680,#697,#421,.T.);
#835=EDGE_CURVE('',#698,#697,#375,.T.);
#836=EDGE_CURVE('',#697,#698,#376,.T.);
#837=EDGE_CURVE('',#675,#692,#422,.T.);
#838=EDGE_CURVE('',#662,#669,#423,.T.);
#839=EDGE_CURVE('',#667,#699,#424,.T.);
#840=EDGE_CURVE('',#689,#699,#620,.T.);
#841=EDGE_CURVE('',#683,#687,#621,.T.);
#842=EDGE_CURVE('',#670,#686,#622,.T.);
#843=EDGE_CURVE('',#700,#701,#377,.T.);
#844=EDGE_CURVE('',#701,#700,#378,.T.);
#845=EDGE_CURVE('',#702,#703,#379,.T.);
#846=EDGE_CURVE('',#703,#702,#380,.T.);
#847=EDGE_CURVE('',#699,#671,#425,.T.);
#848=EDGE_CURVE('',#672,#701,#426,.T.);
#849=EDGE_CURVE('',#688,#703,#427,.T.);
#850=EDGE_CURVE('',#704,#705,#428,.T.);
#851=EDGE_CURVE('',#705,#706,#429,.T.);
#852=EDGE_CURVE('',#706,#707,#430,.T.);
#853=EDGE_CURVE('',#707,#704,#431,.T.);
#854=EDGE_CURVE('',#705,#693,#432,.T.);
#855=EDGE_CURVE('',#706,#696,#433,.T.);
#856=EDGE_CURVE('',#707,#695,#434,.T.);
#857=EDGE_CURVE('',#704,#694,#435,.T.);
#858=EDGE_CURVE('',#708,#709,#623,.T.);
#859=EDGE_CURVE('',#708,#710,#436,.T.);
#860=EDGE_CURVE('',#710,#711,#381,.T.);
#861=EDGE_CURVE('',#711,#709,#437,.T.);
#862=EDGE_CURVE('',#712,#709,#438,.T.);
#863=EDGE_CURVE('',#713,#712,#439,.T.);
#864=EDGE_CURVE('',#714,#713,#440,.T.);
#865=EDGE_CURVE('',#714,#708,#441,.T.);
#866=EDGE_CURVE('',#715,#715,#624,.T.);
#867=EDGE_CURVE('',#712,#711,#625,.T.);
#868=EDGE_CURVE('',#716,#717,#626,.T.);
#869=EDGE_CURVE('',#716,#718,#442,.T.);
#870=EDGE_CURVE('',#718,#719,#382,.T.);
#871=EDGE_CURVE('',#719,#717,#443,.T.);
#872=EDGE_CURVE('',#720,#717,#444,.T.);
#873=EDGE_CURVE('',#721,#720,#445,.T.);
#874=EDGE_CURVE('',#721,#722,#446,.T.);
#875=EDGE_CURVE('',#722,#716,#447,.T.);
#876=EDGE_CURVE('',#723,#723,#627,.T.);
#877=EDGE_CURVE('',#724,#719,#448,.T.);
#878=EDGE_CURVE('',#720,#724,#449,.T.);
#879=EDGE_CURVE('',#725,#725,#628,.T.);
#880=EDGE_CURVE('',#725,#726,#450,.T.);
#881=EDGE_CURVE('',#727,#727,#629,.T.);
#882=EDGE_CURVE('',#727,#725,#451,.T.);
#883=EDGE_CURVE('',#728,#728,#630,.T.);
#884=EDGE_CURVE('',#728,#729,#452,.T.);
#885=EDGE_CURVE('',#730,#730,#631,.T.);
#886=EDGE_CURVE('',#730,#728,#453,.T.);
#887=EDGE_CURVE('',#731,#714,#454,.T.);
#888=EDGE_CURVE('',#710,#731,#455,.T.);
#889=EDGE_CURVE('',#715,#732,#456,.T.);
#890=EDGE_CURVE('',#733,#732,#383,.T.);
#891=EDGE_CURVE('',#732,#733,#384,.T.);
#892=EDGE_CURVE('',#734,#734,#632,.T.);
#893=EDGE_CURVE('',#734,#712,#457,.T.);
#894=EDGE_CURVE('',#724,#731,#633,.T.);
#895=EDGE_CURVE('',#718,#722,#634,.T.);
#896=EDGE_CURVE('',#713,#721,#635,.T.);
#897=EDGE_CURVE('',#735,#736,#385,.T.);
#898=EDGE_CURVE('',#736,#735,#386,.T.);
#899=EDGE_CURVE('',#723,#736,#458,.T.);
#900=EDGE_CURVE('',#737,#738,#459,.T.);
#901=EDGE_CURVE('',#738,#739,#460,.T.);
#902=EDGE_CURVE('',#739,#740,#461,.T.);
#903=EDGE_CURVE('',#740,#737,#462,.T.);
#904=EDGE_CURVE('',#738,#741,#463,.T.);
#905=EDGE_CURVE('',#742,#741,#464,.T.);
#906=EDGE_CURVE('',#739,#742,#465,.T.);
#907=EDGE_CURVE('',#743,#742,#466,.T.);
#908=EDGE_CURVE('',#740,#743,#467,.T.);
#909=EDGE_CURVE('',#744,#743,#468,.T.);
#910=EDGE_CURVE('',#737,#744,#469,.T.);
#911=EDGE_CURVE('',#741,#744,#470,.T.);
#912=EDGE_CURVE('',#745,#746,#636,.T.);
#913=EDGE_CURVE('',#745,#747,#471,.T.);
#914=EDGE_CURVE('',#748,#747,#637,.T.);
#915=EDGE_CURVE('',#748,#746,#472,.T.);
#916=EDGE_CURVE('',#749,#749,#638,.T.);
#917=EDGE_CURVE('',#750,#750,#639,.T.);
#918=EDGE_CURVE('',#746,#751,#473,.T.);
#919=EDGE_CURVE('',#751,#752,#640,.T.);
#920=EDGE_CURVE('',#752,#745,#474,.T.);
#921=EDGE_CURVE('',#753,#751,#475,.T.);
#922=EDGE_CURVE('',#754,#753,#641,.T.);
#923=EDGE_CURVE('',#752,#754,#476,.T.);
#924=EDGE_CURVE('',#755,#755,#642,.T.);
#925=EDGE_CURVE('',#756,#756,#643,.T.);
#926=EDGE_CURVE('',#747,#754,#477,.T.);
#927=EDGE_CURVE('',#753,#748,#478,.T.);
#928=EDGE_CURVE('',#750,#756,#479,.T.);
#929=EDGE_CURVE('',#749,#755,#480,.T.);
#930=EDGE_CURVE('',#757,#757,#644,.T.);
#931=EDGE_CURVE('',#757,#758,#645,.T.);
#932=EDGE_CURVE('',#758,#759,#646,.T.);
#933=EDGE_CURVE('',#759,#758,#647,.T.);
#934=EDGE_CURVE('',#760,#761,#648,.T.);
#935=EDGE_CURVE('',#761,#760,#649,.T.);
#936=EDGE_CURVE('',#761,#759,#481,.T.);
#937=EDGE_CURVE('',#762,#762,#650,.T.);
#938=EDGE_CURVE('',#763,#763,#651,.T.);
#939=EDGE_CURVE('',#763,#760,#482,.T.);
#940=EDGE_CURVE('',#764,#765,#652,.T.);
#941=EDGE_CURVE('',#765,#764,#653,.T.);
#942=EDGE_CURVE('',#764,#766,#654,.T.);
#943=EDGE_CURVE('',#766,#766,#655,.T.);
#944=EDGE_CURVE('',#767,#768,#483,.T.);
#945=EDGE_CURVE('',#768,#769,#484,.T.);
#946=EDGE_CURVE('',#769,#770,#485,.T.);
#947=EDGE_CURVE('',#770,#771,#486,.T.);
#948=EDGE_CURVE('',#771,#772,#487,.T.);
#949=EDGE_CURVE('',#772,#767,#488,.T.);
#950=EDGE_CURVE('',#762,#765,#489,.T.);
#951=EDGE_CURVE('',#773,#774,#11,.T.);
#952=EDGE_CURVE('',#773,#772,#490,.T.);
#953=EDGE_CURVE('',#774,#771,#491,.T.);
#954=EDGE_CURVE('',#775,#773,#12,.T.);
#955=EDGE_CURVE('',#775,#767,#492,.T.);
#956=EDGE_CURVE('',#776,#775,#13,.T.);
#957=EDGE_CURVE('',#776,#768,#493,.T.);
#958=EDGE_CURVE('',#777,#776,#14,.T.);
#959=EDGE_CURVE('',#769,#777,#494,.T.);
#960=EDGE_CURVE('',#774,#778,#15,.T.);
#961=EDGE_CURVE('',#779,#770,#495,.T.);
#962=EDGE_CURVE('',#778,#779,#16,.T.);
#963=EDGE_CURVE('',#779,#777,#17,.T.);
#964=EDGE_CURVE('',#780,#778,#496,.T.);
#965=ORIENTED_EDGE('',*,*,#781,.F.);
#966=ORIENTED_EDGE('',*,*,#782,.T.);
#967=ORIENTED_EDGE('',*,*,#783,.T.);
#968=ORIENTED_EDGE('',*,*,#784,.T.);
#969=ORIENTED_EDGE('',*,*,#781,.T.);
#970=ORIENTED_EDGE('',*,*,#785,.F.);
#971=ORIENTED_EDGE('',*,*,#786,.F.);
#972=ORIENTED_EDGE('',*,*,#787,.F.);
#973=ORIENTED_EDGE('',*,*,#788,.T.);
#974=ORIENTED_EDGE('',*,*,#789,.F.);
#975=ORIENTED_EDGE('',*,*,#784,.F.);
#976=ORIENTED_EDGE('',*,*,#790,.F.);
#977=ORIENTED_EDGE('',*,*,#791,.F.);
#978=ORIENTED_EDGE('',*,*,#785,.T.);
#979=ORIENTED_EDGE('',*,*,#792,.F.);
#980=ORIENTED_EDGE('',*,*,#793,.T.);
#981=ORIENTED_EDGE('',*,*,#794,.T.);
#982=ORIENTED_EDGE('',*,*,#795,.T.);
#983=ORIENTED_EDGE('',*,*,#792,.T.);
#984=ORIENTED_EDGE('',*,*,#796,.F.);
#985=ORIENTED_EDGE('',*,*,#797,.F.);
#986=ORIENTED_EDGE('',*,*,#798,.F.);
#987=ORIENTED_EDGE('',*,*,#799,.T.);
#988=ORIENTED_EDGE('',*,*,#800,.T.);
#989=ORIENTED_EDGE('',*,*,#795,.F.);
#990=ORIENTED_EDGE('',*,*,#801,.F.);
#991=ORIENTED_EDGE('',*,*,#796,.T.);
#992=ORIENTED_EDGE('',*,*,#802,.F.);
#993=ORIENTED_EDGE('',*,*,#803,.T.);
#994=ORIENTED_EDGE('',*,*,#804,.T.);
#995=ORIENTED_EDGE('',*,*,#805,.T.);
#996=ORIENTED_EDGE('',*,*,#802,.T.);
#997=ORIENTED_EDGE('',*,*,#806,.F.);
#998=ORIENTED_EDGE('',*,*,#807,.T.);
#999=ORIENTED_EDGE('',*,*,#808,.F.);
#1000=ORIENTED_EDGE('',*,*,#809,.T.);
#1001=ORIENTED_EDGE('',*,*,#810,.T.);
#1002=ORIENTED_EDGE('',*,*,#805,.F.);
#1003=ORIENTED_EDGE('',*,*,#811,.F.);
#1004=ORIENTED_EDGE('',*,*,#806,.T.);
#1005=ORIENTED_EDGE('',*,*,#812,.F.);
#1006=ORIENTED_EDGE('',*,*,#813,.T.);
#1007=ORIENTED_EDGE('',*,*,#814,.T.);
#1008=ORIENTED_EDGE('',*,*,#815,.T.);
#1009=ORIENTED_EDGE('',*,*,#812,.T.);
#1010=ORIENTED_EDGE('',*,*,#816,.F.);
#1011=ORIENTED_EDGE('',*,*,#817,.F.);
#1012=ORIENTED_EDGE('',*,*,#818,.T.);
#1013=ORIENTED_EDGE('',*,*,#819,.T.);
#1014=ORIENTED_EDGE('',*,*,#820,.T.);
#1015=ORIENTED_EDGE('',*,*,#815,.F.);
#1016=ORIENTED_EDGE('',*,*,#821,.F.);
#1017=ORIENTED_EDGE('',*,*,#822,.F.);
#1018=ORIENTED_EDGE('',*,*,#816,.T.);
#1019=ORIENTED_EDGE('',*,*,#789,.T.);
#1020=ORIENTED_EDGE('',*,*,#823,.T.);
#1021=ORIENTED_EDGE('',*,*,#824,.F.);
#1022=ORIENTED_EDGE('',*,*,#825,.F.);
#1023=ORIENTED_EDGE('',*,*,#823,.F.);
#1024=ORIENTED_EDGE('',*,*,#782,.F.);
#1025=ORIENTED_EDGE('',*,*,#788,.F.);
#1026=ORIENTED_EDGE('',*,*,#826,.F.);
#1027=ORIENTED_EDGE('',*,*,#786,.T.);
#1028=ORIENTED_EDGE('',*,*,#791,.T.);
#1029=ORIENTED_EDGE('',*,*,#827,.T.);
#1030=ORIENTED_EDGE('',*,*,#828,.T.);
#1031=ORIENTED_EDGE('',*,*,#808,.T.);
#1032=ORIENTED_EDGE('',*,*,#829,.T.);
#1033=ORIENTED_EDGE('',*,*,#830,.T.);
#1034=ORIENTED_EDGE('',*,*,#831,.T.);
#1035=ORIENTED_EDGE('',*,*,#832,.T.);
#1036=ORIENTED_EDGE('',*,*,#833,.T.);
#1037=ORIENTED_EDGE('',*,*,#810,.F.);
#1038=ORIENTED_EDGE('',*,*,#834,.T.);
#1039=ORIENTED_EDGE('',*,*,#835,.F.);
#1040=ORIENTED_EDGE('',*,*,#836,.F.);
#1041=ORIENTED_EDGE('',*,*,#834,.F.);
#1042=ORIENTED_EDGE('',*,*,#803,.F.);
#1043=ORIENTED_EDGE('',*,*,#809,.F.);
#1044=ORIENTED_EDGE('',*,*,#828,.F.);
#1045=ORIENTED_EDGE('',*,*,#837,.F.);
#1046=ORIENTED_EDGE('',*,*,#787,.T.);
#1047=ORIENTED_EDGE('',*,*,#829,.F.);
#1048=ORIENTED_EDGE('',*,*,#807,.F.);
#1049=ORIENTED_EDGE('',*,*,#811,.T.);
#1050=ORIENTED_EDGE('',*,*,#804,.F.);
#1051=ORIENTED_EDGE('',*,*,#837,.T.);
#1052=ORIENTED_EDGE('',*,*,#827,.F.);
#1053=ORIENTED_EDGE('',*,*,#790,.T.);
#1054=ORIENTED_EDGE('',*,*,#783,.F.);
#1055=ORIENTED_EDGE('',*,*,#826,.T.);
#1056=ORIENTED_EDGE('',*,*,#838,.T.);
#1057=ORIENTED_EDGE('',*,*,#801,.T.);
#1058=ORIENTED_EDGE('',*,*,#794,.F.);
#1059=ORIENTED_EDGE('',*,*,#839,.T.);
#1060=ORIENTED_EDGE('',*,*,#840,.F.);
#1061=ORIENTED_EDGE('',*,*,#821,.T.);
#1062=ORIENTED_EDGE('',*,*,#814,.F.);
#1063=ORIENTED_EDGE('',*,*,#841,.T.);
#1064=ORIENTED_EDGE('',*,*,#818,.F.);
#1065=ORIENTED_EDGE('',*,*,#842,.F.);
#1066=ORIENTED_EDGE('',*,*,#797,.T.);
#1067=ORIENTED_EDGE('',*,*,#838,.F.);
#1068=ORIENTED_EDGE('',*,*,#824,.T.);
#1069=ORIENTED_EDGE('',*,*,#825,.T.);
#1070=ORIENTED_EDGE('',*,*,#843,.T.);
#1071=ORIENTED_EDGE('',*,*,#844,.T.);
#1072=ORIENTED_EDGE('',*,*,#845,.T.);
#1073=ORIENTED_EDGE('',*,*,#846,.T.);
#1074=ORIENTED_EDGE('',*,*,#835,.T.);
#1075=ORIENTED_EDGE('',*,*,#836,.T.);
#1076=ORIENTED_EDGE('',*,*,#793,.F.);
#1077=ORIENTED_EDGE('',*,*,#799,.F.);
#1078=ORIENTED_EDGE('',*,*,#847,.F.);
#1079=ORIENTED_EDGE('',*,*,#839,.F.);
#1080=ORIENTED_EDGE('',*,*,#800,.F.);
#1081=ORIENTED_EDGE('',*,*,#848,.T.);
#1082=ORIENTED_EDGE('',*,*,#843,.F.);
#1083=ORIENTED_EDGE('',*,*,#844,.F.);
#1084=ORIENTED_EDGE('',*,*,#848,.F.);
#1085=ORIENTED_EDGE('',*,*,#820,.F.);
#1086=ORIENTED_EDGE('',*,*,#849,.T.);
#1087=ORIENTED_EDGE('',*,*,#845,.F.);
#1088=ORIENTED_EDGE('',*,*,#846,.F.);
#1089=ORIENTED_EDGE('',*,*,#849,.F.);
#1090=ORIENTED_EDGE('',*,*,#813,.F.);
#1091=ORIENTED_EDGE('',*,*,#819,.F.);
#1092=ORIENTED_EDGE('',*,*,#841,.F.);
#1093=ORIENTED_EDGE('',*,*,#798,.T.);
#1094=ORIENTED_EDGE('',*,*,#842,.T.);
#1095=ORIENTED_EDGE('',*,*,#817,.T.);
#1096=ORIENTED_EDGE('',*,*,#822,.T.);
#1097=ORIENTED_EDGE('',*,*,#840,.T.);
#1098=ORIENTED_EDGE('',*,*,#847,.T.);
#1099=ORIENTED_EDGE('',*,*,#850,.T.);
#1100=ORIENTED_EDGE('',*,*,#851,.T.);
#1101=ORIENTED_EDGE('',*,*,#852,.T.);
#1102=ORIENTED_EDGE('',*,*,#853,.T.);
#1103=ORIENTED_EDGE('',*,*,#851,.F.);
#1104=ORIENTED_EDGE('',*,*,#854,.T.);
#1105=ORIENTED_EDGE('',*,*,#833,.F.);
#1106=ORIENTED_EDGE('',*,*,#855,.F.);
#1107=ORIENTED_EDGE('',*,*,#852,.F.);
#1108=ORIENTED_EDGE('',*,*,#855,.T.);
#1109=ORIENTED_EDGE('',*,*,#832,.F.);
#1110=ORIENTED_EDGE('',*,*,#856,.F.);
#1111=ORIENTED_EDGE('',*,*,#853,.F.);
#1112=ORIENTED_EDGE('',*,*,#856,.T.);
#1113=ORIENTED_EDGE('',*,*,#831,.F.);
#1114=ORIENTED_EDGE('',*,*,#857,.F.);
#1115=ORIENTED_EDGE('',*,*,#850,.F.);
#1116=ORIENTED_EDGE('',*,*,#857,.T.);
#1117=ORIENTED_EDGE('',*,*,#830,.F.);
#1118=ORIENTED_EDGE('',*,*,#854,.F.);
#1119=ORIENTED_EDGE('',*,*,#858,.F.);
#1120=ORIENTED_EDGE('',*,*,#859,.T.);
#1121=ORIENTED_EDGE('',*,*,#860,.T.);
#1122=ORIENTED_EDGE('',*,*,#861,.T.);
#1123=ORIENTED_EDGE('',*,*,#858,.T.);
#1124=ORIENTED_EDGE('',*,*,#862,.F.);
#1125=ORIENTED_EDGE('',*,*,#863,.F.);
#1126=ORIENTED_EDGE('',*,*,#864,.F.);
#1127=ORIENTED_EDGE('',*,*,#865,.T.);
#1128=ORIENTED_EDGE('',*,*,#866,.T.);
#1129=ORIENTED_EDGE('',*,*,#861,.F.);
#1130=ORIENTED_EDGE('',*,*,#867,.F.);
#1131=ORIENTED_EDGE('',*,*,#862,.T.);
#1132=ORIENTED_EDGE('',*,*,#868,.F.);
#1133=ORIENTED_EDGE('',*,*,#869,.T.);
#1134=ORIENTED_EDGE('',*,*,#870,.T.);
#1135=ORIENTED_EDGE('',*,*,#871,.T.);
#1136=ORIENTED_EDGE('',*,*,#868,.T.);
#1137=ORIENTED_EDGE('',*,*,#872,.F.);
#1138=ORIENTED_EDGE('',*,*,#873,.F.);
#1139=ORIENTED_EDGE('',*,*,#874,.T.);
#1140=ORIENTED_EDGE('',*,*,#875,.T.);
#1141=ORIENTED_EDGE('',*,*,#876,.T.);
#1142=ORIENTED_EDGE('',*,*,#871,.F.);
#1143=ORIENTED_EDGE('',*,*,#877,.F.);
#1144=ORIENTED_EDGE('',*,*,#878,.F.);
#1145=ORIENTED_EDGE('',*,*,#872,.T.);
#1146=ORIENTED_EDGE('',*,*,#879,.T.);
#1147=ORIENTED_EDGE('',*,*,#880,.T.);
#1148=ORIENTED_EDGE('',*,*,#880,.F.);
#1149=ORIENTED_EDGE('',*,*,#881,.F.);
#1150=ORIENTED_EDGE('',*,*,#882,.T.);
#1151=ORIENTED_EDGE('',*,*,#879,.F.);
#1152=ORIENTED_EDGE('',*,*,#882,.F.);
#1153=ORIENTED_EDGE('',*,*,#883,.T.);
#1154=ORIENTED_EDGE('',*,*,#884,.T.);
#1155=ORIENTED_EDGE('',*,*,#884,.F.);
#1156=ORIENTED_EDGE('',*,*,#885,.F.);
#1157=ORIENTED_EDGE('',*,*,#886,.T.);
#1158=ORIENTED_EDGE('',*,*,#883,.F.);
#1159=ORIENTED_EDGE('',*,*,#886,.F.);
#1160=ORIENTED_EDGE('',*,*,#859,.F.);
#1161=ORIENTED_EDGE('',*,*,#865,.F.);
#1162=ORIENTED_EDGE('',*,*,#887,.F.);
#1163=ORIENTED_EDGE('',*,*,#888,.F.);
#1164=ORIENTED_EDGE('',*,*,#866,.F.);
#1165=ORIENTED_EDGE('',*,*,#889,.T.);
#1166=ORIENTED_EDGE('',*,*,#890,.F.);
#1167=ORIENTED_EDGE('',*,*,#891,.F.);
#1168=ORIENTED_EDGE('',*,*,#889,.F.);
#1169=ORIENTED_EDGE('',*,*,#892,.F.);
#1170=ORIENTED_EDGE('',*,*,#893,.T.);
#1171=ORIENTED_EDGE('',*,*,#867,.T.);
#1172=ORIENTED_EDGE('',*,*,#860,.F.);
#1173=ORIENTED_EDGE('',*,*,#888,.T.);
#1174=ORIENTED_EDGE('',*,*,#894,.F.);
#1175=ORIENTED_EDGE('',*,*,#877,.T.);
#1176=ORIENTED_EDGE('',*,*,#870,.F.);
#1177=ORIENTED_EDGE('',*,*,#895,.T.);
#1178=ORIENTED_EDGE('',*,*,#874,.F.);
#1179=ORIENTED_EDGE('',*,*,#896,.F.);
#1180=ORIENTED_EDGE('',*,*,#863,.T.);
#1181=ORIENTED_EDGE('',*,*,#893,.F.);
#1182=ORIENTED_EDGE('',*,*,#897,.T.);
#1183=ORIENTED_EDGE('',*,*,#898,.T.);
#1184=ORIENTED_EDGE('',*,*,#890,.T.);
#1185=ORIENTED_EDGE('',*,*,#891,.T.);
#1186=ORIENTED_EDGE('',*,*,#876,.F.);
#1187=ORIENTED_EDGE('',*,*,#899,.T.);
#1188=ORIENTED_EDGE('',*,*,#897,.F.);
#1189=ORIENTED_EDGE('',*,*,#898,.F.);
#1190=ORIENTED_EDGE('',*,*,#899,.F.);
#1191=ORIENTED_EDGE('',*,*,#869,.F.);
#1192=ORIENTED_EDGE('',*,*,#875,.F.);
#1193=ORIENTED_EDGE('',*,*,#895,.F.);
#1194=ORIENTED_EDGE('',*,*,#864,.T.);
#1195=ORIENTED_EDGE('',*,*,#896,.T.);
#1196=ORIENTED_EDGE('',*,*,#873,.T.);
#1197=ORIENTED_EDGE('',*,*,#878,.T.);
#1198=ORIENTED_EDGE('',*,*,#894,.T.);
#1199=ORIENTED_EDGE('',*,*,#887,.T.);
#1200=ORIENTED_EDGE('',*,*,#900,.T.);
#1201=ORIENTED_EDGE('',*,*,#901,.T.);
#1202=ORIENTED_EDGE('',*,*,#902,.T.);
#1203=ORIENTED_EDGE('',*,*,#903,.T.);
#1204=ORIENTED_EDGE('',*,*,#901,.F.);
#1205=ORIENTED_EDGE('',*,*,#904,.T.);
#1206=ORIENTED_EDGE('',*,*,#905,.F.);
#1207=ORIENTED_EDGE('',*,*,#906,.F.);
#1208=ORIENTED_EDGE('',*,*,#902,.F.);
#1209=ORIENTED_EDGE('',*,*,#906,.T.);
#1210=ORIENTED_EDGE('',*,*,#907,.F.);
#1211=ORIENTED_EDGE('',*,*,#908,.F.);
#1212=ORIENTED_EDGE('',*,*,#903,.F.);
#1213=ORIENTED_EDGE('',*,*,#908,.T.);
#1214=ORIENTED_EDGE('',*,*,#909,.F.);
#1215=ORIENTED_EDGE('',*,*,#910,.F.);
#1216=ORIENTED_EDGE('',*,*,#900,.F.);
#1217=ORIENTED_EDGE('',*,*,#910,.T.);
#1218=ORIENTED_EDGE('',*,*,#911,.F.);
#1219=ORIENTED_EDGE('',*,*,#904,.F.);
#1220=ORIENTED_EDGE('',*,*,#892,.T.);
#1221=ORIENTED_EDGE('',*,*,#881,.T.);
#1222=ORIENTED_EDGE('',*,*,#885,.T.);
#1223=ORIENTED_EDGE('',*,*,#911,.T.);
#1224=ORIENTED_EDGE('',*,*,#909,.T.);
#1225=ORIENTED_EDGE('',*,*,#907,.T.);
#1226=ORIENTED_EDGE('',*,*,#905,.T.);
#1227=ORIENTED_EDGE('',*,*,#912,.F.);
#1228=ORIENTED_EDGE('',*,*,#913,.T.);
#1229=ORIENTED_EDGE('',*,*,#914,.F.);
#1230=ORIENTED_EDGE('',*,*,#915,.T.);
#1231=ORIENTED_EDGE('',*,*,#916,.T.);
#1232=ORIENTED_EDGE('',*,*,#917,.T.);
#1233=ORIENTED_EDGE('',*,*,#912,.T.);
#1234=ORIENTED_EDGE('',*,*,#918,.T.);
#1235=ORIENTED_EDGE('',*,*,#919,.T.);
#1236=ORIENTED_EDGE('',*,*,#920,.T.);
#1237=ORIENTED_EDGE('',*,*,#919,.F.);
#1238=ORIENTED_EDGE('',*,*,#921,.F.);
#1239=ORIENTED_EDGE('',*,*,#922,.F.);
#1240=ORIENTED_EDGE('',*,*,#923,.F.);
#1241=ORIENTED_EDGE('',*,*,#924,.T.);
#1242=ORIENTED_EDGE('',*,*,#925,.T.);
#1243=ORIENTED_EDGE('',*,*,#914,.T.);
#1244=ORIENTED_EDGE('',*,*,#926,.T.);
#1245=ORIENTED_EDGE('',*,*,#922,.T.);
#1246=ORIENTED_EDGE('',*,*,#927,.T.);
#1247=ORIENTED_EDGE('',*,*,#917,.F.);
#1248=ORIENTED_EDGE('',*,*,#928,.T.);
#1249=ORIENTED_EDGE('',*,*,#925,.F.);
#1250=ORIENTED_EDGE('',*,*,#928,.F.);
#1251=ORIENTED_EDGE('',*,*,#916,.F.);
#1252=ORIENTED_EDGE('',*,*,#929,.T.);
#1253=ORIENTED_EDGE('',*,*,#924,.F.);
#1254=ORIENTED_EDGE('',*,*,#929,.F.);
#1255=ORIENTED_EDGE('',*,*,#920,.F.);
#1256=ORIENTED_EDGE('',*,*,#923,.T.);
#1257=ORIENTED_EDGE('',*,*,#926,.F.);
#1258=ORIENTED_EDGE('',*,*,#913,.F.);
#1259=ORIENTED_EDGE('',*,*,#918,.F.);
#1260=ORIENTED_EDGE('',*,*,#915,.F.);
#1261=ORIENTED_EDGE('',*,*,#927,.F.);
#1262=ORIENTED_EDGE('',*,*,#921,.T.);
#1263=ORIENTED_EDGE('',*,*,#930,.T.);
#1264=ORIENTED_EDGE('',*,*,#931,.T.);
#1265=ORIENTED_EDGE('',*,*,#932,.T.);
#1266=ORIENTED_EDGE('',*,*,#933,.T.);
#1267=ORIENTED_EDGE('',*,*,#931,.F.);
#1268=ORIENTED_EDGE('',*,*,#934,.F.);
#1269=ORIENTED_EDGE('',*,*,#935,.F.);
#1270=ORIENTED_EDGE('',*,*,#936,.T.);
#1271=ORIENTED_EDGE('',*,*,#932,.F.);
#1272=ORIENTED_EDGE('',*,*,#933,.F.);
#1273=ORIENTED_EDGE('',*,*,#936,.F.);
#1274=ORIENTED_EDGE('',*,*,#937,.T.);
#1275=ORIENTED_EDGE('',*,*,#930,.F.);
#1276=ORIENTED_EDGE('',*,*,#938,.T.);
#1277=ORIENTED_EDGE('',*,*,#939,.T.);
#1278=ORIENTED_EDGE('',*,*,#934,.T.);
#1279=ORIENTED_EDGE('',*,*,#935,.T.);
#1280=ORIENTED_EDGE('',*,*,#939,.F.);
#1281=ORIENTED_EDGE('',*,*,#938,.F.);
#1282=ORIENTED_EDGE('',*,*,#940,.T.);
#1283=ORIENTED_EDGE('',*,*,#941,.T.);
#1284=ORIENTED_EDGE('',*,*,#942,.T.);
#1285=ORIENTED_EDGE('',*,*,#943,.T.);
#1286=ORIENTED_EDGE('',*,*,#942,.F.);
#1287=ORIENTED_EDGE('',*,*,#943,.F.);
#1288=ORIENTED_EDGE('',*,*,#944,.T.);
#1289=ORIENTED_EDGE('',*,*,#945,.T.);
#1290=ORIENTED_EDGE('',*,*,#946,.T.);
#1291=ORIENTED_EDGE('',*,*,#947,.T.);
#1292=ORIENTED_EDGE('',*,*,#948,.T.);
#1293=ORIENTED_EDGE('',*,*,#949,.T.);
#1294=ORIENTED_EDGE('',*,*,#937,.F.);
#1295=ORIENTED_EDGE('',*,*,#950,.T.);
#1296=ORIENTED_EDGE('',*,*,#940,.F.);
#1297=ORIENTED_EDGE('',*,*,#941,.F.);
#1298=ORIENTED_EDGE('',*,*,#950,.F.);
#1299=ORIENTED_EDGE('',*,*,#951,.F.);
#1300=ORIENTED_EDGE('',*,*,#952,.T.);
#1301=ORIENTED_EDGE('',*,*,#948,.F.);
#1302=ORIENTED_EDGE('',*,*,#953,.F.);
#1303=ORIENTED_EDGE('',*,*,#954,.F.);
#1304=ORIENTED_EDGE('',*,*,#955,.T.);
#1305=ORIENTED_EDGE('',*,*,#949,.F.);
#1306=ORIENTED_EDGE('',*,*,#952,.F.);
#1307=ORIENTED_EDGE('',*,*,#956,.F.);
#1308=ORIENTED_EDGE('',*,*,#957,.T.);
#1309=ORIENTED_EDGE('',*,*,#944,.F.);
#1310=ORIENTED_EDGE('',*,*,#955,.F.);
#1311=ORIENTED_EDGE('',*,*,#958,.F.);
#1312=ORIENTED_EDGE('',*,*,#959,.F.);
#1313=ORIENTED_EDGE('',*,*,#945,.F.);
#1314=ORIENTED_EDGE('',*,*,#957,.F.);
#1315=ORIENTED_EDGE('',*,*,#960,.F.);
#1316=ORIENTED_EDGE('',*,*,#953,.T.);
#1317=ORIENTED_EDGE('',*,*,#947,.F.);
#1318=ORIENTED_EDGE('',*,*,#961,.F.);
#1319=ORIENTED_EDGE('',*,*,#962,.F.);
#1320=ORIENTED_EDGE('',*,*,#963,.F.);
#1321=ORIENTED_EDGE('',*,*,#961,.T.);
#1322=ORIENTED_EDGE('',*,*,#946,.F.);
#1323=ORIENTED_EDGE('',*,*,#959,.T.);
#1324=ORIENTED_EDGE('',*,*,#964,.T.);
#1325=ORIENTED_EDGE('',*,*,#962,.T.);
#1326=ORIENTED_EDGE('',*,*,#963,.T.);
#1327=ORIENTED_EDGE('',*,*,#958,.T.);
#1328=ORIENTED_EDGE('',*,*,#956,.T.);
#1329=ORIENTED_EDGE('',*,*,#954,.T.);
#1330=ORIENTED_EDGE('',*,*,#951,.T.);
#1331=ORIENTED_EDGE('',*,*,#960,.T.);
#1332=ORIENTED_EDGE('',*,*,#964,.F.);
#1333=CYLINDRICAL_SURFACE('',#1532,5.);
#1334=CYLINDRICAL_SURFACE('',#1537,5.);
#1335=CYLINDRICAL_SURFACE('',#1543,5.);
#1336=CYLINDRICAL_SURFACE('',#1549,5.);
#1337=CYLINDRICAL_SURFACE('',#1554,1.621);
#1338=CYLINDRICAL_SURFACE('',#1560,1.621);
#1339=CYLINDRICAL_SURFACE('',#1562,28.25);
#1340=CYLINDRICAL_SURFACE('',#1567,1.621);
#1341=CYLINDRICAL_SURFACE('',#1568,1.621);
#1342=CYLINDRICAL_SURFACE('',#1578,5.);
#1343=CYLINDRICAL_SURFACE('',#1584,5.);
#1344=CYLINDRICAL_SURFACE('',#1591,2.4585);
#1345=CYLINDRICAL_SURFACE('',#1595,2.4585);
#1346=CYLINDRICAL_SURFACE('',#1598,1.621);
#1347=CYLINDRICAL_SURFACE('',#1599,28.25);
#1348=CYLINDRICAL_SURFACE('',#1604,1.621);
#1349=CYLINDRICAL_SURFACE('',#1619,3.5);
#1350=CYLINDRICAL_SURFACE('',#1625,3.5);
#1351=CYLINDRICAL_SURFACE('',#1626,2.25);
#1352=CYLINDRICAL_SURFACE('',#1627,2.25);
#1353=CYLINDRICAL_SURFACE('',#1636,2.);
#1354=CYLINDRICAL_SURFACE('',#1650,3.5);
#1355=ADVANCED_FACE('',(#203),#1333,.F.);
#1356=ADVANCED_FACE('',(#204,#136),#160,.F.);
#1357=ADVANCED_FACE('',(#205),#161,.F.);
#1358=ADVANCED_FACE('',(#206),#1334,.F.);
#1359=ADVANCED_FACE('',(#207,#137),#162,.T.);
#1360=ADVANCED_FACE('',(#208),#163,.T.);
#1361=ADVANCED_FACE('',(#209),#1335,.F.);
#1362=ADVANCED_FACE('',(#210,#138),#164,.T.);
#1363=ADVANCED_FACE('',(#211),#165,.T.);
#1364=ADVANCED_FACE('',(#212),#1336,.F.);
#1365=ADVANCED_FACE('',(#213,#139),#166,.F.);
#1366=ADVANCED_FACE('',(#214),#167,.F.);
#1367=ADVANCED_FACE('',(#215),#1337,.F.);
#1368=ADVANCED_FACE('',(#216),#168,.F.);
#1369=ADVANCED_FACE('',(#217,#140),#169,.F.);
#1370=ADVANCED_FACE('',(#218),#1338,.F.);
#1371=ADVANCED_FACE('',(#219),#170,.T.);
#1372=ADVANCED_FACE('',(#220,#141,#142,#143,#144),#1339,.T.);
#1373=ADVANCED_FACE('',(#221),#171,.T.);
#1374=ADVANCED_FACE('',(#222),#1340,.F.);
#1375=ADVANCED_FACE('',(#223),#1341,.F.);
#1376=ADVANCED_FACE('',(#224),#172,.F.);
#1377=ADVANCED_FACE('',(#225,#145),#173,.T.);
#1378=ADVANCED_FACE('',(#226),#174,.T.);
#1379=ADVANCED_FACE('',(#227),#175,.T.);
#1380=ADVANCED_FACE('',(#228),#176,.T.);
#1381=ADVANCED_FACE('',(#229),#177,.T.);
#1382=ADVANCED_FACE('',(#230),#1342,.F.);
#1383=ADVANCED_FACE('',(#231,#146),#178,.T.);
#1384=ADVANCED_FACE('',(#232),#179,.T.);
#1385=ADVANCED_FACE('',(#233),#1343,.F.);
#1386=ADVANCED_FACE('',(#234,#147),#180,.F.);
#1387=ADVANCED_FACE('',(#235),#181,.F.);
#1388=ADVANCED_FACE('',(#236),#20,.F.);
#1389=ADVANCED_FACE('',(#237),#1344,.F.);
#1390=ADVANCED_FACE('',(#238),#21,.F.);
#1391=ADVANCED_FACE('',(#239),#1345,.F.);
#1392=ADVANCED_FACE('',(#240),#182,.T.);
#1393=ADVANCED_FACE('',(#241),#1346,.F.);
#1394=ADVANCED_FACE('',(#242,#148,#149),#1347,.T.);
#1395=ADVANCED_FACE('',(#243),#1348,.F.);
#1396=ADVANCED_FACE('',(#244),#183,.F.);
#1397=ADVANCED_FACE('',(#245,#150),#184,.T.);
#1398=ADVANCED_FACE('',(#246),#185,.T.);
#1399=ADVANCED_FACE('',(#247),#186,.T.);
#1400=ADVANCED_FACE('',(#248),#187,.T.);
#1401=ADVANCED_FACE('',(#249),#188,.T.);
#1402=ADVANCED_FACE('',(#250,#151,#152,#153),#189,.F.);
#1403=ADVANCED_FACE('',(#251,#154,#155),#190,.T.);
#1404=ADVANCED_FACE('',(#252),#1349,.T.);
#1405=ADVANCED_FACE('',(#253,#156,#157),#191,.F.);
#1406=ADVANCED_FACE('',(#254),#1350,.T.);
#1407=ADVANCED_FACE('',(#255),#1351,.F.);
#1408=ADVANCED_FACE('',(#256),#1352,.F.);
#1409=ADVANCED_FACE('',(#257),#192,.T.);
#1410=ADVANCED_FACE('',(#258),#193,.T.);
#1411=ADVANCED_FACE('',(#259),#18,.F.);
#1412=ADVANCED_FACE('',(#260),#1353,.T.);
#1413=ADVANCED_FACE('',(#261,#158),#194,.T.);
#1414=ADVANCED_FACE('',(#262),#22,.T.);
#1415=ADVANCED_FACE('',(#263),#195,.T.);
#1416=ADVANCED_FACE('',(#264),#19,.T.);
#1417=ADVANCED_FACE('',(#265,#159),#196,.T.);
#1418=ADVANCED_FACE('',(#266),#1354,.T.);
#1419=ADVANCED_FACE('',(#267),#197,.F.);
#1420=ADVANCED_FACE('',(#268),#198,.F.);
#1421=ADVANCED_FACE('',(#269),#199,.F.);
#1422=ADVANCED_FACE('',(#270),#200,.F.);
#1423=ADVANCED_FACE('',(#271),#201,.F.);
#1424=ADVANCED_FACE('',(#272),#202,.F.);
#1425=ADVANCED_FACE('',(#273),#23,.F.);
#1426=CLOSED_SHELL('',(#1355,#1356,#1357,#1358,#1359,#1360,#1361,#1362,
#1363,#1364,#1365,#1366,#1367,#1368,#1369,#1370,#1371,#1372,#1373,#1374,
#1375,#1376,#1377,#1378,#1379,#1380,#1381));
#1427=CLOSED_SHELL('',(#1382,#1383,#1384,#1385,#1386,#1387,#1388,#1389,
#1390,#1391,#1392,#1393,#1394,#1395,#1396,#1397,#1398,#1399,#1400,#1401,
#1402));
#1428=CLOSED_SHELL('',(#1403,#1404,#1405,#1406,#1407,#1408,#1409,#1410));
#1429=CLOSED_SHELL('',(#1411,#1412,#1413,#1414,#1415,#1416,#1417,#1418,
#1419,#1420,#1421,#1422,#1423,#1424,#1425));
#1430=DERIVED_UNIT_ELEMENT(#1439,1.);
#1431=DERIVED_UNIT_ELEMENT(#2864,-3.);
#1432=DERIVED_UNIT_ELEMENT(#1439,1.);
#1433=DERIVED_UNIT_ELEMENT(#2864,-3.);
#1434=DERIVED_UNIT_ELEMENT(#1439,1.);
#1435=DERIVED_UNIT_ELEMENT(#2864,-3.);
#1436=DERIVED_UNIT_ELEMENT(#1439,1.);
#1437=DERIVED_UNIT_ELEMENT(#2864,-3.);
#1438=DIMENSIONAL_EXPONENTS(0.,1.,0.,0.,0.,0.,0.);
#1439=(
CONVERSION_BASED_UNIT('gram',#1441)
MASS_UNIT()
NAMED_UNIT(#1438)
);
#1440=(
MASS_UNIT()
NAMED_UNIT(*)
SI_UNIT(.KILO.,.GRAM.)
);
#1441=MASS_MEASURE_WITH_UNIT(MASS_MEASURE(0.001),#1440);
#1442=DERIVED_UNIT((#1430,#1431));
#1443=DERIVED_UNIT((#1432,#1433));
#1444=DERIVED_UNIT((#1434,#1435));
#1445=DERIVED_UNIT((#1436,#1437));
#1446=MEASURE_REPRESENTATION_ITEM('density measure',
POSITIVE_RATIO_MEASURE(7.85),#1442);
#1447=MEASURE_REPRESENTATION_ITEM('density measure',
POSITIVE_RATIO_MEASURE(7.85),#1443);
#1448=MEASURE_REPRESENTATION_ITEM('density measure',
POSITIVE_RATIO_MEASURE(7.85),#1444);
#1449=MEASURE_REPRESENTATION_ITEM('density measure',
POSITIVE_RATIO_MEASURE(7.85),#1445);
#1450=PROPERTY_DEFINITION_REPRESENTATION(#1470,#1458);
#1451=PROPERTY_DEFINITION_REPRESENTATION(#1471,#1459);
#1452=PROPERTY_DEFINITION_REPRESENTATION(#1472,#1460);
#1453=PROPERTY_DEFINITION_REPRESENTATION(#1473,#1461);
#1454=PROPERTY_DEFINITION_REPRESENTATION(#1474,#1462);
#1455=PROPERTY_DEFINITION_REPRESENTATION(#1475,#1463);
#1456=PROPERTY_DEFINITION_REPRESENTATION(#1476,#1464);
#1457=PROPERTY_DEFINITION_REPRESENTATION(#1477,#1465);
#1458=REPRESENTATION('material name',(#1466),#2857);
#1459=REPRESENTATION('density',(#1446),#2857);
#1460=REPRESENTATION('material name',(#1467),#2859);
#1461=REPRESENTATION('density',(#1447),#2859);
#1462=REPRESENTATION('material name',(#1468),#2860);
#1463=REPRESENTATION('density',(#1448),#2860);
#1464=REPRESENTATION('material name',(#1469),#2861);
#1465=REPRESENTATION('density',(#1449),#2861);
#1466=DESCRIPTIVE_REPRESENTATION_ITEM('\X2\92FC30018EDF92FC\X0\',
'\X2\92FC30018EDF92FC\X0\');
#1467=DESCRIPTIVE_REPRESENTATION_ITEM('\X2\92FC30018EDF92FC\X0\',
'\X2\92FC30018EDF92FC\X0\');
#1468=DESCRIPTIVE_REPRESENTATION_ITEM('\X2\92FC30018EDF92FC\X0\',
'\X2\92FC30018EDF92FC\X0\');
#1469=DESCRIPTIVE_REPRESENTATION_ITEM('\X2\92FC30018EDF92FC\X0\',
'\X2\92FC30018EDF92FC\X0\');
#1470=PROPERTY_DEFINITION('material property','material name',#2915);
#1471=PROPERTY_DEFINITION('material property','density of part',#2915);
#1472=PROPERTY_DEFINITION('material property','material name',#2917);
#1473=PROPERTY_DEFINITION('material property','density of part',#2917);
#1474=PROPERTY_DEFINITION('material property','material name',#2918);
#1475=PROPERTY_DEFINITION('material property','density of part',#2918);
#1476=PROPERTY_DEFINITION('material property','material name',#2919);
#1477=PROPERTY_DEFINITION('material property','density of part',#2919);
#1478=PRESENTATION_STYLE_ASSIGNMENT((#1479));
#1479=SURFACE_STYLE_USAGE(.BOTH.,#1482);
#1480=SURFACE_STYLE_RENDERING_WITH_PROPERTIES($,#1486,(#1481));
#1481=SURFACE_STYLE_TRANSPARENT(0.);
#1482=SURFACE_SIDE_STYLE('',(#1483,#1480));
#1483=SURFACE_STYLE_FILL_AREA(#1484);
#1484=FILL_AREA_STYLE('',(#1485));
#1485=FILL_AREA_STYLE_COLOUR('',#1486);
#1486=COLOUR_RGB('',0.745098039215686,0.737254901960784,0.729411764705882);
#1487=DATE_TIME_ROLE('creation_date');
#1488=DATE_TIME_ROLE('creation_date');
#1489=DATE_TIME_ROLE('creation_date');
#1490=DATE_TIME_ROLE('creation_date');
#1491=DATE_TIME_ROLE('creation_date');
#1492=DATE_TIME_ROLE('creation_date');
#1493=DATE_TIME_ROLE('creation_date');
#1494=APPLIED_DATE_AND_TIME_ASSIGNMENT(#1501,#1487,(#2913));
#1495=APPLIED_DATE_AND_TIME_ASSIGNMENT(#1502,#1488,(#2914));
#1496=APPLIED_DATE_AND_TIME_ASSIGNMENT(#1503,#1489,(#2915));
#1497=APPLIED_DATE_AND_TIME_ASSIGNMENT(#1504,#1490,(#2916));
#1498=APPLIED_DATE_AND_TIME_ASSIGNMENT(#1505,#1491,(#2917));
#1499=APPLIED_DATE_AND_TIME_ASSIGNMENT(#1506,#1492,(#2918));
#1500=APPLIED_DATE_AND_TIME_ASSIGNMENT(#1507,#1493,(#2919));
#1501=DATE_AND_TIME(#1508,#1515);
#1502=DATE_AND_TIME(#1509,#1516);
#1503=DATE_AND_TIME(#1510,#1517);
#1504=DATE_AND_TIME(#1511,#1518);
#1505=DATE_AND_TIME(#1512,#1519);
#1506=DATE_AND_TIME(#1513,#1520);
#1507=DATE_AND_TIME(#1514,#1521);
#1508=CALENDAR_DATE(2026,19,2);
#1509=CALENDAR_DATE(2026,19,2);
#1510=CALENDAR_DATE(2026,8,1);
#1511=CALENDAR_DATE(2026,19,2);
#1512=CALENDAR_DATE(2026,8,1);
#1513=CALENDAR_DATE(2026,19,2);
#1514=CALENDAR_DATE(2025,22,1);
#1515=LOCAL_TIME(0,0,0.,#1522);
#1516=LOCAL_TIME(0,0,0.,#1523);
#1517=LOCAL_TIME(0,0,0.,#1524);
#1518=LOCAL_TIME(0,0,0.,#1525);
#1519=LOCAL_TIME(0,0,0.,#1526);
#1520=LOCAL_TIME(0,0,0.,#1527);
#1521=LOCAL_TIME(0,0,0.,#1528);
#1522=COORDINATED_UNIVERSAL_TIME_OFFSET(0,0,.BEHIND.);
#1523=COORDINATED_UNIVERSAL_TIME_OFFSET(0,0,.BEHIND.);
#1524=COORDINATED_UNIVERSAL_TIME_OFFSET(0,0,.BEHIND.);
#1525=COORDINATED_UNIVERSAL_TIME_OFFSET(0,0,.BEHIND.);
#1526=COORDINATED_UNIVERSAL_TIME_OFFSET(0,0,.BEHIND.);
#1527=COORDINATED_UNIVERSAL_TIME_OFFSET(0,0,.BEHIND.);
#1528=COORDINATED_UNIVERSAL_TIME_OFFSET(0,0,.BEHIND.);
#1529=AXIS2_PLACEMENT_3D('',#2092,#1680,#1681);
#1530=AXIS2_PLACEMENT_3D('',#2093,#1682,#1683);
#1531=AXIS2_PLACEMENT_3D('',#2094,#1684,#1685);
#1532=AXIS2_PLACEMENT_3D('',#2095,#1686,#1687);
#1533=AXIS2_PLACEMENT_3D('',#2098,#1688,#1689);
#1534=AXIS2_PLACEMENT_3D('',#2117,#1692,#1693);
#1535=AXIS2_PLACEMENT_3D('',#2126,#1698,#1699);
#1536=AXIS2_PLACEMENT_3D('',#2127,#1700,#1701);
#1537=AXIS2_PLACEMENT_3D('',#2131,#1704,#1705);
#1538=AXIS2_PLACEMENT_3D('',#2134,#1706,#1707);
#1539=AXIS2_PLACEMENT_3D('',#2153,#1710,#1711);
#1540=AXIS2_PLACEMENT_3D('',#2162,#1716,#1717);
#1541=AXIS2_PLACEMENT_3D('',#2163,#1718,#1719);
#1542=AXIS2_PLACEMENT_3D('',#2164,#1720,#1721);
#1543=AXIS2_PLACEMENT_3D('',#2165,#1722,#1723);
#1544=AXIS2_PLACEMENT_3D('',#2168,#1724,#1725);
#1545=AXIS2_PLACEMENT_3D('',#2187,#1728,#1729);
#1546=AXIS2_PLACEMENT_3D('',#2196,#1734,#1735);
#1547=AXIS2_PLACEMENT_3D('',#2197,#1736,#1737);
#1548=AXIS2_PLACEMENT_3D('',#2198,#1738,#1739);
#1549=AXIS2_PLACEMENT_3D('',#2199,#1740,#1741);
#1550=AXIS2_PLACEMENT_3D('',#2202,#1742,#1743);
#1551=AXIS2_PLACEMENT_3D('',#2221,#1746,#1747);
#1552=AXIS2_PLACEMENT_3D('',#2230,#1752,#1753);
#1553=AXIS2_PLACEMENT_3D('',#2231,#1754,#1755);
#1554=AXIS2_PLACEMENT_3D('',#2235,#1758,#1759);
#1555=AXIS2_PLACEMENT_3D('',#2283,#1761,#1762);
#1556=AXIS2_PLACEMENT_3D('',#2284,#1763,#1764);
#1557=AXIS2_PLACEMENT_3D('',#2285,#1765,#1766);
#1558=AXIS2_PLACEMENT_3D('',#2287,#1767,#1768);
#1559=AXIS2_PLACEMENT_3D('',#2289,#1770,#1771);
#1560=AXIS2_PLACEMENT_3D('',#2298,#1776,#1777);
#1561=AXIS2_PLACEMENT_3D('',#2346,#1779,#1780);
#1562=AXIS2_PLACEMENT_3D('',#2348,#1782,#1783);
#1563=AXIS2_PLACEMENT_3D('',#2352,#1786,#1787);
#1564=AXIS2_PLACEMENT_3D('',#2353,#1788,#1789);
#1565=AXIS2_PLACEMENT_3D('',#2354,#1790,#1791);
#1566=AXIS2_PLACEMENT_3D('',#2447,#1792,#1793);
#1567=AXIS2_PLACEMENT_3D('',#2449,#1795,#1796);
#1568=AXIS2_PLACEMENT_3D('',#2451,#1798,#1799);
#1569=AXIS2_PLACEMENT_3D('',#2453,#1801,#1802);
#1570=AXIS2_PLACEMENT_3D('',#2454,#1803,#1804);
#1571=AXIS2_PLACEMENT_3D('',#2463,#1809,#1810);
#1572=AXIS2_PLACEMENT_3D('',#2466,#1813,#1814);
#1573=AXIS2_PLACEMENT_3D('',#2468,#1816,#1817);
#1574=AXIS2_PLACEMENT_3D('',#2470,#1819,#1820);
#1575=AXIS2_PLACEMENT_3D('',#2471,#1821,#1822);
#1576=AXIS2_PLACEMENT_3D('',#2472,#1823,#1824);
#1577=AXIS2_PLACEMENT_3D('',#2473,#1825,#1826);
#1578=AXIS2_PLACEMENT_3D('',#2474,#1827,#1828);
#1579=AXIS2_PLACEMENT_3D('',#2477,#1829,#1830);
#1580=AXIS2_PLACEMENT_3D('',#2496,#1833,#1834);
#1581=AXIS2_PLACEMENT_3D('',#2505,#1839,#1840);
#1582=AXIS2_PLACEMENT_3D('',#2506,#1841,#1842);
#1583=AXIS2_PLACEMENT_3D('',#2507,#1843,#1844);
#1584=AXIS2_PLACEMENT_3D('',#2508,#1845,#1846);
#1585=AXIS2_PLACEMENT_3D('',#2511,#1847,#1848);
#1586=AXIS2_PLACEMENT_3D('',#2530,#1851,#1852);
#1587=AXIS2_PLACEMENT_3D('',#2539,#1857,#1858);
#1588=AXIS2_PLACEMENT_3D('',#2540,#1859,#1860);
#1589=AXIS2_PLACEMENT_3D('',#2544,#1863,#1864);
#1590=AXIS2_PLACEMENT_3D('',#2546,#1865,#1866);
#1591=AXIS2_PLACEMENT_3D('',#2549,#1868,#1869);
#1592=AXIS2_PLACEMENT_3D('',#2551,#1870,#1871);
#1593=AXIS2_PLACEMENT_3D('',#2553,#1873,#1874);
#1594=AXIS2_PLACEMENT_3D('',#2555,#1875,#1876);
#1595=AXIS2_PLACEMENT_3D('',#2558,#1878,#1879);
#1596=AXIS2_PLACEMENT_3D('',#2560,#1880,#1881);
#1597=AXIS2_PLACEMENT_3D('',#2562,#1883,#1884);
#1598=AXIS2_PLACEMENT_3D('',#2566,#1887,#1888);
#1599=AXIS2_PLACEMENT_3D('',#2614,#1890,#1891);
#1600=AXIS2_PLACEMENT_3D('',#2616,#1892,#1893);
#1601=AXIS2_PLACEMENT_3D('',#2618,#1895,#1896);
#1602=AXIS2_PLACEMENT_3D('',#2619,#1897,#1898);
#1603=AXIS2_PLACEMENT_3D('',#2620,#1899,#1900);
#1604=AXIS2_PLACEMENT_3D('',#2667,#1901,#1902);
#1605=AXIS2_PLACEMENT_3D('',#2669,#1904,#1905);
#1606=AXIS2_PLACEMENT_3D('',#2670,#1906,#1907);
#1607=AXIS2_PLACEMENT_3D('',#2679,#1912,#1913);
#1608=AXIS2_PLACEMENT_3D('',#2685,#1917,#1918);
#1609=AXIS2_PLACEMENT_3D('',#2689,#1921,#1922);
#1610=AXIS2_PLACEMENT_3D('',#2693,#1925,#1926);
#1611=AXIS2_PLACEMENT_3D('',#2695,#1928,#1929);
#1612=AXIS2_PLACEMENT_3D('',#2696,#1930,#1931);
#1613=AXIS2_PLACEMENT_3D('',#2697,#1932,#1933);
#1614=AXIS2_PLACEMENT_3D('',#2698,#1934,#1935);
#1615=AXIS2_PLACEMENT_3D('',#2701,#1936,#1937);
#1616=AXIS2_PLACEMENT_3D('',#2705,#1939,#1940);
#1617=AXIS2_PLACEMENT_3D('',#2708,#1942,#1943);
#1618=AXIS2_PLACEMENT_3D('',#2710,#1944,#1945);
#1619=AXIS2_PLACEMENT_3D('',#2711,#1946,#1947);
#1620=AXIS2_PLACEMENT_3D('',#2715,#1949,#1950);
#1621=AXIS2_PLACEMENT_3D('',#2717,#1952,#1953);
#1622=AXIS2_PLACEMENT_3D('',#2721,#1955,#1956);
#1623=AXIS2_PLACEMENT_3D('',#2724,#1958,#1959);
#1624=AXIS2_PLACEMENT_3D('',#2726,#1960,#1961);
#1625=AXIS2_PLACEMENT_3D('',#2727,#1962,#1963);
#1626=AXIS2_PLACEMENT_3D('',#2730,#1966,#1967);
#1627=AXIS2_PLACEMENT_3D('',#2732,#1969,#1970);
#1628=AXIS2_PLACEMENT_3D('',#2734,#1972,#1973);
#1629=AXIS2_PLACEMENT_3D('',#2735,#1974,#1975);
#1630=AXIS2_PLACEMENT_3D('',#2736,#1976,#1977);
#1631=AXIS2_PLACEMENT_3D('',#2737,#1978,#1979);
#1632=AXIS2_PLACEMENT_3D('',#2739,#1980,#1981);
#1633=AXIS2_PLACEMENT_3D('',#2741,#1982,#1983);
#1634=AXIS2_PLACEMENT_3D('',#2743,#1984,#1985);
#1635=AXIS2_PLACEMENT_3D('',#2744,#1986,#1987);
#1636=AXIS2_PLACEMENT_3D('',#2745,#1988,#1989);
#1637=AXIS2_PLACEMENT_3D('',#2748,#1990,#1991);
#1638=AXIS2_PLACEMENT_3D('',#2749,#1992,#1993);
#1639=AXIS2_PLACEMENT_3D('',#2751,#1995,#1996);
#1640=AXIS2_PLACEMENT_3D('',#2753,#1997,#1998);
#1641=AXIS2_PLACEMENT_3D('',#2754,#1999,#2000);
#1642=AXIS2_PLACEMENT_3D('',#2756,#2001,#2002);
#1643=AXIS2_PLACEMENT_3D('',#2758,#2004,#2005);
#1644=AXIS2_PLACEMENT_3D('',#2759,#2006,#2007);
#1645=AXIS2_PLACEMENT_3D('',#2762,#2008,#2009);
#1646=AXIS2_PLACEMENT_3D('',#2763,#2010,#2011);
#1647=AXIS2_PLACEMENT_3D('',#2765,#2012,#2013);
#1648=AXIS2_PLACEMENT_3D('',#2766,#2014,#2015);
#1649=AXIS2_PLACEMENT_3D('',#2767,#2016,#2017);
#1650=AXIS2_PLACEMENT_3D('',#2780,#2024,#2025);
#1651=AXIS2_PLACEMENT_3D('',#2782,#2027,#2028);
#1652=AXIS2_PLACEMENT_3D('',#2790,#2031,#2032);
#1653=AXIS2_PLACEMENT_3D('',#2796,#2034,#2035);
#1654=AXIS2_PLACEMENT_3D('',#2802,#2037,#2038);
#1655=AXIS2_PLACEMENT_3D('',#2808,#2040,#2041);
#1656=AXIS2_PLACEMENT_3D('',#2818,#2043,#2044);
#1657=AXIS2_PLACEMENT_3D('',#2822,#2045,#2046);
#1658=AXIS2_PLACEMENT_3D('',#2825,#2048,#2049);
#1659=AXIS2_PLACEMENT_3D('',#2826,#2050,#2051);
#1660=AXIS2_PLACEMENT_3D('',#2827,#2052,#2053);
#1661=AXIS2_PLACEMENT_3D('',#2828,#2054,#2055);
#1662=AXIS2_PLACEMENT_3D('',#2829,#2056,#2057);
#1663=AXIS2_PLACEMENT_3D('',#2830,#2058,#2059);
#1664=AXIS2_PLACEMENT_3D('',#2831,#2060,#2061);
#1665=AXIS2_PLACEMENT_3D('',#2832,#2062,#2063);
#1666=AXIS2_PLACEMENT_3D('',#2833,#2064,#2065);
#1667=AXIS2_PLACEMENT_3D('',#2834,#2066,#2067);
#1668=AXIS2_PLACEMENT_3D('',#2835,#2068,#2069);
#1669=AXIS2_PLACEMENT_3D('',#2836,#2070,#2071);
#1670=AXIS2_PLACEMENT_3D('',#2837,#2072,#2073);
#1671=AXIS2_PLACEMENT_3D('',#2838,#2074,#2075);
#1672=AXIS2_PLACEMENT_3D('',#2839,#2076,#2077);
#1673=AXIS2_PLACEMENT_3D('',#2840,#2078,#2079);
#1674=AXIS2_PLACEMENT_3D('',#2841,#2080,#2081);
#1675=AXIS2_PLACEMENT_3D('',#2842,#2082,#2083);
#1676=AXIS2_PLACEMENT_3D('',#2843,#2084,#2085);
#1677=AXIS2_PLACEMENT_3D('',#2844,#2086,#2087);
#1678=AXIS2_PLACEMENT_3D('',#2845,#2088,#2089);
#1679=AXIS2_PLACEMENT_3D('',#2846,#2090,#2091);
#1680=DIRECTION('axis',(0.,0.,1.));
#1681=DIRECTION('refdir',(1.,0.,0.));
#1682=DIRECTION('axis',(0.,0.,1.));
#1683=DIRECTION('refdir',(1.,0.,0.));
#1684=DIRECTION('axis',(0.,0.,1.));
#1685=DIRECTION('refdir',(1.,0.,0.));
#1686=DIRECTION('center_axis',(2.66453525910038E-16,1.,0.));
#1687=DIRECTION('ref_axis',(0.707106781186547,-3.14018491736755E-16,0.707106781186547));
#1688=DIRECTION('center_axis',(1.22681520349232E-16,1.,0.));
#1689=DIRECTION('ref_axis',(0.707106781186547,-3.14018491736755E-16,0.707106781186547));
#1690=DIRECTION('',(2.66453525910038E-16,1.,0.));
#1691=DIRECTION('',(-2.66453525910038E-16,-1.,0.));
#1692=DIRECTION('center_axis',(-1.22681520349232E-16,-1.,0.));
#1693=DIRECTION('ref_axis',(1.,-1.22681520349232E-16,0.));
#1694=DIRECTION('',(0.,0.,1.));
#1695=DIRECTION('',(1.,-1.22681520349232E-16,0.));
#1696=DIRECTION('',(0.,0.,-1.));
#1697=DIRECTION('',(1.,-1.22681520349232E-16,0.));
#1698=DIRECTION('center_axis',(1.22681520349232E-16,1.,0.));
#1699=DIRECTION('ref_axis',(-1.,1.22681520349232E-16,0.));
#1700=DIRECTION('center_axis',(1.,-2.66453525910038E-16,0.));
#1701=DIRECTION('ref_axis',(2.66453525910038E-16,1.,0.));
#1702=DIRECTION('',(0.,0.,1.));
#1703=DIRECTION('',(2.66453525910038E-16,1.,0.));
#1704=DIRECTION('center_axis',(2.66453525910038E-16,1.,0.));
#1705=DIRECTION('ref_axis',(0.707106781186548,-3.14018491736755E-16,-0.707106781186547));
#1706=DIRECTION('center_axis',(1.22681520349232E-16,1.,0.));
#1707=DIRECTION('ref_axis',(0.707106781186548,-3.14018491736755E-16,-0.707106781186547));
#1708=DIRECTION('',(2.66453525910038E-16,1.,0.));
#1709=DIRECTION('',(-2.66453525910038E-16,-1.,0.));
#1710=DIRECTION('center_axis',(1.22681520349232E-16,1.,0.));
#1711=DIRECTION('ref_axis',(1.,-1.22681520349232E-16,0.));
#1712=DIRECTION('',(1.,-1.22681520349232E-16,0.));
#1713=DIRECTION('',(0.,0.,-1.));
#1714=DIRECTION('',(-1.,1.22681520349232E-16,0.));
#1715=DIRECTION('',(0.,0.,-1.));
#1716=DIRECTION('center_axis',(-1.22681520349232E-16,-1.,0.));
#1717=DIRECTION('ref_axis',(-1.,1.22681520349232E-16,0.));
#1718=DIRECTION('center_axis',(0.,0.,1.));
#1719=DIRECTION('ref_axis',(1.,0.,0.));
#1720=DIRECTION('center_axis',(0.,0.,-1.));
#1721=DIRECTION('ref_axis',(1.,0.,0.));
#1722=DIRECTION('center_axis',(-2.66453525910038E-16,1.,0.));
#1723=DIRECTION('ref_axis',(-0.707106781186548,-3.14018491736755E-16,0.707106781186547));
#1724=DIRECTION('center_axis',(-1.22681520349232E-16,1.,0.));
#1725=DIRECTION('ref_axis',(-0.707106781186548,-3.14018491736755E-16,0.707106781186547));
#1726=DIRECTION('',(-2.66453525910038E-16,1.,0.));
#1727=DIRECTION('',(2.66453525910038E-16,-1.,0.));
#1728=DIRECTION('center_axis',(-1.22681520349232E-16,1.,0.));
#1729=DIRECTION('ref_axis',(-1.,-1.22681520349232E-16,0.));
#1730=DIRECTION('',(-1.,-1.22681520349232E-16,0.));
#1731=DIRECTION('',(0.,0.,-1.));
#1732=DIRECTION('',(1.,1.22681520349232E-16,0.));
#1733=DIRECTION('',(0.,0.,1.));
#1734=DIRECTION('center_axis',(1.22681520349232E-16,-1.,0.));
#1735=DIRECTION('ref_axis',(1.,1.22681520349232E-16,0.));
#1736=DIRECTION('center_axis',(0.,0.,-1.));
#1737=DIRECTION('ref_axis',(-1.,0.,0.));
#1738=DIRECTION('center_axis',(0.,0.,1.));
#1739=DIRECTION('ref_axis',(1.,0.,0.));
#1740=DIRECTION('center_axis',(-2.66453525910038E-16,1.,0.));
#1741=DIRECTION('ref_axis',(-0.707106781186547,-3.14018491736755E-16,-0.707106781186547));
#1742=DIRECTION('center_axis',(-1.22681520349232E-16,1.,0.));
#1743=DIRECTION('ref_axis',(-0.707106781186547,-3.14018491736755E-16,-0.707106781186547));
#1744=DIRECTION('',(-2.66453525910038E-16,1.,0.));
#1745=DIRECTION('',(2.66453525910038E-16,-1.,0.));
#1746=DIRECTION('center_axis',(1.22681520349232E-16,-1.,0.));
#1747=DIRECTION('ref_axis',(-1.,-1.22681520349232E-16,0.));
#1748=DIRECTION('',(0.,0.,-1.));
#1749=DIRECTION('',(-1.,-1.22681520349232E-16,0.));
#1750=DIRECTION('',(0.,0.,-1.));
#1751=DIRECTION('',(-1.,-1.22681520349232E-16,0.));
#1752=DIRECTION('center_axis',(1.22681520349232E-16,-1.,0.));
#1753=DIRECTION('ref_axis',(1.,1.22681520349232E-16,0.));
#1754=DIRECTION('center_axis',(-1.,-2.66453525910038E-16,0.));
#1755=DIRECTION('ref_axis',(-2.66453525910038E-16,1.,0.));
#1756=DIRECTION('',(0.,0.,-1.));
#1757=DIRECTION('',(-2.66453525910038E-16,1.,0.));
#1758=DIRECTION('center_axis',(1.22681520349232E-16,1.,0.));
#1759=DIRECTION('ref_axis',(-1.,1.22681520349232E-16,0.));
#1760=DIRECTION('',(-1.22681520349232E-16,-1.,0.));
#1761=DIRECTION('center_axis',(0.,0.,1.));
#1762=DIRECTION('ref_axis',(1.,0.,0.));
#1763=DIRECTION('center_axis',(0.,0.,1.));
#1764=DIRECTION('ref_axis',(1.,0.,0.));
#1765=DIRECTION('center_axis',(0.,0.,1.));
#1766=DIRECTION('ref_axis',(1.,0.,0.));
#1767=DIRECTION('center_axis',(0.,0.,-1.));
#1768=DIRECTION('ref_axis',(1.,0.,0.));
#1769=DIRECTION('',(2.66453525910038E-16,-1.,0.));
#1770=DIRECTION('center_axis',(0.,0.,-1.));
#1771=DIRECTION('ref_axis',(1.,0.,0.));
#1772=DIRECTION('',(-4.80096443081149E-16,1.,0.));
#1773=DIRECTION('',(-1.,-1.20024110770287E-16,0.));
#1774=DIRECTION('',(3.00060276925718E-16,-1.,0.));
#1775=DIRECTION('',(1.,2.40048221540574E-16,0.));
#1776=DIRECTION('center_axis',(1.22681520349232E-16,-1.,0.));
#1777=DIRECTION('ref_axis',(1.,1.22681520349232E-16,0.));
#1778=DIRECTION('',(1.22681520349232E-16,-1.,0.));
#1779=DIRECTION('center_axis',(1.,2.66453525910038E-16,0.));
#1780=DIRECTION('ref_axis',(-2.66453525910038E-16,1.,0.));
#1781=DIRECTION('',(0.,0.,-1.));
#1782=DIRECTION('center_axis',(0.,0.,-1.));
#1783=DIRECTION('ref_axis',(1.,0.,0.));
#1784=DIRECTION('',(0.,0.,1.));
#1785=DIRECTION('',(0.,0.,1.));
#1786=DIRECTION('center_axis',(0.,0.,1.));
#1787=DIRECTION('ref_axis',(1.,0.,0.));
#1788=DIRECTION('center_axis',(0.,0.,-1.));
#1789=DIRECTION('ref_axis',(1.,0.,0.));
#1790=DIRECTION('center_axis',(0.,0.,1.));
#1791=DIRECTION('ref_axis',(1.,0.,0.));
#1792=DIRECTION('center_axis',(-1.,2.66453525910038E-16,0.));
#1793=DIRECTION('ref_axis',(2.66453525910038E-16,1.,0.));
#1794=DIRECTION('',(-2.66453525910038E-16,-1.,0.));
#1795=DIRECTION('center_axis',(-1.22681520349232E-16,-1.,0.));
#1796=DIRECTION('ref_axis',(-1.,1.22681520349232E-16,0.));
#1797=DIRECTION('',(-1.22681520349232E-16,-1.,0.));
#1798=DIRECTION('center_axis',(-1.22681520349232E-16,1.,0.));
#1799=DIRECTION('ref_axis',(1.,1.22681520349232E-16,0.));
#1800=DIRECTION('',(1.22681520349232E-16,-1.,0.));
#1801=DIRECTION('center_axis',(0.,0.,-1.));
#1802=DIRECTION('ref_axis',(-1.,0.,0.));
#1803=DIRECTION('center_axis',(0.,0.,1.));
#1804=DIRECTION('ref_axis',(1.,0.,0.));
#1805=DIRECTION('',(4.80096443081149E-16,-1.,0.));
#1806=DIRECTION('',(-1.,-2.40048221540574E-16,0.));
#1807=DIRECTION('',(-3.00060276925718E-16,1.,0.));
#1808=DIRECTION('',(1.,1.20024110770287E-16,0.));
#1809=DIRECTION('center_axis',(-2.40048221540574E-16,1.,0.));
#1810=DIRECTION('ref_axis',(1.,2.40048221540574E-16,0.));
#1811=DIRECTION('',(0.,0.,-1.));
#1812=DIRECTION('',(0.,0.,-1.));
#1813=DIRECTION('center_axis',(1.,3.00060276925718E-16,0.));
#1814=DIRECTION('ref_axis',(3.00060276925718E-16,-1.,0.));
#1815=DIRECTION('',(0.,0.,-1.));
#1816=DIRECTION('center_axis',(1.20024110770287E-16,-1.,0.));
#1817=DIRECTION('ref_axis',(-1.,-1.20024110770287E-16,0.));
#1818=DIRECTION('',(0.,0.,-1.));
#1819=DIRECTION('center_axis',(-1.,-4.80096443081149E-16,0.));
#1820=DIRECTION('ref_axis',(-4.80096443081149E-16,1.,0.));
#1821=DIRECTION('',(3.05311331771916E-16,-6.0986906662733E-17,1.));
#1822=DIRECTION('',(1.,-2.98598499738601E-16,-3.05311331771916E-16));
#1823=DIRECTION('axis',(0.,0.,1.));
#1824=DIRECTION('refdir',(1.,0.,0.));
#1825=DIRECTION('axis',(0.,0.,1.));
#1826=DIRECTION('refdir',(1.,0.,0.));
#1827=DIRECTION('center_axis',(2.66453525910038E-16,1.,0.));
#1828=DIRECTION('ref_axis',(0.707106781186548,-3.14018491736755E-16,-0.707106781186547));
#1829=DIRECTION('center_axis',(1.22681520349232E-16,1.,0.));
#1830=DIRECTION('ref_axis',(0.707106781186548,-3.14018491736755E-16,-0.707106781186547));
#1831=DIRECTION('',(2.66453525910038E-16,1.,0.));
#1832=DIRECTION('',(-2.66453525910038E-16,-1.,0.));
#1833=DIRECTION('center_axis',(1.22681520349232E-16,1.,0.));
#1834=DIRECTION('ref_axis',(1.,-1.22681520349232E-16,0.));
#1835=DIRECTION('',(1.,-1.22681520349232E-16,0.));
#1836=DIRECTION('',(0.,0.,-1.));
#1837=DIRECTION('',(-1.,1.22681520349232E-16,0.));
#1838=DIRECTION('',(0.,0.,-1.));
#1839=DIRECTION('center_axis',(-1.22681520349232E-16,-1.,0.));
#1840=DIRECTION('ref_axis',(-1.,1.22681520349232E-16,0.));
#1841=DIRECTION('center_axis',(0.,0.,1.));
#1842=DIRECTION('ref_axis',(1.,0.,0.));
#1843=DIRECTION('center_axis',(0.,0.,-1.));
#1844=DIRECTION('ref_axis',(1.,0.,0.));
#1845=DIRECTION('center_axis',(-2.66453525910038E-16,1.,0.));
#1846=DIRECTION('ref_axis',(-0.707106781186547,-3.14018491736755E-16,-0.707106781186547));
#1847=DIRECTION('center_axis',(-1.22681520349232E-16,1.,0.));
#1848=DIRECTION('ref_axis',(-0.707106781186547,-3.14018491736755E-16,-0.707106781186547));
#1849=DIRECTION('',(-2.66453525910038E-16,1.,0.));
#1850=DIRECTION('',(2.66453525910038E-16,-1.,0.));
#1851=DIRECTION('center_axis',(1.22681520349232E-16,-1.,0.));
#1852=DIRECTION('ref_axis',(-1.,-1.22681520349232E-16,0.));
#1853=DIRECTION('',(0.,0.,-1.));
#1854=DIRECTION('',(-1.,-1.22681520349232E-16,0.));
#1855=DIRECTION('',(0.,0.,-1.));
#1856=DIRECTION('',(-1.,-1.22681520349232E-16,0.));
#1857=DIRECTION('center_axis',(1.22681520349232E-16,-1.,0.));
#1858=DIRECTION('ref_axis',(1.,1.22681520349232E-16,0.));
#1859=DIRECTION('center_axis',(-1.,-2.66453525910038E-16,0.));
#1860=DIRECTION('ref_axis',(-2.66453525910038E-16,1.,0.));
#1861=DIRECTION('',(0.,0.,-1.));
#1862=DIRECTION('',(-2.66453525910038E-16,1.,0.));
#1863=DIRECTION('center_axis',(0.,0.,-1.));
#1864=DIRECTION('ref_axis',(-1.,0.,0.));
#1865=DIRECTION('center_axis',(0.,0.,-1.));
#1866=DIRECTION('ref_axis',(-1.,0.,0.));
#1867=DIRECTION('',(-0.857167300702112,1.04972719113862E-16,0.515038074910054));
#1868=DIRECTION('center_axis',(0.,0.,-1.));
#1869=DIRECTION('ref_axis',(-1.,0.,0.));
#1870=DIRECTION('center_axis',(0.,0.,1.));
#1871=DIRECTION('ref_axis',(-1.,0.,0.));
#1872=DIRECTION('',(0.,0.,1.));
#1873=DIRECTION('center_axis',(0.,0.,-1.));
#1874=DIRECTION('ref_axis',(-1.,0.,0.));
#1875=DIRECTION('center_axis',(0.,0.,-1.));
#1876=DIRECTION('ref_axis',(-1.,0.,0.));
#1877=DIRECTION('',(-0.857167300702112,1.04972719113862E-16,0.515038074910054));
#1878=DIRECTION('center_axis',(0.,0.,-1.));
#1879=DIRECTION('ref_axis',(-1.,0.,0.));
#1880=DIRECTION('center_axis',(0.,0.,1.));
#1881=DIRECTION('ref_axis',(-1.,0.,0.));
#1882=DIRECTION('',(0.,0.,1.));
#1883=DIRECTION('center_axis',(-1.,2.66453525910038E-16,0.));
#1884=DIRECTION('ref_axis',(2.66453525910038E-16,1.,0.));
#1885=DIRECTION('',(-2.66453525910038E-16,-1.,0.));
#1886=DIRECTION('',(0.,0.,1.));
#1887=DIRECTION('center_axis',(-1.22681520349232E-16,-1.,0.));
#1888=DIRECTION('ref_axis',(-1.,1.22681520349232E-16,0.));
#1889=DIRECTION('',(-1.22681520349232E-16,-1.,0.));
#1890=DIRECTION('center_axis',(0.,0.,-1.));
#1891=DIRECTION('ref_axis',(1.,0.,0.));
#1892=DIRECTION('center_axis',(0.,0.,-1.));
#1893=DIRECTION('ref_axis',(1.,0.,0.));
#1894=DIRECTION('',(0.,0.,1.));
#1895=DIRECTION('center_axis',(0.,0.,1.));
#1896=DIRECTION('ref_axis',(1.,0.,0.));
#1897=DIRECTION('center_axis',(0.,0.,-1.));
#1898=DIRECTION('ref_axis',(1.,0.,0.));
#1899=DIRECTION('center_axis',(0.,0.,1.));
#1900=DIRECTION('ref_axis',(1.,0.,0.));
#1901=DIRECTION('center_axis',(-1.22681520349232E-16,1.,0.));
#1902=DIRECTION('ref_axis',(1.,1.22681520349232E-16,0.));
#1903=DIRECTION('',(1.22681520349232E-16,-1.,0.));
#1904=DIRECTION('center_axis',(0.,0.,-1.));
#1905=DIRECTION('ref_axis',(-1.,0.,0.));
#1906=DIRECTION('center_axis',(0.,0.,1.));
#1907=DIRECTION('ref_axis',(1.,0.,0.));
#1908=DIRECTION('',(4.80096443081149E-16,-1.,0.));
#1909=DIRECTION('',(-1.,-2.40048221540574E-16,0.));
#1910=DIRECTION('',(-3.00060276925718E-16,1.,0.));
#1911=DIRECTION('',(1.,1.20024110770287E-16,0.));
#1912=DIRECTION('center_axis',(-2.40048221540574E-16,1.,0.));
#1913=DIRECTION('ref_axis',(1.,2.40048221540574E-16,0.));
#1914=DIRECTION('',(0.,0.,-1.));
#1915=DIRECTION('',(1.,2.40048221540574E-16,0.));
#1916=DIRECTION('',(0.,0.,-1.));
#1917=DIRECTION('center_axis',(1.,3.00060276925718E-16,0.));
#1918=DIRECTION('ref_axis',(3.00060276925718E-16,-1.,0.));
#1919=DIRECTION('',(3.00060276925718E-16,-1.,0.));
#1920=DIRECTION('',(0.,0.,-1.));
#1921=DIRECTION('center_axis',(1.20024110770287E-16,-1.,0.));
#1922=DIRECTION('ref_axis',(-1.,-1.20024110770287E-16,0.));
#1923=DIRECTION('',(-1.,-1.20024110770287E-16,0.));
#1924=DIRECTION('',(0.,0.,-1.));
#1925=DIRECTION('center_axis',(-1.,-4.80096443081149E-16,0.));
#1926=DIRECTION('ref_axis',(-4.80096443081149E-16,1.,0.));
#1927=DIRECTION('',(-4.80096443081149E-16,1.,0.));
#1928=DIRECTION('center_axis',(0.,0.,1.));
#1929=DIRECTION('ref_axis',(1.,0.,0.));
#1930=DIRECTION('',(0.,0.,1.));
#1931=DIRECTION('',(1.,0.,0.));
#1932=DIRECTION('axis',(0.,0.,1.));
#1933=DIRECTION('refdir',(1.,0.,0.));
#1934=DIRECTION('center_axis',(0.,1.,0.));
#1935=DIRECTION('ref_axis',(0.,0.,1.));
#1936=DIRECTION('center_axis',(0.,-1.,0.));
#1937=DIRECTION('ref_axis',(-0.707106781186547,0.,0.707106781186548));
#1938=DIRECTION('',(1.,0.,-1.2335811384724E-16));
#1939=DIRECTION('center_axis',(0.,-1.,0.));
#1940=DIRECTION('ref_axis',(0.707106781186548,0.,-0.707106781186547));
#1941=DIRECTION('',(-1.,0.,2.46716227694479E-16));
#1942=DIRECTION('center_axis',(0.,-1.,0.));
#1943=DIRECTION('ref_axis',(1.,0.,0.));
#1944=DIRECTION('center_axis',(0.,-1.,0.));
#1945=DIRECTION('ref_axis',(1.,0.,0.));
#1946=DIRECTION('center_axis',(0.,1.,0.));
#1947=DIRECTION('ref_axis',(-0.707106781186547,0.,0.707106781186548));
#1948=DIRECTION('',(0.,-1.,0.));
#1949=DIRECTION('center_axis',(0.,1.,0.));
#1950=DIRECTION('ref_axis',(-0.707106781186547,0.,0.707106781186548));
#1951=DIRECTION('',(0.,1.,0.));
#1952=DIRECTION('center_axis',(0.,1.,0.));
#1953=DIRECTION('ref_axis',(0.,0.,1.));
#1954=DIRECTION('',(-1.,0.,2.46716227694479E-16));
#1955=DIRECTION('center_axis',(0.,1.,0.));
#1956=DIRECTION('ref_axis',(0.707106781186548,0.,-0.707106781186547));
#1957=DIRECTION('',(1.,0.,-1.2335811384724E-16));
#1958=DIRECTION('center_axis',(0.,1.,0.));
#1959=DIRECTION('ref_axis',(1.,0.,0.));
#1960=DIRECTION('center_axis',(0.,1.,0.));
#1961=DIRECTION('ref_axis',(1.,0.,0.));
#1962=DIRECTION('center_axis',(0.,1.,0.));
#1963=DIRECTION('ref_axis',(0.707106781186547,0.,0.707106781186548));
#1964=DIRECTION('',(0.,-1.,0.));
#1965=DIRECTION('',(0.,1.,0.));
#1966=DIRECTION('center_axis',(0.,1.,0.));
#1967=DIRECTION('ref_axis',(1.,0.,0.));
#1968=DIRECTION('',(0.,-1.,0.));
#1969=DIRECTION('center_axis',(0.,1.,0.));
#1970=DIRECTION('ref_axis',(1.,0.,0.));
#1971=DIRECTION('',(0.,-1.,0.));
#1972=DIRECTION('center_axis',(1.2335811384724E-16,0.,1.));
#1973=DIRECTION('ref_axis',(1.,0.,-1.2335811384724E-16));
#1974=DIRECTION('center_axis',(-2.46716227694479E-16,0.,-1.));
#1975=DIRECTION('ref_axis',(-1.,0.,2.46716227694479E-16));
#1976=DIRECTION('axis',(0.,0.,1.));
#1977=DIRECTION('refdir',(1.,0.,0.));
#1978=DIRECTION('center_axis',(1.,1.72095142369514E-17,0.));
#1979=DIRECTION('ref_axis',(0.,0.,-1.));
#1980=DIRECTION('center_axis',(1.,1.72095142369514E-17,0.));
#1981=DIRECTION('ref_axis',(1.72095142369514E-17,-1.,1.22464679914735E-16));
#1982=DIRECTION('center_axis',(1.72095142369514E-17,-1.,-1.22464679914735E-16));
#1983=DIRECTION('ref_axis',(0.,-1.22464679914735E-16,1.));
#1984=DIRECTION('center_axis',(-1.,-1.72095142369514E-17,0.));
#1985=DIRECTION('ref_axis',(1.73472347597681E-17,-1.,1.22464679914735E-16));
#1986=DIRECTION('center_axis',(-1.,-1.72095142369514E-17,0.));
#1987=DIRECTION('ref_axis',(1.73472347597681E-17,-1.,1.22464679914735E-16));
#1988=DIRECTION('center_axis',(1.,1.72095142369514E-17,0.));
#1989=DIRECTION('ref_axis',(0.,1.,0.));
#1990=DIRECTION('center_axis',(1.,1.72095142369514E-17,0.));
#1991=DIRECTION('ref_axis',(0.,-1.,0.));
#1992=DIRECTION('center_axis',(1.,1.72095142369514E-17,0.));
#1993=DIRECTION('ref_axis',(0.,-1.,0.));
#1994=DIRECTION('',(-1.,-1.72095142369514E-17,0.));
#1995=DIRECTION('center_axis',(1.,1.72095142369514E-17,0.));
#1996=DIRECTION('ref_axis',(0.,0.,-1.));
#1997=DIRECTION('center_axis',(1.,1.72095142369514E-17,0.));
#1998=DIRECTION('ref_axis',(0.,1.,0.));
#1999=DIRECTION('center_axis',(-1.,-1.72095142369514E-17,0.));
#2000=DIRECTION('ref_axis',(7.56990938959368E-18,-1.,0.));
#2001=DIRECTION('center_axis',(-1.,-1.72095142369514E-17,0.));
#2002=DIRECTION('ref_axis',(1.72095142369514E-17,-1.,0.));
#2003=DIRECTION('',(-0.707106781186547,0.707106781186548,8.65956056235494E-17));
#2004=DIRECTION('center_axis',(1.,1.72095142369514E-17,0.));
#2005=DIRECTION('ref_axis',(0.,0.,-1.));
#2006=DIRECTION('center_axis',(1.,1.72095142369514E-17,0.));
#2007=DIRECTION('ref_axis',(0.,0.,-1.));
#2008=DIRECTION('center_axis',(-1.,-1.72095142369514E-17,0.));
#2009=DIRECTION('ref_axis',(1.98254111540206E-17,-1.,1.22464679914735E-16));
#2010=DIRECTION('center_axis',(-1.,-1.72095142369514E-17,0.));
#2011=DIRECTION('ref_axis',(1.98254111540206E-17,-1.,1.22464679914735E-16));
#2012=DIRECTION('center_axis',(1.72095142369514E-17,-1.,-1.22464679914735E-16));
#2013=DIRECTION('ref_axis',(0.,-1.22464679914735E-16,1.));
#2014=DIRECTION('center_axis',(1.,1.72095142369514E-17,0.));
#2015=DIRECTION('ref_axis',(1.72095142369514E-17,-1.,1.22464679914735E-16));
#2016=DIRECTION('center_axis',(-1.,-1.72095142369514E-17,0.));
#2017=DIRECTION('ref_axis',(0.,0.,1.));
#2018=DIRECTION('',(-2.75777114403703E-33,1.60246890531964E-16,1.));
#2019=DIRECTION('',(1.49038765159899E-17,-0.866025403784438,0.5));
#2020=DIRECTION('',(1.49038765159899E-17,-0.866025403784439,-0.5));
#2021=DIRECTION('',(2.75777114403702E-33,-1.60246890531964E-16,-1.));
#2022=DIRECTION('',(-1.49038765159899E-17,0.866025403784438,-0.5));
#2023=DIRECTION('',(-1.49038765159899E-17,0.866025403784439,0.5));
#2024=DIRECTION('center_axis',(1.,1.72095142369514E-17,0.));
#2025=DIRECTION('ref_axis',(0.,1.,0.));
#2026=DIRECTION('',(-1.,-1.72095142369514E-17,0.));
#2027=DIRECTION('center_axis',(8.60475711847571E-18,-0.5,-0.866025403784439));
#2028=DIRECTION('ref_axis',(-1.,0.,-9.9359176773266E-18));
#2029=DIRECTION('',(-1.,-1.72095142369514E-17,0.));
#2030=DIRECTION('',(-1.,-1.72095142369514E-17,0.));
#2031=DIRECTION('center_axis',(-8.60475711847571E-18,0.5,-0.866025403784439));
#2032=DIRECTION('ref_axis',(-1.,0.,9.9359176773266E-18));
#2033=DIRECTION('',(-1.,-1.72095142369514E-17,0.));
#2034=DIRECTION('center_axis',(-1.72095142369514E-17,1.,-1.60246890531964E-16));
#2035=DIRECTION('ref_axis',(0.,1.60246890531964E-16,1.));
#2036=DIRECTION('',(-1.,-1.72095142369514E-17,0.));
#2037=DIRECTION('center_axis',(-8.60475711847571E-18,0.5,0.866025403784438));
#2038=DIRECTION('ref_axis',(1.,0.,9.93591767732661E-18));
#2039=DIRECTION('',(1.,1.72095142369514E-17,0.));
#2040=DIRECTION('center_axis',(1.72095142369514E-17,-1.,1.60246890531964E-16));
#2041=DIRECTION('ref_axis',(0.,-1.60246890531964E-16,-1.));
#2042=DIRECTION('',(-1.,-1.72095142369514E-17,0.));
#2043=DIRECTION('center_axis',(8.60475711847571E-18,-0.5,0.866025403784439));
#2044=DIRECTION('ref_axis',(1.,0.,-9.9359176773266E-18));
#2045=DIRECTION('center_axis',(-1.,-1.72095142369514E-17,0.));
#2046=DIRECTION('ref_axis',(0.,1.,0.));
#2047=DIRECTION('',(-0.5,-0.866025403784438,-1.06057523872491E-16));
#2048=DIRECTION('',(0.,0.,1.));
#2049=DIRECTION('',(1.,0.,0.));
#2050=DIRECTION('',(2.41519667020478E-31,-6.09869066627332E-17,1.));
#2051=DIRECTION('',(1.,-4.76051032986067E-16,-2.70552546935897E-31));
#2052=DIRECTION('',(-1.38777878078144E-16,-1.23259516440785E-32,1.));
#2053=DIRECTION('',(1.,-1.77635683940027E-15,1.38777878078144E-16));
#2054=DIRECTION('',(-1.85316665015451E-16,6.09869066627328E-17,-1.));
#2055=DIRECTION('',(-1.,-2.14368910452702E-16,1.85316665015451E-16));
#2056=DIRECTION('',(1.,-3.26598451414685E-15,1.04916075827042E-14));
#2057=DIRECTION('',(-1.04916075827042E-14,3.15124409638727E-16,1.));
#2058=DIRECTION('',(1.,-1.7472954377673E-16,-1.55431223447521E-15));
#2059=DIRECTION('',(1.55431223447521E-15,3.1512440963869E-16,1.));
#2060=DIRECTION('',(1.,-9.56716783175181E-16,-7.38298311375589E-15));
#2061=DIRECTION('',(7.38298311375589E-15,-7.58489137621948E-30,1.));
#2062=DIRECTION('',(1.,4.32920239920645E-16,-8.32667268468773E-15));
#2063=DIRECTION('',(8.32667268468773E-15,5.55823042792318E-16,1.));
#2064=DIRECTION('',(1.,-3.8681459094821E-16,2.38697950294402E-15));
#2065=DIRECTION('',(-2.38697950294402E-15,3.15124409638697E-16,1.));
#2066=DIRECTION('',(1.,1.94498810208999E-15,4.99600361081317E-15));
#2067=DIRECTION('',(-4.99600361081317E-15,7.10653196268978E-30,1.));
#2068=DIRECTION('',(-7.88860905221012E-30,3.15124409638693E-16,1.));
#2069=DIRECTION('',(0.,-1.,3.15124409638693E-16));
#2070=DIRECTION('',(-7.88860905221012E-30,3.15124409638693E-16,1.));
#2071=DIRECTION('',(0.,-1.,3.15124409638693E-16));
#2072=DIRECTION('',(5.91645678915759E-31,3.15124409638693E-16,1.));
#2073=DIRECTION('',(0.,-1.,3.15124409638693E-16));
#2074=DIRECTION('',(5.91645678915759E-31,3.15124409638693E-16,1.));
#2075=DIRECTION('',(0.,-1.,3.15124409638693E-16));
#2076=DIRECTION('',(1.57772181044202E-30,-1.15235212625276E-31,1.));
#2077=DIRECTION('',(7.88860905221012E-31,-1.,-1.15235212625276E-31));
#2078=DIRECTION('',(1.57772181044202E-30,-1.15235212625276E-31,1.));
#2079=DIRECTION('',(7.88860905221012E-31,-1.,-1.15235212625276E-31));
#2080=DIRECTION('',(7.88860905221012E-31,1.29870361079158E-31,1.));
#2081=DIRECTION('',(0.,-1.,1.29870361079158E-31));
#2082=DIRECTION('',(7.88860905221012E-31,1.29870361079158E-31,1.));
#2083=DIRECTION('',(0.,-1.,1.29870361079158E-31));
#2084=DIRECTION('',(1.18329135783152E-30,3.15124409638693E-16,1.));
#2085=DIRECTION('',(0.,-1.,3.15124409638693E-16));
#2086=DIRECTION('',(1.18329135783152E-30,3.15124409638693E-16,1.));
#2087=DIRECTION('',(0.,-1.,3.15124409638693E-16));
#2088=DIRECTION('',(-1.09616767169963E-46,5.55823042792328E-16,1.));
#2089=DIRECTION('',(-1.4791141972894E-31,-1.,5.55823042792328E-16));
#2090=DIRECTION('',(-1.09616767169963E-46,5.55823042792328E-16,1.));
#2091=DIRECTION('',(-4.93038065763132E-32,-1.,5.55823042792328E-16));
#2092=CARTESIAN_POINT('',(0.,0.,0.));
#2093=CARTESIAN_POINT('',(0.,0.,0.));
#2094=CARTESIAN_POINT('',(0.,0.,0.));
#2095=CARTESIAN_POINT('Origin',(-25.25,6.25000000000001,-75.));
#2096=CARTESIAN_POINT('',(-25.25,3.10469078598122E-15,-70.));
#2097=CARTESIAN_POINT('',(-20.25,4.44089209850063E-15,-75.));
#2098=CARTESIAN_POINT('Origin',(-25.25,2.22044604925031E-15,-75.));
#2099=CARTESIAN_POINT('',(-25.25,12.6688594593199,-70.));
#2100=CARTESIAN_POINT('',(-25.25,6.25000000000001,-70.));
#2101=CARTESIAN_POINT('',(-20.25,19.6977156035922,-75.));
#2102=CARTESIAN_POINT('Ctrl Pts',(-25.2500000000032,12.6688594593135,-70.));
#2103=CARTESIAN_POINT('Ctrl Pts',(-25.2350978531686,12.6985605708289,-70.));
#2104=CARTESIAN_POINT('Ctrl Pts',(-25.2201496458821,12.7282227421456,-70.0000666212239));
#2105=CARTESIAN_POINT('Ctrl Pts',(-24.5512355278669,14.0497691045316,-70.0060662566745));
#2106=CARTESIAN_POINT('Ctrl Pts',(-23.8092050774713,15.2664554586896,-70.1302275175149));
#2107=CARTESIAN_POINT('Ctrl Pts',(-22.658802094669,16.8824214993316,-70.705429008916));
#2108=CARTESIAN_POINT('Ctrl Pts',(-22.2628015699925,17.4006826490303,-70.9583690650659));
#2109=CARTESIAN_POINT('Ctrl Pts',(-21.5108769101392,18.3220702168688,-71.641860748544));
#2110=CARTESIAN_POINT('Ctrl Pts',(-21.1565341719982,18.7250857135255,-72.0742994136039));
#2111=CARTESIAN_POINT('Ctrl Pts',(-20.7012864786961,19.2247713123796,-72.8909514717878));
#2112=CARTESIAN_POINT('Ctrl Pts',(-20.5337704319523,19.4024108844674,-73.2831241072522));
#2113=CARTESIAN_POINT('Ctrl Pts',(-20.3076333972116,19.638973994443,-74.1262157435351));
#2114=CARTESIAN_POINT('Ctrl Pts',(-20.25,19.6977156035922,-74.5774503582882));
#2115=CARTESIAN_POINT('Ctrl Pts',(-20.25,19.6977156035922,-75.));
#2116=CARTESIAN_POINT('',(-20.25,6.25000000000001,-75.));
#2117=CARTESIAN_POINT('Origin',(-28.25,3.47273534702891E-15,-80.));
#2118=CARTESIAN_POINT('',(-20.25,4.44089209850063E-15,-80.));
#2119=CARTESIAN_POINT('',(-20.25,4.44089209850063E-15,-80.));
#2120=CARTESIAN_POINT('',(-28.25,0.,-80.));
#2121=CARTESIAN_POINT('',(-14.125,1.73985887209601E-15,-80.));
#2122=CARTESIAN_POINT('',(-28.25,0.,-70.));
#2123=CARTESIAN_POINT('',(-28.25,2.22044604925031E-15,0.));
#2124=CARTESIAN_POINT('',(41.9961770582235,-5.1451724531953E-15,-70.));
#2125=CARTESIAN_POINT('',(-22.629,0.,-75.));
#2126=CARTESIAN_POINT('Origin',(-24.25,0.,-75.));
#2127=CARTESIAN_POINT('Origin',(-20.25,4.44089209850063E-15,-80.));
#2128=CARTESIAN_POINT('',(-20.25,19.6977156035922,-80.));
#2129=CARTESIAN_POINT('',(-20.25,19.6977156035922,0.));
#2130=CARTESIAN_POINT('',(-20.25,4.91828799908944E-15,-80.));
#2131=CARTESIAN_POINT('Origin',(-25.25,6.25000000000001,-5.));
#2132=CARTESIAN_POINT('',(-20.25,4.44089209850063E-15,-5.));
#2133=CARTESIAN_POINT('',(-25.25,3.10469078598122E-15,-10.));
#2134=CARTESIAN_POINT('Origin',(-25.25,2.22044604925031E-15,-5.));
#2135=CARTESIAN_POINT('',(-20.25,19.6977156035922,-5.));
#2136=CARTESIAN_POINT('',(-20.25,6.25000000000001,-5.));
#2137=CARTESIAN_POINT('',(-25.25,12.6688594593199,-10.));
#2138=CARTESIAN_POINT('Ctrl Pts',(-20.25,19.6977156035922,-5.));
#2139=CARTESIAN_POINT('Ctrl Pts',(-20.25,19.6977156035922,-5.42254964171183));
#2140=CARTESIAN_POINT('Ctrl Pts',(-20.3076333972117,19.638973994443,-5.87378425646489));
#2141=CARTESIAN_POINT('Ctrl Pts',(-20.5337704319523,19.4024108844674,-6.71687589274786));
#2142=CARTESIAN_POINT('Ctrl Pts',(-20.7012864786961,19.2247713123796,-7.10904852821222));
#2143=CARTESIAN_POINT('Ctrl Pts',(-21.1565341719982,18.7250857135255,-7.92570058639614));
#2144=CARTESIAN_POINT('Ctrl Pts',(-21.5108769101392,18.3220702168688,-8.35813925145599));
#2145=CARTESIAN_POINT('Ctrl Pts',(-22.2628015699925,17.4006826490303,-9.04163093493412));
#2146=CARTESIAN_POINT('Ctrl Pts',(-22.658802094669,16.8824214993316,-9.29457099108397));
#2147=CARTESIAN_POINT('Ctrl Pts',(-23.8092050774713,15.2664554586896,-9.86977248248514));
#2148=CARTESIAN_POINT('Ctrl Pts',(-24.5512355278669,14.0497691045316,-9.99393374332545));
#2149=CARTESIAN_POINT('Ctrl Pts',(-25.220149645881,12.7282227421477,-9.99993337877612));
#2150=CARTESIAN_POINT('Ctrl Pts',(-25.2350978531665,12.6985605708332,-10.));
#2151=CARTESIAN_POINT('Ctrl Pts',(-25.25,12.6688594593199,-10.));
#2152=CARTESIAN_POINT('',(-25.25,6.25000000000001,-10.));
#2153=CARTESIAN_POINT('Origin',(-28.25,3.47273534702891E-15,0.));
#2154=CARTESIAN_POINT('',(-28.25,0.,-10.));
#2155=CARTESIAN_POINT('',(41.9961770582235,-5.1451724531953E-15,-10.));
#2156=CARTESIAN_POINT('',(-28.25,0.,0.));
#2157=CARTESIAN_POINT('',(-28.25,2.22044604925031E-15,0.));
#2158=CARTESIAN_POINT('',(-20.25,4.44089209850063E-15,0.));
#2159=CARTESIAN_POINT('',(-14.125,1.73985887209601E-15,0.));
#2160=CARTESIAN_POINT('',(-20.25,4.44089209850063E-15,0.));
#2161=CARTESIAN_POINT('',(-22.629,0.,-5.));
#2162=CARTESIAN_POINT('Origin',(-24.25,0.,-5.));
#2163=CARTESIAN_POINT('Origin',(-24.25,12.5,-10.));
#2164=CARTESIAN_POINT('Origin',(0.,0.,-10.));
#2165=CARTESIAN_POINT('Origin',(25.25,6.25000000000001,-75.));
#2166=CARTESIAN_POINT('',(20.25,4.44089209850063E-15,-75.));
#2167=CARTESIAN_POINT('',(25.25,3.10469078598122E-15,-70.));
#2168=CARTESIAN_POINT('Origin',(25.25,2.22044604925031E-15,-75.));
#2169=CARTESIAN_POINT('',(20.25,19.6977156035922,-75.));
#2170=CARTESIAN_POINT('',(20.25,6.25000000000001,-75.));
#2171=CARTESIAN_POINT('',(25.25,12.6688594593199,-70.));
#2172=CARTESIAN_POINT('Ctrl Pts',(20.25,19.6977156035922,-75.));
#2173=CARTESIAN_POINT('Ctrl Pts',(20.25,19.6977156035922,-74.5774503582882));
#2174=CARTESIAN_POINT('Ctrl Pts',(20.3076333972117,19.638973994443,-74.1262157435351));
#2175=CARTESIAN_POINT('Ctrl Pts',(20.5337704319523,19.4024108844674,-73.2831241072521));
#2176=CARTESIAN_POINT('Ctrl Pts',(20.7012864786961,19.2247713123796,-72.8909514717878));
#2177=CARTESIAN_POINT('Ctrl Pts',(21.1565341719982,18.7250857135255,-72.0742994136039));
#2178=CARTESIAN_POINT('Ctrl Pts',(21.5108769101392,18.3220702168688,-71.641860748544));
#2179=CARTESIAN_POINT('Ctrl Pts',(22.2628015699925,17.4006826490303,-70.9583690650659));
#2180=CARTESIAN_POINT('Ctrl Pts',(22.658802094669,16.8824214993316,-70.705429008916));
#2181=CARTESIAN_POINT('Ctrl Pts',(23.8092050774713,15.2664554586895,-70.1302275175149));
#2182=CARTESIAN_POINT('Ctrl Pts',(24.5512355278669,14.0497691045316,-70.0060662566746));
#2183=CARTESIAN_POINT('Ctrl Pts',(25.220149645881,12.7282227421477,-70.0000666212239));
#2184=CARTESIAN_POINT('Ctrl Pts',(25.2350978531665,12.6985605708332,-70.));
#2185=CARTESIAN_POINT('Ctrl Pts',(25.25,12.6688594593199,-70.));
#2186=CARTESIAN_POINT('',(25.25,6.25000000000001,-70.));
#2187=CARTESIAN_POINT('Origin',(28.25,3.47273534702891E-15,-80.));
#2188=CARTESIAN_POINT('',(28.25,0.,-70.));
#2189=CARTESIAN_POINT('',(-41.9961770582235,-5.1451724531953E-15,-70.));
#2190=CARTESIAN_POINT('',(28.25,0.,-80.));
#2191=CARTESIAN_POINT('',(28.25,2.22044604925031E-15,0.));
#2192=CARTESIAN_POINT('',(20.25,4.44089209850063E-15,-80.));
#2193=CARTESIAN_POINT('',(14.125,1.73985887209601E-15,-80.));
#2194=CARTESIAN_POINT('',(20.25,4.44089209850063E-15,-80.));
#2195=CARTESIAN_POINT('',(22.629,0.,-75.));
#2196=CARTESIAN_POINT('Origin',(24.25,0.,-75.));
#2197=CARTESIAN_POINT('Origin',(24.25,12.5,-70.));
#2198=CARTESIAN_POINT('Origin',(0.,0.,-70.));
#2199=CARTESIAN_POINT('Origin',(25.25,6.25000000000001,-5.));
#2200=CARTESIAN_POINT('',(25.25,3.10469078598122E-15,-10.));
#2201=CARTESIAN_POINT('',(20.25,4.44089209850063E-15,-5.));
#2202=CARTESIAN_POINT('Origin',(25.25,2.22044604925031E-15,-5.));
#2203=CARTESIAN_POINT('',(25.25,12.6688594593199,-10.));
#2204=CARTESIAN_POINT('',(25.25,6.25000000000001,-10.));
#2205=CARTESIAN_POINT('',(20.25,19.6977156035922,-5.));
#2206=CARTESIAN_POINT('Ctrl Pts',(25.2500000000032,12.6688594593135,-10.));
#2207=CARTESIAN_POINT('Ctrl Pts',(25.2350978531686,12.6985605708289,-10.));
#2208=CARTESIAN_POINT('Ctrl Pts',(25.2201496458821,12.7282227421456,-9.99993337877613));
#2209=CARTESIAN_POINT('Ctrl Pts',(24.5512355278669,14.0497691045316,-9.99393374332545));
#2210=CARTESIAN_POINT('Ctrl Pts',(23.8092050774713,15.2664554586896,-9.86977248248514));
#2211=CARTESIAN_POINT('Ctrl Pts',(22.658802094669,16.8824214993316,-9.29457099108397));
#2212=CARTESIAN_POINT('Ctrl Pts',(22.2628015699925,17.4006826490303,-9.04163093493412));
#2213=CARTESIAN_POINT('Ctrl Pts',(21.5108769101392,18.3220702168688,-8.35813925145599));
#2214=CARTESIAN_POINT('Ctrl Pts',(21.1565341719982,18.7250857135255,-7.92570058639614));
#2215=CARTESIAN_POINT('Ctrl Pts',(20.7012864786961,19.2247713123796,-7.10904852821222));
#2216=CARTESIAN_POINT('Ctrl Pts',(20.5337704319523,19.4024108844674,-6.71687589274786));
#2217=CARTESIAN_POINT('Ctrl Pts',(20.3076333972116,19.638973994443,-5.87378425646489));
#2218=CARTESIAN_POINT('Ctrl Pts',(20.25,19.6977156035922,-5.42254964171184));
#2219=CARTESIAN_POINT('Ctrl Pts',(20.25,19.6977156035922,-5.));
#2220=CARTESIAN_POINT('',(20.25,6.25000000000001,-5.));
#2221=CARTESIAN_POINT('Origin',(28.25,3.47273534702891E-15,0.));
#2222=CARTESIAN_POINT('',(20.25,4.44089209850063E-15,0.));
#2223=CARTESIAN_POINT('',(20.25,4.44089209850063E-15,0.));
#2224=CARTESIAN_POINT('',(28.25,0.,0.));
#2225=CARTESIAN_POINT('',(14.125,1.73985887209601E-15,0.));
#2226=CARTESIAN_POINT('',(28.25,0.,-10.));
#2227=CARTESIAN_POINT('',(28.25,2.22044604925031E-15,0.));
#2228=CARTESIAN_POINT('',(-41.9961770582235,-5.1451724531953E-15,-10.));
#2229=CARTESIAN_POINT('',(22.629,0.,-5.));
#2230=CARTESIAN_POINT('Origin',(24.25,0.,-5.));
#2231=CARTESIAN_POINT('Origin',(20.25,4.44089209850063E-15,0.));
#2232=CARTESIAN_POINT('',(20.25,19.6977156035922,0.));
#2233=CARTESIAN_POINT('',(20.25,19.6977156035922,0.));
#2234=CARTESIAN_POINT('',(20.25,4.91828799908944E-15,0.));
#2235=CARTESIAN_POINT('Origin',(-24.25,-113.068563270257,-75.));
#2236=CARTESIAN_POINT('',(-22.629,-16.9112642637977,-75.));
#2237=CARTESIAN_POINT('',(-22.629,-113.068563270257,-75.));
#2238=CARTESIAN_POINT('',(-25.871,-11.3469757644934,-75.));
#2239=CARTESIAN_POINT('Ctrl Pts',(-25.871,-11.3469757644934,-75.));
#2240=CARTESIAN_POINT('Ctrl Pts',(-25.871,-11.3469757644934,-74.9240582671867));
#2241=CARTESIAN_POINT('Ctrl Pts',(-25.8652329951489,-11.3601494502922,-74.8428591784842));
#2242=CARTESIAN_POINT('Ctrl Pts',(-25.8428159117016,-11.4110533779898,-74.6891811958477));
#2243=CARTESIAN_POINT('Ctrl Pts',(-25.8263191961999,-11.4483904674372,-74.6165500313152));
#2244=CARTESIAN_POINT('Ctrl Pts',(-25.748295975676,-11.6236703936123,-74.3436364273163));
#2245=CARTESIAN_POINT('Ctrl Pts',(-25.6454480235743,-11.8500414776536,-74.1598409236718));
#2246=CARTESIAN_POINT('Ctrl Pts',(-25.3820363978856,-12.4084585846758,-73.8061539553963));
#2247=CARTESIAN_POINT('Ctrl Pts',(-25.1754671602103,-12.8252832792427,-73.6460284083387));
#2248=CARTESIAN_POINT('Ctrl Pts',(-24.7260974548343,-13.6715816102218,-73.4305864596854));
#2249=CARTESIAN_POINT('Ctrl Pts',(-24.482832012271,-14.1017535656965,-73.379));
#2250=CARTESIAN_POINT('Ctrl Pts',(-24.0516224957044,-14.8233434435864,-73.379));
#2251=CARTESIAN_POINT('Ctrl Pts',(-23.8275458397277,-15.1813463983306,-73.4164978811431));
#2252=CARTESIAN_POINT('Ctrl Pts',(-23.3843678879043,-15.8554898156689,-73.6083722469122));
#2253=CARTESIAN_POINT('Ctrl Pts',(-23.1651378046117,-16.172094197837,-73.7608161348287));
#2254=CARTESIAN_POINT('Ctrl Pts',(-22.8903531931838,-16.5565639701321,-74.1048961641323));
#2255=CARTESIAN_POINT('Ctrl Pts',(-22.7983189990254,-16.6826656119306,-74.2550880159555));
#2256=CARTESIAN_POINT('Ctrl Pts',(-22.7000365654227,-16.8158819191411,-74.5163551222945));
#2257=CARTESIAN_POINT('Ctrl Pts',(-22.6737198697024,-16.8512841306266,-74.6093980323202));
#2258=CARTESIAN_POINT('Ctrl Pts',(-22.6382035772659,-16.8989691260313,-74.8017624813933));
#2259=CARTESIAN_POINT('Ctrl Pts',(-22.629,-16.9112642637977,-74.9010802228927));
#2260=CARTESIAN_POINT('Ctrl Pts',(-22.629,-16.9112642637977,-75.));
#2261=CARTESIAN_POINT('Ctrl Pts',(-22.629,-16.9112642637977,-75.));
#2262=CARTESIAN_POINT('Ctrl Pts',(-22.629,-16.9112642637977,-75.0989197771073));
#2263=CARTESIAN_POINT('Ctrl Pts',(-22.6382035772659,-16.8989691260313,-75.1982375186067));
#2264=CARTESIAN_POINT('Ctrl Pts',(-22.6737198697024,-16.8512841306266,-75.3906019676798));
#2265=CARTESIAN_POINT('Ctrl Pts',(-22.7000365654227,-16.8158819191411,-75.4836448777055));
#2266=CARTESIAN_POINT('Ctrl Pts',(-22.7983189990254,-16.6826656119306,-75.7449119840445));
#2267=CARTESIAN_POINT('Ctrl Pts',(-22.8903531931838,-16.5565639701321,-75.8951038358677));
#2268=CARTESIAN_POINT('Ctrl Pts',(-23.1651378046117,-16.172094197837,-76.2391838651713));
#2269=CARTESIAN_POINT('Ctrl Pts',(-23.3843678879043,-15.8554898156689,-76.3916277530878));
#2270=CARTESIAN_POINT('Ctrl Pts',(-23.8275458397277,-15.1813463983306,-76.5835021188569));
#2271=CARTESIAN_POINT('Ctrl Pts',(-24.0516224957044,-14.8233434435864,-76.621));
#2272=CARTESIAN_POINT('Ctrl Pts',(-24.482832012271,-14.1017535656965,-76.621));
#2273=CARTESIAN_POINT('Ctrl Pts',(-24.7260974548343,-13.6715816102218,-76.5694135403147));
#2274=CARTESIAN_POINT('Ctrl Pts',(-25.1754671602103,-12.8252832792427,-76.3539715916613));
#2275=CARTESIAN_POINT('Ctrl Pts',(-25.3820363978856,-12.4084585846758,-76.1938460446037));
#2276=CARTESIAN_POINT('Ctrl Pts',(-25.6454480235743,-11.8500414776536,-75.8401590763282));
#2277=CARTESIAN_POINT('Ctrl Pts',(-25.748295975676,-11.6236703936123,-75.6563635726837));
#2278=CARTESIAN_POINT('Ctrl Pts',(-25.8263191961999,-11.4483904674372,-75.3834499686848));
#2279=CARTESIAN_POINT('Ctrl Pts',(-25.8428159117016,-11.4110533779898,-75.3108188041523));
#2280=CARTESIAN_POINT('Ctrl Pts',(-25.8652329951489,-11.3601494502922,-75.1571408215158));
#2281=CARTESIAN_POINT('Ctrl Pts',(-25.871,-11.3469757644934,-75.0759417328133));
#2282=CARTESIAN_POINT('Ctrl Pts',(-25.871,-11.3469757644934,-75.));
#2283=CARTESIAN_POINT('Origin',(-24.25,12.5,-70.));
#2284=CARTESIAN_POINT('Origin',(0.,0.,-70.));
#2285=CARTESIAN_POINT('Origin',(0.,0.,-80.));
#2286=CARTESIAN_POINT('',(20.25,19.6977156035922,-80.));
#2287=CARTESIAN_POINT('Origin',(0.,0.,-80.));
#2288=CARTESIAN_POINT('',(20.25,4.91828799908944E-15,-80.));
#2289=CARTESIAN_POINT('Origin',(0.,0.,-80.));
#2290=CARTESIAN_POINT('',(18.5,-18.5,-80.));
#2291=CARTESIAN_POINT('',(18.5,18.5,-80.));
#2292=CARTESIAN_POINT('',(18.5,18.5,-80.));
#2293=CARTESIAN_POINT('',(-18.5,18.5,-80.));
#2294=CARTESIAN_POINT('',(-18.5,18.5,-80.));
#2295=CARTESIAN_POINT('',(-18.5,-18.5,-80.));
#2296=CARTESIAN_POINT('',(-18.5,-18.5,-80.));
#2297=CARTESIAN_POINT('',(18.5,-18.5,-80.));
#2298=CARTESIAN_POINT('Origin',(24.25,-113.068563270257,-75.));
#2299=CARTESIAN_POINT('',(22.629,-16.9112642637977,-75.));
#2300=CARTESIAN_POINT('',(22.629,-113.068563270257,-75.));
#2301=CARTESIAN_POINT('',(25.871,-11.3469757644934,-75.));
#2302=CARTESIAN_POINT('Ctrl Pts',(25.871,-11.3469757644934,-75.));
#2303=CARTESIAN_POINT('Ctrl Pts',(25.871,-11.3469757644934,-75.0759417328133));
#2304=CARTESIAN_POINT('Ctrl Pts',(25.8652329951489,-11.3601494502922,-75.1571408215158));
#2305=CARTESIAN_POINT('Ctrl Pts',(25.8428159117016,-11.4110533779898,-75.3108188041523));
#2306=CARTESIAN_POINT('Ctrl Pts',(25.8263191961999,-11.4483904674372,-75.3834499686848));
#2307=CARTESIAN_POINT('Ctrl Pts',(25.748295975676,-11.6236703936123,-75.6563635726837));
#2308=CARTESIAN_POINT('Ctrl Pts',(25.6454480235743,-11.8500414776536,-75.8401590763282));
#2309=CARTESIAN_POINT('Ctrl Pts',(25.3820363978856,-12.4084585846758,-76.1938460446037));
#2310=CARTESIAN_POINT('Ctrl Pts',(25.1754671602103,-12.8252832792427,-76.3539715916613));
#2311=CARTESIAN_POINT('Ctrl Pts',(24.7260974548343,-13.6715816102218,-76.5694135403147));
#2312=CARTESIAN_POINT('Ctrl Pts',(24.482832012271,-14.1017535656965,-76.621));
#2313=CARTESIAN_POINT('Ctrl Pts',(24.0516224957044,-14.8233434435864,-76.621));
#2314=CARTESIAN_POINT('Ctrl Pts',(23.8275458397277,-15.1813463983306,-76.5835021188569));
#2315=CARTESIAN_POINT('Ctrl Pts',(23.3843678879043,-15.8554898156689,-76.3916277530878));
#2316=CARTESIAN_POINT('Ctrl Pts',(23.1651378046117,-16.172094197837,-76.2391838651713));
#2317=CARTESIAN_POINT('Ctrl Pts',(22.8903531931838,-16.5565639701321,-75.8951038358677));
#2318=CARTESIAN_POINT('Ctrl Pts',(22.7983189990254,-16.6826656119306,-75.7449119840445));
#2319=CARTESIAN_POINT('Ctrl Pts',(22.7000365654227,-16.8158819191411,-75.4836448777055));
#2320=CARTESIAN_POINT('Ctrl Pts',(22.6737198697024,-16.8512841306266,-75.3906019676798));
#2321=CARTESIAN_POINT('Ctrl Pts',(22.6382035772659,-16.8989691260313,-75.1982375186067));
#2322=CARTESIAN_POINT('Ctrl Pts',(22.629,-16.9112642637977,-75.0989197771073));
#2323=CARTESIAN_POINT('Ctrl Pts',(22.629,-16.9112642637977,-75.));
#2324=CARTESIAN_POINT('Ctrl Pts',(22.629,-16.9112642637977,-75.));
#2325=CARTESIAN_POINT('Ctrl Pts',(22.629,-16.9112642637977,-74.9010802228927));
#2326=CARTESIAN_POINT('Ctrl Pts',(22.6382035772659,-16.8989691260313,-74.8017624813933));
#2327=CARTESIAN_POINT('Ctrl Pts',(22.6737198697024,-16.8512841306266,-74.6093980323202));
#2328=CARTESIAN_POINT('Ctrl Pts',(22.7000365654227,-16.8158819191411,-74.5163551222945));
#2329=CARTESIAN_POINT('Ctrl Pts',(22.7983189990254,-16.6826656119306,-74.2550880159555));
#2330=CARTESIAN_POINT('Ctrl Pts',(22.8903531931838,-16.5565639701321,-74.1048961641323));
#2331=CARTESIAN_POINT('Ctrl Pts',(23.1651378046117,-16.172094197837,-73.7608161348287));
#2332=CARTESIAN_POINT('Ctrl Pts',(23.3843678879043,-15.8554898156689,-73.6083722469122));
#2333=CARTESIAN_POINT('Ctrl Pts',(23.8275458397277,-15.1813463983306,-73.4164978811431));
#2334=CARTESIAN_POINT('Ctrl Pts',(24.0516224957044,-14.8233434435864,-73.379));
#2335=CARTESIAN_POINT('Ctrl Pts',(24.482832012271,-14.1017535656965,-73.379));
#2336=CARTESIAN_POINT('Ctrl Pts',(24.7260974548343,-13.6715816102218,-73.4305864596854));
#2337=CARTESIAN_POINT('Ctrl Pts',(25.1754671602103,-12.8252832792427,-73.6460284083387));
#2338=CARTESIAN_POINT('Ctrl Pts',(25.3820363978856,-12.4084585846758,-73.8061539553963));
#2339=CARTESIAN_POINT('Ctrl Pts',(25.6454480235743,-11.8500414776536,-74.1598409236718));
#2340=CARTESIAN_POINT('Ctrl Pts',(25.748295975676,-11.6236703936123,-74.3436364273163));
#2341=CARTESIAN_POINT('Ctrl Pts',(25.8263191961999,-11.4483904674372,-74.6165500313152));
#2342=CARTESIAN_POINT('Ctrl Pts',(25.8428159117016,-11.4110533779898,-74.6891811958477));
#2343=CARTESIAN_POINT('Ctrl Pts',(25.8652329951489,-11.3601494502922,-74.8428591784842));
#2344=CARTESIAN_POINT('Ctrl Pts',(25.871,-11.3469757644934,-74.9240582671867));
#2345=CARTESIAN_POINT('Ctrl Pts',(25.871,-11.3469757644934,-75.));
#2346=CARTESIAN_POINT('Origin',(20.25,4.44089209850063E-15,-80.));
#2347=CARTESIAN_POINT('',(20.25,19.6977156035922,0.));
#2348=CARTESIAN_POINT('Origin',(0.,0.,0.));
#2349=CARTESIAN_POINT('',(-28.25,3.45962720759127E-15,0.));
#2350=CARTESIAN_POINT('',(-20.25,19.6977156035922,0.));
#2351=CARTESIAN_POINT('',(-20.25,19.6977156035922,0.));
#2352=CARTESIAN_POINT('Origin',(0.,0.,0.));
#2353=CARTESIAN_POINT('Origin',(0.,0.,-10.));
#2354=CARTESIAN_POINT('Origin',(0.,0.,0.));
#2355=CARTESIAN_POINT('',(-25.871,-11.3469757644934,-5.));
#2356=CARTESIAN_POINT('',(-22.629,-16.9112642637977,-5.));
#2357=CARTESIAN_POINT('Ctrl Pts',(-25.871,-11.3469757644934,-5.));
#2358=CARTESIAN_POINT('Ctrl Pts',(-25.871,-11.3469757644934,-4.92405826718673));
#2359=CARTESIAN_POINT('Ctrl Pts',(-25.8652329951489,-11.3601494502922,-4.8428591784842));
#2360=CARTESIAN_POINT('Ctrl Pts',(-25.8428159117016,-11.4110533779898,-4.68918119584769));
#2361=CARTESIAN_POINT('Ctrl Pts',(-25.8263191961999,-11.4483904674372,-4.61655003131523));
#2362=CARTESIAN_POINT('Ctrl Pts',(-25.748295975676,-11.6236703936123,-4.34363642731629));
#2363=CARTESIAN_POINT('Ctrl Pts',(-25.6454480235743,-11.8500414776536,-4.15984092367181));
#2364=CARTESIAN_POINT('Ctrl Pts',(-25.3820363978856,-12.4084585846758,-3.80615395539627));
#2365=CARTESIAN_POINT('Ctrl Pts',(-25.1754671602103,-12.8252832792427,-3.64602840833867));
#2366=CARTESIAN_POINT('Ctrl Pts',(-24.7260974548343,-13.6715816102218,-3.43058645968535));
#2367=CARTESIAN_POINT('Ctrl Pts',(-24.482832012271,-14.1017535656965,-3.379));
#2368=CARTESIAN_POINT('Ctrl Pts',(-24.0516224957044,-14.8233434435864,-3.379));
#2369=CARTESIAN_POINT('Ctrl Pts',(-23.8275458397277,-15.1813463983306,-3.41649788114308));
#2370=CARTESIAN_POINT('Ctrl Pts',(-23.3843678879043,-15.8554898156689,-3.60837224691223));
#2371=CARTESIAN_POINT('Ctrl Pts',(-23.1651378046117,-16.172094197837,-3.76081613482873));
#2372=CARTESIAN_POINT('Ctrl Pts',(-22.8903531931838,-16.5565639701321,-4.10489616413225));
#2373=CARTESIAN_POINT('Ctrl Pts',(-22.7983189990254,-16.6826656119306,-4.25508801595552));
#2374=CARTESIAN_POINT('Ctrl Pts',(-22.7000365654227,-16.8158819191411,-4.51635512229446));
#2375=CARTESIAN_POINT('Ctrl Pts',(-22.6737198697025,-16.8512841306266,-4.6093980323202));
#2376=CARTESIAN_POINT('Ctrl Pts',(-22.638203577266,-16.8989691260313,-4.80176248139334));
#2377=CARTESIAN_POINT('Ctrl Pts',(-22.629,-16.9112642637977,-4.90108022289271));
#2378=CARTESIAN_POINT('Ctrl Pts',(-22.629,-16.9112642637977,-5.));
#2379=CARTESIAN_POINT('Ctrl Pts',(-22.629,-16.9112642637977,-5.));
#2380=CARTESIAN_POINT('Ctrl Pts',(-22.629,-16.9112642637977,-5.09891977710729));
#2381=CARTESIAN_POINT('Ctrl Pts',(-22.638203577266,-16.8989691260313,-5.19823751860665));
#2382=CARTESIAN_POINT('Ctrl Pts',(-22.6737198697025,-16.8512841306266,-5.39060196767979));
#2383=CARTESIAN_POINT('Ctrl Pts',(-22.7000365654227,-16.8158819191411,-5.48364487770553));
#2384=CARTESIAN_POINT('Ctrl Pts',(-22.7983189990254,-16.6826656119306,-5.74491198404447));
#2385=CARTESIAN_POINT('Ctrl Pts',(-22.8903531931838,-16.5565639701321,-5.89510383586775));
#2386=CARTESIAN_POINT('Ctrl Pts',(-23.1651378046117,-16.172094197837,-6.23918386517126));
#2387=CARTESIAN_POINT('Ctrl Pts',(-23.3843678879043,-15.8554898156689,-6.39162775308777));
#2388=CARTESIAN_POINT('Ctrl Pts',(-23.8275458397277,-15.1813463983306,-6.58350211885692));
#2389=CARTESIAN_POINT('Ctrl Pts',(-24.0516224957044,-14.8233434435864,-6.621));
#2390=CARTESIAN_POINT('Ctrl Pts',(-24.482832012271,-14.1017535656965,-6.621));
#2391=CARTESIAN_POINT('Ctrl Pts',(-24.7260974548343,-13.6715816102218,-6.56941354031465));
#2392=CARTESIAN_POINT('Ctrl Pts',(-25.1754671602102,-12.8252832792427,-6.35397159166133));
#2393=CARTESIAN_POINT('Ctrl Pts',(-25.3820363978856,-12.4084585846758,-6.19384604460372));
#2394=CARTESIAN_POINT('Ctrl Pts',(-25.6454480235743,-11.8500414776536,-5.84015907632819));
#2395=CARTESIAN_POINT('Ctrl Pts',(-25.748295975676,-11.6236703936123,-5.65636357268371));
#2396=CARTESIAN_POINT('Ctrl Pts',(-25.8263191961999,-11.4483904674372,-5.38344996868477));
#2397=CARTESIAN_POINT('Ctrl Pts',(-25.8428159117016,-11.4110533779898,-5.3108188041523));
#2398=CARTESIAN_POINT('Ctrl Pts',(-25.8652329951489,-11.3601494502922,-5.1571408215158));
#2399=CARTESIAN_POINT('Ctrl Pts',(-25.871,-11.3469757644934,-5.07594173281327));
#2400=CARTESIAN_POINT('Ctrl Pts',(-25.871,-11.3469757644934,-5.));
#2401=CARTESIAN_POINT('',(25.871,-11.3469757644934,-5.));
#2402=CARTESIAN_POINT('',(22.629,-16.9112642637977,-5.));
#2403=CARTESIAN_POINT('Ctrl Pts',(25.871,-11.3469757644934,-5.));
#2404=CARTESIAN_POINT('Ctrl Pts',(25.871,-11.3469757644934,-5.07594173281327));
#2405=CARTESIAN_POINT('Ctrl Pts',(25.8652329951489,-11.3601494502922,-5.1571408215158));
#2406=CARTESIAN_POINT('Ctrl Pts',(25.8428159117016,-11.4110533779898,-5.3108188041523));
#2407=CARTESIAN_POINT('Ctrl Pts',(25.8263191961999,-11.4483904674372,-5.38344996868477));
#2408=CARTESIAN_POINT('Ctrl Pts',(25.748295975676,-11.6236703936123,-5.65636357268371));
#2409=CARTESIAN_POINT('Ctrl Pts',(25.6454480235743,-11.8500414776536,-5.84015907632819));
#2410=CARTESIAN_POINT('Ctrl Pts',(25.3820363978856,-12.4084585846758,-6.19384604460372));
#2411=CARTESIAN_POINT('Ctrl Pts',(25.1754671602103,-12.8252832792427,-6.35397159166133));
#2412=CARTESIAN_POINT('Ctrl Pts',(24.7260974548343,-13.6715816102218,-6.56941354031465));
#2413=CARTESIAN_POINT('Ctrl Pts',(24.482832012271,-14.1017535656965,-6.621));
#2414=CARTESIAN_POINT('Ctrl Pts',(24.0516224957044,-14.8233434435864,-6.621));
#2415=CARTESIAN_POINT('Ctrl Pts',(23.8275458397277,-15.1813463983306,-6.58350211885692));
#2416=CARTESIAN_POINT('Ctrl Pts',(23.3843678879043,-15.8554898156689,-6.39162775308777));
#2417=CARTESIAN_POINT('Ctrl Pts',(23.1651378046117,-16.172094197837,-6.23918386517126));
#2418=CARTESIAN_POINT('Ctrl Pts',(22.8903531931838,-16.5565639701321,-5.89510383586775));
#2419=CARTESIAN_POINT('Ctrl Pts',(22.7983189990254,-16.6826656119306,-5.74491198404447));
#2420=CARTESIAN_POINT('Ctrl Pts',(22.7000365654227,-16.8158819191411,-5.48364487770553));
#2421=CARTESIAN_POINT('Ctrl Pts',(22.6737198697025,-16.8512841306266,-5.39060196767979));
#2422=CARTESIAN_POINT('Ctrl Pts',(22.638203577266,-16.8989691260313,-5.19823751860665));
#2423=CARTESIAN_POINT('Ctrl Pts',(22.629,-16.9112642637977,-5.09891977710729));
#2424=CARTESIAN_POINT('Ctrl Pts',(22.629,-16.9112642637977,-5.));
#2425=CARTESIAN_POINT('Ctrl Pts',(22.629,-16.9112642637977,-5.));
#2426=CARTESIAN_POINT('Ctrl Pts',(22.629,-16.9112642637977,-4.90108022289271));
#2427=CARTESIAN_POINT('Ctrl Pts',(22.638203577266,-16.8989691260313,-4.80176248139334));
#2428=CARTESIAN_POINT('Ctrl Pts',(22.6737198697025,-16.8512841306266,-4.6093980323202));
#2429=CARTESIAN_POINT('Ctrl Pts',(22.7000365654227,-16.8158819191411,-4.51635512229446));
#2430=CARTESIAN_POINT('Ctrl Pts',(22.7983189990254,-16.6826656119306,-4.25508801595552));
#2431=CARTESIAN_POINT('Ctrl Pts',(22.8903531931838,-16.5565639701321,-4.10489616413225));
#2432=CARTESIAN_POINT('Ctrl Pts',(23.1651378046117,-16.172094197837,-3.76081613482873));
#2433=CARTESIAN_POINT('Ctrl Pts',(23.3843678879043,-15.8554898156689,-3.60837224691223));
#2434=CARTESIAN_POINT('Ctrl Pts',(23.8275458397277,-15.1813463983306,-3.41649788114308));
#2435=CARTESIAN_POINT('Ctrl Pts',(24.0516224957044,-14.8233434435864,-3.379));
#2436=CARTESIAN_POINT('Ctrl Pts',(24.482832012271,-14.1017535656965,-3.379));
#2437=CARTESIAN_POINT('Ctrl Pts',(24.7260974548343,-13.6715816102218,-3.43058645968535));
#2438=CARTESIAN_POINT('Ctrl Pts',(25.1754671602102,-12.8252832792427,-3.64602840833866));
#2439=CARTESIAN_POINT('Ctrl Pts',(25.3820363978856,-12.4084585846758,-3.80615395539628));
#2440=CARTESIAN_POINT('Ctrl Pts',(25.6454480235743,-11.8500414776536,-4.15984092367181));
#2441=CARTESIAN_POINT('Ctrl Pts',(25.748295975676,-11.6236703936123,-4.34363642731629));
#2442=CARTESIAN_POINT('Ctrl Pts',(25.8263191961999,-11.4483904674372,-4.61655003131523));
#2443=CARTESIAN_POINT('Ctrl Pts',(25.8428159117016,-11.4110533779898,-4.68918119584769));
#2444=CARTESIAN_POINT('Ctrl Pts',(25.8652329951489,-11.3601494502922,-4.84285917848419));
#2445=CARTESIAN_POINT('Ctrl Pts',(25.871,-11.3469757644934,-4.92405826718673));
#2446=CARTESIAN_POINT('Ctrl Pts',(25.871,-11.3469757644934,-5.));
#2447=CARTESIAN_POINT('Origin',(-20.25,4.44089209850063E-15,0.));
#2448=CARTESIAN_POINT('',(-20.25,4.91828799908944E-15,0.));
#2449=CARTESIAN_POINT('Origin',(-24.25,-113.068563270257,-5.));
#2450=CARTESIAN_POINT('',(-22.629,-113.068563270257,-5.));
#2451=CARTESIAN_POINT('Origin',(24.25,-113.068563270257,-5.));
#2452=CARTESIAN_POINT('',(22.629,-113.068563270257,-5.));
#2453=CARTESIAN_POINT('Origin',(24.25,12.5,-10.));
#2454=CARTESIAN_POINT('Origin',(0.,0.,0.));
#2455=CARTESIAN_POINT('',(18.5,18.5,0.));
#2456=CARTESIAN_POINT('',(18.5,-18.5,0.));
#2457=CARTESIAN_POINT('',(18.5,18.5,0.));
#2458=CARTESIAN_POINT('',(-18.5,-18.5,0.));
#2459=CARTESIAN_POINT('',(18.5,-18.5,0.));
#2460=CARTESIAN_POINT('',(-18.5,18.5,0.));
#2461=CARTESIAN_POINT('',(-18.5,-18.5,0.));
#2462=CARTESIAN_POINT('',(-18.5,18.5,0.));
#2463=CARTESIAN_POINT('Origin',(-18.5,-18.5,0.));
#2464=CARTESIAN_POINT('',(18.5,-18.5,0.));
#2465=CARTESIAN_POINT('',(-18.5,-18.5,0.));
#2466=CARTESIAN_POINT('Origin',(-18.5,18.5,0.));
#2467=CARTESIAN_POINT('',(-18.5,18.5,0.));
#2468=CARTESIAN_POINT('Origin',(18.5,18.5,0.));
#2469=CARTESIAN_POINT('',(18.5,18.5,0.));
#2470=CARTESIAN_POINT('Origin',(18.5,-18.5,0.));
#2471=CARTESIAN_POINT('',(0.,0.,-0.0169661791609688));
#2472=CARTESIAN_POINT('',(0.,0.,0.));
#2473=CARTESIAN_POINT('',(0.,0.,0.));
#2474=CARTESIAN_POINT('Origin',(-25.25,6.25000000000001,-5.));
#2475=CARTESIAN_POINT('',(-20.25,4.44089209850063E-15,-5.));
#2476=CARTESIAN_POINT('',(-25.25,3.10469078598122E-15,-10.));
#2477=CARTESIAN_POINT('Origin',(-25.25,2.22044604925031E-15,-5.));
#2478=CARTESIAN_POINT('',(-20.25,19.6977156035922,-5.));
#2479=CARTESIAN_POINT('',(-20.25,6.25000000000001,-5.));
#2480=CARTESIAN_POINT('',(-25.25,12.6688594593199,-10.));
#2481=CARTESIAN_POINT('Ctrl Pts',(-20.25,19.6977156035922,-5.));
#2482=CARTESIAN_POINT('Ctrl Pts',(-20.25,19.6977156035922,-5.42254964171183));
#2483=CARTESIAN_POINT('Ctrl Pts',(-20.3076333972117,19.638973994443,-5.87378425646489));
#2484=CARTESIAN_POINT('Ctrl Pts',(-20.5337704319523,19.4024108844674,-6.71687589274786));
#2485=CARTESIAN_POINT('Ctrl Pts',(-20.7012864786961,19.2247713123796,-7.10904852821222));
#2486=CARTESIAN_POINT('Ctrl Pts',(-21.1565341719982,18.7250857135255,-7.92570058639614));
#2487=CARTESIAN_POINT('Ctrl Pts',(-21.5108769101392,18.3220702168688,-8.35813925145599));
#2488=CARTESIAN_POINT('Ctrl Pts',(-22.2628015699925,17.4006826490303,-9.04163093493412));
#2489=CARTESIAN_POINT('Ctrl Pts',(-22.658802094669,16.8824214993316,-9.29457099108397));
#2490=CARTESIAN_POINT('Ctrl Pts',(-23.8092050774713,15.2664554586896,-9.86977248248514));
#2491=CARTESIAN_POINT('Ctrl Pts',(-24.5512355278669,14.0497691045316,-9.99393374332545));
#2492=CARTESIAN_POINT('Ctrl Pts',(-25.220149645881,12.7282227421477,-9.99993337877612));
#2493=CARTESIAN_POINT('Ctrl Pts',(-25.2350978531665,12.6985605708332,-10.));
#2494=CARTESIAN_POINT('Ctrl Pts',(-25.25,12.6688594593199,-10.));
#2495=CARTESIAN_POINT('',(-25.25,6.25000000000001,-10.));
#2496=CARTESIAN_POINT('Origin',(-28.25,3.47273534702891E-15,0.));
#2497=CARTESIAN_POINT('',(-28.25,0.,-10.));
#2498=CARTESIAN_POINT('',(41.9961770582235,-5.1451724531953E-15,-10.));
#2499=CARTESIAN_POINT('',(-28.25,0.,0.));
#2500=CARTESIAN_POINT('',(-28.25,2.22044604925031E-15,0.));
#2501=CARTESIAN_POINT('',(-20.25,4.44089209850063E-15,0.));
#2502=CARTESIAN_POINT('',(-14.125,1.73985887209601E-15,0.));
#2503=CARTESIAN_POINT('',(-20.25,4.44089209850063E-15,0.));
#2504=CARTESIAN_POINT('',(-22.629,0.,-5.));
#2505=CARTESIAN_POINT('Origin',(-24.25,0.,-5.));
#2506=CARTESIAN_POINT('Origin',(-24.25,12.5,-10.));
#2507=CARTESIAN_POINT('Origin',(0.,0.,-10.));
#2508=CARTESIAN_POINT('Origin',(25.25,6.25000000000001,-5.));
#2509=CARTESIAN_POINT('',(25.25,3.10469078598122E-15,-10.));
#2510=CARTESIAN_POINT('',(20.25,4.44089209850063E-15,-5.));
#2511=CARTESIAN_POINT('Origin',(25.25,2.22044604925031E-15,-5.));
#2512=CARTESIAN_POINT('',(25.25,12.6688594593199,-10.));
#2513=CARTESIAN_POINT('',(25.25,6.25000000000001,-10.));
#2514=CARTESIAN_POINT('',(20.25,19.6977156035922,-5.));
#2515=CARTESIAN_POINT('Ctrl Pts',(25.2500000000032,12.6688594593135,-10.));
#2516=CARTESIAN_POINT('Ctrl Pts',(25.2350978531686,12.6985605708289,-10.));
#2517=CARTESIAN_POINT('Ctrl Pts',(25.2201496458821,12.7282227421456,-9.99993337877613));
#2518=CARTESIAN_POINT('Ctrl Pts',(24.5512355278669,14.0497691045316,-9.99393374332545));
#2519=CARTESIAN_POINT('Ctrl Pts',(23.8092050774713,15.2664554586896,-9.86977248248514));
#2520=CARTESIAN_POINT('Ctrl Pts',(22.658802094669,16.8824214993316,-9.29457099108397));
#2521=CARTESIAN_POINT('Ctrl Pts',(22.2628015699925,17.4006826490303,-9.04163093493412));
#2522=CARTESIAN_POINT('Ctrl Pts',(21.5108769101392,18.3220702168688,-8.35813925145599));
#2523=CARTESIAN_POINT('Ctrl Pts',(21.1565341719982,18.7250857135255,-7.92570058639614));
#2524=CARTESIAN_POINT('Ctrl Pts',(20.7012864786961,19.2247713123796,-7.10904852821222));
#2525=CARTESIAN_POINT('Ctrl Pts',(20.5337704319523,19.4024108844674,-6.71687589274786));
#2526=CARTESIAN_POINT('Ctrl Pts',(20.3076333972116,19.638973994443,-5.87378425646489));
#2527=CARTESIAN_POINT('Ctrl Pts',(20.25,19.6977156035922,-5.42254964171184));
#2528=CARTESIAN_POINT('Ctrl Pts',(20.25,19.6977156035922,-5.));
#2529=CARTESIAN_POINT('',(20.25,6.25000000000001,-5.));
#2530=CARTESIAN_POINT('Origin',(28.25,3.47273534702891E-15,0.));
#2531=CARTESIAN_POINT('',(20.25,4.44089209850063E-15,0.));
#2532=CARTESIAN_POINT('',(20.25,4.44089209850063E-15,0.));
#2533=CARTESIAN_POINT('',(28.25,0.,0.));
#2534=CARTESIAN_POINT('',(14.125,1.73985887209601E-15,0.));
#2535=CARTESIAN_POINT('',(28.25,0.,-10.));
#2536=CARTESIAN_POINT('',(28.25,2.22044604925031E-15,0.));
#2537=CARTESIAN_POINT('',(-41.9961770582235,-5.1451724531953E-15,-10.));
#2538=CARTESIAN_POINT('',(22.629,0.,-5.));
#2539=CARTESIAN_POINT('Origin',(24.25,0.,-5.));
#2540=CARTESIAN_POINT('Origin',(20.25,4.44089209850063E-15,0.));
#2541=CARTESIAN_POINT('',(20.25,19.6977156035922,0.));
#2542=CARTESIAN_POINT('',(20.25,19.6977156035922,0.));
#2543=CARTESIAN_POINT('',(20.25,4.91828799908944E-15,0.));
#2544=CARTESIAN_POINT('Origin',(-2.75590759652528E-15,-23.375,-64.2613920840604));
#2545=CARTESIAN_POINT('',(2.4585,-23.375,-65.));
#2546=CARTESIAN_POINT('Origin',(-2.75590759652528E-15,-23.375,-65.));
#2547=CARTESIAN_POINT('',(-2.75590759652528E-15,-23.375,-63.5227841681208));
#2548=CARTESIAN_POINT('',(1.22925,-23.375,-64.2613920840604));
#2549=CARTESIAN_POINT('Origin',(-2.75590759652528E-15,-23.375,-72.5));
#2550=CARTESIAN_POINT('',(2.4585,-23.375,-80.));
#2551=CARTESIAN_POINT('Origin',(-2.75590759652528E-15,-23.375,-80.));
#2552=CARTESIAN_POINT('',(2.4585,-23.375,-72.5));
#2553=CARTESIAN_POINT('Origin',(2.77555756156289E-15,23.375,-64.2613920840604));
#2554=CARTESIAN_POINT('',(2.4585,23.375,-65.));
#2555=CARTESIAN_POINT('Origin',(2.77555756156289E-15,23.375,-65.));
#2556=CARTESIAN_POINT('',(2.77555756156289E-15,23.375,-63.5227841681208));
#2557=CARTESIAN_POINT('',(1.22925,23.375,-64.2613920840604));
#2558=CARTESIAN_POINT('Origin',(2.77555756156289E-15,23.375,-72.5));
#2559=CARTESIAN_POINT('',(2.4585,23.375,-80.));
#2560=CARTESIAN_POINT('Origin',(2.77555756156289E-15,23.375,-80.));
#2561=CARTESIAN_POINT('',(2.4585,23.375,-72.5));
#2562=CARTESIAN_POINT('Origin',(-20.25,4.44089209850063E-15,0.));
#2563=CARTESIAN_POINT('',(-20.25,19.6977156035922,0.));
#2564=CARTESIAN_POINT('',(-20.25,4.91828799908944E-15,0.));
#2565=CARTESIAN_POINT('',(-20.25,19.6977156035922,0.));
#2566=CARTESIAN_POINT('Origin',(-24.25,-113.068563270257,-5.));
#2567=CARTESIAN_POINT('',(-22.629,-16.9112642637977,-5.));
#2568=CARTESIAN_POINT('',(-22.629,-113.068563270257,-5.));
#2569=CARTESIAN_POINT('',(-25.871,-11.3469757644934,-5.));
#2570=CARTESIAN_POINT('Ctrl Pts',(-25.871,-11.3469757644934,-5.));
#2571=CARTESIAN_POINT('Ctrl Pts',(-25.871,-11.3469757644934,-4.92405826718673));
#2572=CARTESIAN_POINT('Ctrl Pts',(-25.8652329951489,-11.3601494502922,-4.8428591784842));
#2573=CARTESIAN_POINT('Ctrl Pts',(-25.8428159117016,-11.4110533779898,-4.68918119584769));
#2574=CARTESIAN_POINT('Ctrl Pts',(-25.8263191961999,-11.4483904674372,-4.61655003131523));
#2575=CARTESIAN_POINT('Ctrl Pts',(-25.748295975676,-11.6236703936123,-4.34363642731629));
#2576=CARTESIAN_POINT('Ctrl Pts',(-25.6454480235743,-11.8500414776536,-4.15984092367181));
#2577=CARTESIAN_POINT('Ctrl Pts',(-25.3820363978856,-12.4084585846758,-3.80615395539627));
#2578=CARTESIAN_POINT('Ctrl Pts',(-25.1754671602103,-12.8252832792427,-3.64602840833867));
#2579=CARTESIAN_POINT('Ctrl Pts',(-24.7260974548343,-13.6715816102218,-3.43058645968535));
#2580=CARTESIAN_POINT('Ctrl Pts',(-24.482832012271,-14.1017535656965,-3.379));
#2581=CARTESIAN_POINT('Ctrl Pts',(-24.0516224957044,-14.8233434435864,-3.379));
#2582=CARTESIAN_POINT('Ctrl Pts',(-23.8275458397277,-15.1813463983306,-3.41649788114308));
#2583=CARTESIAN_POINT('Ctrl Pts',(-23.3843678879043,-15.8554898156689,-3.60837224691223));
#2584=CARTESIAN_POINT('Ctrl Pts',(-23.1651378046117,-16.172094197837,-3.76081613482873));
#2585=CARTESIAN_POINT('Ctrl Pts',(-22.8903531931838,-16.5565639701321,-4.10489616413225));
#2586=CARTESIAN_POINT('Ctrl Pts',(-22.7983189990254,-16.6826656119306,-4.25508801595552));
#2587=CARTESIAN_POINT('Ctrl Pts',(-22.7000365654227,-16.8158819191411,-4.51635512229446));
#2588=CARTESIAN_POINT('Ctrl Pts',(-22.6737198697025,-16.8512841306266,-4.6093980323202));
#2589=CARTESIAN_POINT('Ctrl Pts',(-22.638203577266,-16.8989691260313,-4.80176248139334));
#2590=CARTESIAN_POINT('Ctrl Pts',(-22.629,-16.9112642637977,-4.90108022289271));
#2591=CARTESIAN_POINT('Ctrl Pts',(-22.629,-16.9112642637977,-5.));
#2592=CARTESIAN_POINT('Ctrl Pts',(-22.629,-16.9112642637977,-5.));
#2593=CARTESIAN_POINT('Ctrl Pts',(-22.629,-16.9112642637977,-5.09891977710729));
#2594=CARTESIAN_POINT('Ctrl Pts',(-22.638203577266,-16.8989691260313,-5.19823751860665));
#2595=CARTESIAN_POINT('Ctrl Pts',(-22.6737198697025,-16.8512841306266,-5.39060196767979));
#2596=CARTESIAN_POINT('Ctrl Pts',(-22.7000365654227,-16.8158819191411,-5.48364487770553));
#2597=CARTESIAN_POINT('Ctrl Pts',(-22.7983189990254,-16.6826656119306,-5.74491198404447));
#2598=CARTESIAN_POINT('Ctrl Pts',(-22.8903531931838,-16.5565639701321,-5.89510383586775));
#2599=CARTESIAN_POINT('Ctrl Pts',(-23.1651378046117,-16.172094197837,-6.23918386517126));
#2600=CARTESIAN_POINT('Ctrl Pts',(-23.3843678879043,-15.8554898156689,-6.39162775308777));
#2601=CARTESIAN_POINT('Ctrl Pts',(-23.8275458397277,-15.1813463983306,-6.58350211885692));
#2602=CARTESIAN_POINT('Ctrl Pts',(-24.0516224957044,-14.8233434435864,-6.621));
#2603=CARTESIAN_POINT('Ctrl Pts',(-24.482832012271,-14.1017535656965,-6.621));
#2604=CARTESIAN_POINT('Ctrl Pts',(-24.7260974548343,-13.6715816102218,-6.56941354031465));
#2605=CARTESIAN_POINT('Ctrl Pts',(-25.1754671602102,-12.8252832792427,-6.35397159166133));
#2606=CARTESIAN_POINT('Ctrl Pts',(-25.3820363978856,-12.4084585846758,-6.19384604460372));
#2607=CARTESIAN_POINT('Ctrl Pts',(-25.6454480235743,-11.8500414776536,-5.84015907632819));
#2608=CARTESIAN_POINT('Ctrl Pts',(-25.748295975676,-11.6236703936123,-5.65636357268371));
#2609=CARTESIAN_POINT('Ctrl Pts',(-25.8263191961999,-11.4483904674372,-5.38344996868477));
#2610=CARTESIAN_POINT('Ctrl Pts',(-25.8428159117016,-11.4110533779898,-5.3108188041523));
#2611=CARTESIAN_POINT('Ctrl Pts',(-25.8652329951489,-11.3601494502922,-5.1571408215158));
#2612=CARTESIAN_POINT('Ctrl Pts',(-25.871,-11.3469757644934,-5.07594173281327));
#2613=CARTESIAN_POINT('Ctrl Pts',(-25.871,-11.3469757644934,-5.));
#2614=CARTESIAN_POINT('Origin',(0.,0.,0.));
#2615=CARTESIAN_POINT('',(-28.25,3.45962720759127E-15,-80.));
#2616=CARTESIAN_POINT('Origin',(0.,0.,-80.));
#2617=CARTESIAN_POINT('',(-28.25,3.45962720759127E-15,0.));
#2618=CARTESIAN_POINT('Origin',(0.,0.,0.));
#2619=CARTESIAN_POINT('Origin',(0.,0.,-10.));
#2620=CARTESIAN_POINT('Origin',(0.,0.,0.));
#2621=CARTESIAN_POINT('',(25.871,-11.3469757644934,-5.));
#2622=CARTESIAN_POINT('',(22.629,-16.9112642637977,-5.));
#2623=CARTESIAN_POINT('Ctrl Pts',(25.871,-11.3469757644934,-5.));
#2624=CARTESIAN_POINT('Ctrl Pts',(25.871,-11.3469757644934,-5.07594173281327));
#2625=CARTESIAN_POINT('Ctrl Pts',(25.8652329951489,-11.3601494502922,-5.1571408215158));
#2626=CARTESIAN_POINT('Ctrl Pts',(25.8428159117016,-11.4110533779898,-5.3108188041523));
#2627=CARTESIAN_POINT('Ctrl Pts',(25.8263191961999,-11.4483904674372,-5.38344996868477));
#2628=CARTESIAN_POINT('Ctrl Pts',(25.748295975676,-11.6236703936123,-5.65636357268371));
#2629=CARTESIAN_POINT('Ctrl Pts',(25.6454480235743,-11.8500414776536,-5.84015907632819));
#2630=CARTESIAN_POINT('Ctrl Pts',(25.3820363978856,-12.4084585846758,-6.19384604460372));
#2631=CARTESIAN_POINT('Ctrl Pts',(25.1754671602103,-12.8252832792427,-6.35397159166133));
#2632=CARTESIAN_POINT('Ctrl Pts',(24.7260974548343,-13.6715816102218,-6.56941354031465));
#2633=CARTESIAN_POINT('Ctrl Pts',(24.482832012271,-14.1017535656965,-6.621));
#2634=CARTESIAN_POINT('Ctrl Pts',(24.0516224957044,-14.8233434435864,-6.621));
#2635=CARTESIAN_POINT('Ctrl Pts',(23.8275458397277,-15.1813463983306,-6.58350211885692));
#2636=CARTESIAN_POINT('Ctrl Pts',(23.3843678879043,-15.8554898156689,-6.39162775308777));
#2637=CARTESIAN_POINT('Ctrl Pts',(23.1651378046117,-16.172094197837,-6.23918386517126));
#2638=CARTESIAN_POINT('Ctrl Pts',(22.8903531931838,-16.5565639701321,-5.89510383586775));
#2639=CARTESIAN_POINT('Ctrl Pts',(22.7983189990254,-16.6826656119306,-5.74491198404447));
#2640=CARTESIAN_POINT('Ctrl Pts',(22.7000365654227,-16.8158819191411,-5.48364487770553));
#2641=CARTESIAN_POINT('Ctrl Pts',(22.6737198697025,-16.8512841306266,-5.39060196767979));
#2642=CARTESIAN_POINT('Ctrl Pts',(22.638203577266,-16.8989691260313,-5.19823751860665));
#2643=CARTESIAN_POINT('Ctrl Pts',(22.629,-16.9112642637977,-5.09891977710729));
#2644=CARTESIAN_POINT('Ctrl Pts',(22.629,-16.9112642637977,-5.));
#2645=CARTESIAN_POINT('Ctrl Pts',(22.629,-16.9112642637977,-5.));
#2646=CARTESIAN_POINT('Ctrl Pts',(22.629,-16.9112642637977,-4.90108022289271));
#2647=CARTESIAN_POINT('Ctrl Pts',(22.638203577266,-16.8989691260313,-4.80176248139334));
#2648=CARTESIAN_POINT('Ctrl Pts',(22.6737198697025,-16.8512841306266,-4.6093980323202));
#2649=CARTESIAN_POINT('Ctrl Pts',(22.7000365654227,-16.8158819191411,-4.51635512229446));
#2650=CARTESIAN_POINT('Ctrl Pts',(22.7983189990254,-16.6826656119306,-4.25508801595552));
#2651=CARTESIAN_POINT('Ctrl Pts',(22.8903531931838,-16.5565639701321,-4.10489616413225));
#2652=CARTESIAN_POINT('Ctrl Pts',(23.1651378046117,-16.172094197837,-3.76081613482873));
#2653=CARTESIAN_POINT('Ctrl Pts',(23.3843678879043,-15.8554898156689,-3.60837224691223));
#2654=CARTESIAN_POINT('Ctrl Pts',(23.8275458397277,-15.1813463983306,-3.41649788114308));
#2655=CARTESIAN_POINT('Ctrl Pts',(24.0516224957044,-14.8233434435864,-3.379));
#2656=CARTESIAN_POINT('Ctrl Pts',(24.482832012271,-14.1017535656965,-3.379));
#2657=CARTESIAN_POINT('Ctrl Pts',(24.7260974548343,-13.6715816102218,-3.43058645968535));
#2658=CARTESIAN_POINT('Ctrl Pts',(25.1754671602102,-12.8252832792427,-3.64602840833866));
#2659=CARTESIAN_POINT('Ctrl Pts',(25.3820363978856,-12.4084585846758,-3.80615395539628));
#2660=CARTESIAN_POINT('Ctrl Pts',(25.6454480235743,-11.8500414776536,-4.15984092367181));
#2661=CARTESIAN_POINT('Ctrl Pts',(25.748295975676,-11.6236703936123,-4.34363642731629));
#2662=CARTESIAN_POINT('Ctrl Pts',(25.8263191961999,-11.4483904674372,-4.61655003131523));
#2663=CARTESIAN_POINT('Ctrl Pts',(25.8428159117016,-11.4110533779898,-4.68918119584769));
#2664=CARTESIAN_POINT('Ctrl Pts',(25.8652329951489,-11.3601494502922,-4.84285917848419));
#2665=CARTESIAN_POINT('Ctrl Pts',(25.871,-11.3469757644934,-4.92405826718673));
#2666=CARTESIAN_POINT('Ctrl Pts',(25.871,-11.3469757644934,-5.));
#2667=CARTESIAN_POINT('Origin',(24.25,-113.068563270257,-5.));
#2668=CARTESIAN_POINT('',(22.629,-113.068563270257,-5.));
#2669=CARTESIAN_POINT('Origin',(24.25,12.5,-10.));
#2670=CARTESIAN_POINT('Origin',(0.,0.,0.));
#2671=CARTESIAN_POINT('',(18.5,18.5,0.));
#2672=CARTESIAN_POINT('',(18.5,-18.5,0.));
#2673=CARTESIAN_POINT('',(18.5,18.5,0.));
#2674=CARTESIAN_POINT('',(-18.5,-18.5,0.));
#2675=CARTESIAN_POINT('',(18.5,-18.5,0.));
#2676=CARTESIAN_POINT('',(-18.5,18.5,0.));
#2677=CARTESIAN_POINT('',(-18.5,-18.5,0.));
#2678=CARTESIAN_POINT('',(-18.5,18.5,0.));
#2679=CARTESIAN_POINT('Origin',(-18.5,-18.5,0.));
#2680=CARTESIAN_POINT('',(18.5,-18.5,-80.));
#2681=CARTESIAN_POINT('',(18.5,-18.5,0.));
#2682=CARTESIAN_POINT('',(-18.5,-18.5,-80.));
#2683=CARTESIAN_POINT('',(18.5,-18.5,-80.));
#2684=CARTESIAN_POINT('',(-18.5,-18.5,0.));
#2685=CARTESIAN_POINT('Origin',(-18.5,18.5,0.));
#2686=CARTESIAN_POINT('',(-18.5,18.5,-80.));
#2687=CARTESIAN_POINT('',(-18.5,-18.5,-80.));
#2688=CARTESIAN_POINT('',(-18.5,18.5,0.));
#2689=CARTESIAN_POINT('Origin',(18.5,18.5,0.));
#2690=CARTESIAN_POINT('',(18.5,18.5,-80.));
#2691=CARTESIAN_POINT('',(-18.5,18.5,-80.));
#2692=CARTESIAN_POINT('',(18.5,18.5,0.));
#2693=CARTESIAN_POINT('Origin',(18.5,-18.5,0.));
#2694=CARTESIAN_POINT('',(18.5,18.5,-80.));
#2695=CARTESIAN_POINT('Origin',(0.,0.,-80.));
#2696=CARTESIAN_POINT('',(-5.77689234419648,-0.398406379642417,40.));
#2697=CARTESIAN_POINT('',(0.,0.,0.));
#2698=CARTESIAN_POINT('Origin',(9.,1.,-3.5));
#2699=CARTESIAN_POINT('',(3.5,1.,-4.31753398465339E-16));
#2700=CARTESIAN_POINT('',(3.5,1.,-7.));
#2701=CARTESIAN_POINT('Origin',(3.5,1.,-3.5));
#2702=CARTESIAN_POINT('',(14.5,1.,-1.78869265078497E-15));
#2703=CARTESIAN_POINT('',(0.,1.,0.));
#2704=CARTESIAN_POINT('',(14.5,1.,-7.));
#2705=CARTESIAN_POINT('Origin',(14.5,1.,-3.5));
#2706=CARTESIAN_POINT('',(18.,1.,-7.00000000000001));
#2707=CARTESIAN_POINT('',(1.75,1.,-3.5));
#2708=CARTESIAN_POINT('Origin',(4.,1.,-3.5));
#2709=CARTESIAN_POINT('',(11.75,1.,-3.5));
#2710=CARTESIAN_POINT('Origin',(14.,1.,-3.5));
#2711=CARTESIAN_POINT('Origin',(3.5,0.,-3.5));
#2712=CARTESIAN_POINT('',(3.5,0.,-7.));
#2713=CARTESIAN_POINT('',(3.5,0.,-7.));
#2714=CARTESIAN_POINT('',(3.5,0.,-4.31753398465339E-16));
#2715=CARTESIAN_POINT('Origin',(3.5,0.,-3.5));
#2716=CARTESIAN_POINT('',(3.5,0.,-5.55111512312578E-16));
#2717=CARTESIAN_POINT('Origin',(9.,0.,-3.5));
#2718=CARTESIAN_POINT('',(14.5,0.,-7.));
#2719=CARTESIAN_POINT('',(18.,0.,-7.00000000000001));
#2720=CARTESIAN_POINT('',(14.5,0.,-1.78869265078497E-15));
#2721=CARTESIAN_POINT('Origin',(14.5,0.,-3.5));
#2722=CARTESIAN_POINT('',(0.,0.,0.));
#2723=CARTESIAN_POINT('',(1.75,0.,-3.5));
#2724=CARTESIAN_POINT('Origin',(4.,0.,-3.5));
#2725=CARTESIAN_POINT('',(11.75,0.,-3.5));
#2726=CARTESIAN_POINT('Origin',(14.,0.,-3.5));
#2727=CARTESIAN_POINT('Origin',(14.5,0.,-3.5));
#2728=CARTESIAN_POINT('',(14.5,0.,-1.66533453693773E-15));
#2729=CARTESIAN_POINT('',(14.5,0.,-7.));
#2730=CARTESIAN_POINT('Origin',(14.,-18.3390796058137,-3.5));
#2731=CARTESIAN_POINT('',(11.75,-18.3390796058137,-3.5));
#2732=CARTESIAN_POINT('Origin',(4.,-18.3390796058137,-3.5));
#2733=CARTESIAN_POINT('',(1.75,-18.3390796058137,-3.5));
#2734=CARTESIAN_POINT('Origin',(0.,0.,0.));
#2735=CARTESIAN_POINT('Origin',(18.,0.,-7.00000000000001));
#2736=CARTESIAN_POINT('',(0.,0.,0.));
#2737=CARTESIAN_POINT('Origin',(0.100000000000002,-1.01536133998013E-16,
0.));
#2738=CARTESIAN_POINT('',(2.27248775352962E-15,-3.60432913242653E-16,2.1));
#2739=CARTESIAN_POINT('Origin',(2.27248775352962E-15,-1.03257085421709E-16,
0.));
#2740=CARTESIAN_POINT('',(0.100000000000002,-3.46465493827484E-16,2.));
#2741=CARTESIAN_POINT('Origin',(0.100000000000002,-3.58711961818958E-16,
2.1));
#2742=CARTESIAN_POINT('',(0.100000000000002,-2.,-2.4492935982947E-16));
#2743=CARTESIAN_POINT('Origin',(0.100000000000002,-1.01536133998013E-16,
0.));
#2744=CARTESIAN_POINT('Origin',(0.100000000000002,-1.01536133998013E-16,
0.));
#2745=CARTESIAN_POINT('Origin',(4.05,-3.35585527620553E-17,0.));
#2746=CARTESIAN_POINT('',(5.57058500000001,2.,2.4492935982947E-16));
#2747=CARTESIAN_POINT('',(5.57058500000001,-2.,-2.4492935982947E-16));
#2748=CARTESIAN_POINT('Origin',(5.57058500000001,-7.3900235560605E-18,0.));
#2749=CARTESIAN_POINT('Origin',(5.57058500000001,-7.3900235560605E-18,0.));
#2750=CARTESIAN_POINT('',(4.05,-2.,-2.4492935982947E-16));
#2751=CARTESIAN_POINT('Origin',(2.22044604925031E-15,2.75,0.));
#2752=CARTESIAN_POINT('',(2.22044604925031E-15,-3.5,-4.28626379701574E-16));
#2753=CARTESIAN_POINT('Origin',(2.22044604925031E-15,-1.03257085421709E-16,
0.));
#2754=CARTESIAN_POINT('Origin',(5.78529250000001,-3.69501177803026E-18,
0.));
#2755=CARTESIAN_POINT('',(6.00000000000001,1.570585,-1.92341189303884E-16));
#2756=CARTESIAN_POINT('Origin',(6.00000000000001,-1.54074395550979E-32,
0.));
#2757=CARTESIAN_POINT('',(5.78529250000001,1.7852925,2.18635274566677E-16));
#2758=CARTESIAN_POINT('Origin',(6.00000000000001,0.999999999999999,0.));
#2759=CARTESIAN_POINT('Origin',(-3.59999999999999,-1.65211336674734E-16,
0.));
#2760=CARTESIAN_POINT('',(-3.59999999999999,-5.93837716376307E-16,3.5));
#2761=CARTESIAN_POINT('',(-3.59999999999999,-3.5,-4.28626379701574E-16));
#2762=CARTESIAN_POINT('Origin',(-3.59999999999999,-1.65211336674734E-16,
0.));
#2763=CARTESIAN_POINT('Origin',(-3.59999999999999,-1.65211336674734E-16,
0.));
#2764=CARTESIAN_POINT('',(-3.99999999999999,-5.51735650105194E-16,3.1));
#2765=CARTESIAN_POINT('Origin',(-3.59999999999999,-5.44851844410413E-16,
3.1));
#2766=CARTESIAN_POINT('Origin',(-3.99999999999999,-1.72095142369514E-16,
0.));
#2767=CARTESIAN_POINT('Origin',(-3.99999999999999,2.61602540378444,0.));
#2768=CARTESIAN_POINT('',(-3.99999999999999,1.5,-0.866025403784439));
#2769=CARTESIAN_POINT('',(-3.99999999999999,1.5,0.866025403784438));
#2770=CARTESIAN_POINT('',(-3.99999999999999,1.5,0.433012701892219));
#2771=CARTESIAN_POINT('',(-3.99999999999999,4.00199053754672E-17,1.73205080756888));
#2772=CARTESIAN_POINT('',(-3.99999999999999,0.375,1.51554445662277));
#2773=CARTESIAN_POINT('',(-3.99999999999999,-1.5,0.866025403784439));
#2774=CARTESIAN_POINT('',(-3.99999999999999,-1.125,1.08253175473055));
#2775=CARTESIAN_POINT('',(-3.99999999999999,-1.5,-0.866025403784438));
#2776=CARTESIAN_POINT('',(-3.99999999999999,-1.5,-0.433012701892219));
#2777=CARTESIAN_POINT('',(-3.99999999999999,-4.87460270200425E-16,-1.73205080756888));
#2778=CARTESIAN_POINT('',(-3.99999999999999,-0.375000000000001,-1.51554445662277));
#2779=CARTESIAN_POINT('',(-3.99999999999999,1.125,-1.08253175473055));
#2780=CARTESIAN_POINT('Origin',(-2.,-1.37676113895611E-16,0.));
#2781=CARTESIAN_POINT('',(-2.,-3.5,-4.28626379701574E-16));
#2782=CARTESIAN_POINT('Origin',(-3.99999999999999,-4.87460270200425E-16,
-1.73205080756888));
#2783=CARTESIAN_POINT('',(-2.,-7.98248239994965E-16,-1.73205080756888));
#2784=CARTESIAN_POINT('',(-2.,-1.5,-0.866025403784438));
#2785=CARTESIAN_POINT('Ctrl Pts',(-2.,-2.95867034575774E-16,-1.73205080756888));
#2786=CARTESIAN_POINT('Ctrl Pts',(-1.74999999999999,-0.750000000000001,
-1.29903810567666));
#2787=CARTESIAN_POINT('Ctrl Pts',(-2.,-1.5,-0.866025403784437));
#2788=CARTESIAN_POINT('',(-2.99999999999999,-8.32667268468867E-16,-1.73205080756888));
#2789=CARTESIAN_POINT('',(-2.99999999999999,-1.5,-0.866025403784438));
#2790=CARTESIAN_POINT('Origin',(-3.99999999999999,1.5,-0.866025403784439));
#2791=CARTESIAN_POINT('',(-2.,1.5,-0.866025403784439));
#2792=CARTESIAN_POINT('Ctrl Pts',(-2.,1.5,-0.866025403784438));
#2793=CARTESIAN_POINT('Ctrl Pts',(-1.74999999999999,0.75,-1.29903810567666));
#2794=CARTESIAN_POINT('Ctrl Pts',(-2.,-1.54486793727907E-15,-1.73205080756888));
#2795=CARTESIAN_POINT('',(-2.99999999999999,1.5,-0.866025403784439));
#2796=CARTESIAN_POINT('Origin',(-3.99999999999999,1.5,0.866025403784438));
#2797=CARTESIAN_POINT('',(-2.,1.5,0.866025403784437));
#2798=CARTESIAN_POINT('Ctrl Pts',(-2.,1.5,0.866025403784438));
#2799=CARTESIAN_POINT('Ctrl Pts',(-1.75,1.5,-5.10067888001972E-16));
#2800=CARTESIAN_POINT('Ctrl Pts',(-1.99999999999999,1.5,-0.866025403784438));
#2801=CARTESIAN_POINT('',(-2.99999999999999,1.5,0.866025403784438));
#2802=CARTESIAN_POINT('Origin',(-3.99999999999999,-6.88380569478056E-17,
1.73205080756888));
#2803=CARTESIAN_POINT('',(-2.,-1.04358849604242E-16,1.73205080756888));
#2804=CARTESIAN_POINT('Ctrl Pts',(-2.,-8.50978546888352E-16,1.73205080756888));
#2805=CARTESIAN_POINT('Ctrl Pts',(-1.74999999999999,0.75,1.29903810567666));
#2806=CARTESIAN_POINT('Ctrl Pts',(-2.,1.5,0.866025403784437));
#2807=CARTESIAN_POINT('',(-2.99999999999999,-1.38777878078145E-16,1.73205080756888));
#2808=CARTESIAN_POINT('Origin',(-3.99999999999999,-1.5,-0.866025403784438));
#2809=CARTESIAN_POINT('',(-1.86602540378443,-1.5,-2.36764343999331E-16));
#2810=CARTESIAN_POINT('Ctrl Pts',(-2.,-1.5,-0.866025403784439));
#2811=CARTESIAN_POINT('Ctrl Pts',(-1.86602540378443,-1.5,-0.401923788646685));
#2812=CARTESIAN_POINT('Ctrl Pts',(-1.86602540378443,-1.5,-2.89831668126558E-16));
#2813=CARTESIAN_POINT('',(-2.,-1.5,0.866025403784439));
#2814=CARTESIAN_POINT('',(-2.99999999999999,-1.5,0.866025403784439));
#2815=CARTESIAN_POINT('Ctrl Pts',(-1.86602540378443,-1.5,-2.89831668126558E-16));
#2816=CARTESIAN_POINT('Ctrl Pts',(-1.86602540378443,-1.5,0.401923788646685));
#2817=CARTESIAN_POINT('Ctrl Pts',(-2.,-1.5,0.86602540378444));
#2818=CARTESIAN_POINT('Origin',(-3.99999999999999,-1.5,0.866025403784439));
#2819=CARTESIAN_POINT('Ctrl Pts',(-2.,-1.5,0.866025403784439));
#2820=CARTESIAN_POINT('Ctrl Pts',(-1.74999999999999,-0.75,1.29903810567666));
#2821=CARTESIAN_POINT('Ctrl Pts',(-2.,1.2046659965866E-16,1.73205080756888));
#2822=CARTESIAN_POINT('Origin',(-1.49999999999999,-1.29071356777136E-16,
0.));
#2823=CARTESIAN_POINT('',(-0.999999999999994,-1.2046659965866E-16,0.));
#2824=CARTESIAN_POINT('',(-1.49999999999999,-0.866025403784439,-1.06057523872491E-16));
#2825=CARTESIAN_POINT('',(-7.70252312559531,-0.59760956946363,40.0169661791612));
#2826=CARTESIAN_POINT('',(-1.9256307813988,-0.199203189821189,-80.0000000000003));
#2827=CARTESIAN_POINT('',(-7.70252312559531,-0.59760956946363,120.016966179162));
#2828=CARTESIAN_POINT('',(-13.4794154697918,-0.199203189821192,160.000000000001));
#2829=CARTESIAN_POINT('',(20.047476874405,0.402390430536277,111.000000000001));
#2830=CARTESIAN_POINT('',(20.0474768744049,0.402390430536296,31.0000000000002));
#2831=CARTESIAN_POINT('',(20.0474768744048,0.402390430536341,-49.0000000000002));
#2832=CARTESIAN_POINT('',(-28.4525231255956,0.40239043053639,111.000000000001));
#2833=CARTESIAN_POINT('',(-28.4525231255955,0.40239043053638,31.0000000000003));
#2834=CARTESIAN_POINT('',(-28.4525231255954,0.402390430536397,-49.0000000000001));
#2835=CARTESIAN_POINT('',(16.5474768744048,0.402390430536295,125.000000000001));
#2836=CARTESIAN_POINT('',(16.5474768744049,0.402390430536292,115.000000000001));
#2837=CARTESIAN_POINT('',(16.5474768744049,0.402390430536309,45.0000000000002));
#2838=CARTESIAN_POINT('',(16.5474768744049,0.402390430536305,35.0000000000002));
#2839=CARTESIAN_POINT('',(16.5474768744049,0.402390430536347,-35.0000000000002));
#2840=CARTESIAN_POINT('',(16.5474768744048,0.402390430536347,-45.0000000000001));
#2841=CARTESIAN_POINT('',(-31.9525231255955,0.402390430536404,-45.0000000000002));
#2842=CARTESIAN_POINT('',(-31.9525231255955,0.402390430536404,-35.0000000000002));
#2843=CARTESIAN_POINT('',(-31.9525231255955,0.402390430536391,35.0000000000003));
#2844=CARTESIAN_POINT('',(-31.9525231255955,0.402390430536394,45.0000000000003));
#2845=CARTESIAN_POINT('',(-31.9525231255955,0.402390430536399,115.000000000001));
#2846=CARTESIAN_POINT('',(-31.9525231255954,0.402390430536405,125.000000000001));
#2847=UNCERTAINTY_MEASURE_WITH_UNIT(LENGTH_MEASURE(0.01),#2863,
'DISTANCE_ACCURACY_VALUE',
'Maximum model space distance between geometric entities at asserted c
onnectivities');
#2848=UNCERTAINTY_MEASURE_WITH_UNIT(LENGTH_MEASURE(0.01),#2863,
'DISTANCE_ACCURACY_VALUE',
'Maximum model space distance between geometric entities at asserted c
onnectivities');
#2849=UNCERTAINTY_MEASURE_WITH_UNIT(LENGTH_MEASURE(0.01),#2863,
'DISTANCE_ACCURACY_VALUE',
'Maximum model space distance between geometric entities at asserted c
onnectivities');
#2850=UNCERTAINTY_MEASURE_WITH_UNIT(LENGTH_MEASURE(0.01),#2863,
'DISTANCE_ACCURACY_VALUE',
'Maximum model space distance between geometric entities at asserted c
onnectivities');
#2851=UNCERTAINTY_MEASURE_WITH_UNIT(LENGTH_MEASURE(0.01),#2863,
'DISTANCE_ACCURACY_VALUE',
'Maximum model space distance between geometric entities at asserted c
onnectivities');
#2852=UNCERTAINTY_MEASURE_WITH_UNIT(LENGTH_MEASURE(0.01),#2863,
'DISTANCE_ACCURACY_VALUE',
'Maximum model space distance between geometric entities at asserted c
onnectivities');
#2853=UNCERTAINTY_MEASURE_WITH_UNIT(LENGTH_MEASURE(0.01),#2863,
'DISTANCE_ACCURACY_VALUE',
'Maximum model space distance between geometric entities at asserted c
onnectivities');
#2854=UNCERTAINTY_MEASURE_WITH_UNIT(LENGTH_MEASURE(0.01),#2863,
'DISTANCE_ACCURACY_VALUE',
'Maximum model space distance between geometric entities at asserted c
onnectivities');
#2855=(
GEOMETRIC_REPRESENTATION_CONTEXT(3)
GLOBAL_UNCERTAINTY_ASSIGNED_CONTEXT((#2847))
GLOBAL_UNIT_ASSIGNED_CONTEXT((#2863,#2865,#2866))
REPRESENTATION_CONTEXT('','3D')
);
#2856=(
GEOMETRIC_REPRESENTATION_CONTEXT(3)
GLOBAL_UNCERTAINTY_ASSIGNED_CONTEXT((#2848))
GLOBAL_UNIT_ASSIGNED_CONTEXT((#2863,#2865,#2866))
REPRESENTATION_CONTEXT('','3D')
);
#2857=(
GEOMETRIC_REPRESENTATION_CONTEXT(3)
GLOBAL_UNCERTAINTY_ASSIGNED_CONTEXT((#2849))
GLOBAL_UNIT_ASSIGNED_CONTEXT((#2863,#2865,#2866))
REPRESENTATION_CONTEXT('','3D')
);
#2858=(
GEOMETRIC_REPRESENTATION_CONTEXT(3)
GLOBAL_UNCERTAINTY_ASSIGNED_CONTEXT((#2850))
GLOBAL_UNIT_ASSIGNED_CONTEXT((#2863,#2865,#2866))
REPRESENTATION_CONTEXT('','3D')
);
#2859=(
GEOMETRIC_REPRESENTATION_CONTEXT(3)
GLOBAL_UNCERTAINTY_ASSIGNED_CONTEXT((#2851))
GLOBAL_UNIT_ASSIGNED_CONTEXT((#2863,#2865,#2866))
REPRESENTATION_CONTEXT('','3D')
);
#2860=(
GEOMETRIC_REPRESENTATION_CONTEXT(3)
GLOBAL_UNCERTAINTY_ASSIGNED_CONTEXT((#2852))
GLOBAL_UNIT_ASSIGNED_CONTEXT((#2863,#2865,#2866))
REPRESENTATION_CONTEXT('','3D')
);
#2861=(
GEOMETRIC_REPRESENTATION_CONTEXT(3)
GLOBAL_UNCERTAINTY_ASSIGNED_CONTEXT((#2853))
GLOBAL_UNIT_ASSIGNED_CONTEXT((#2863,#2865,#2866))
REPRESENTATION_CONTEXT('','3D')
);
#2862=(
GEOMETRIC_REPRESENTATION_CONTEXT(3)
GLOBAL_UNCERTAINTY_ASSIGNED_CONTEXT((#2854))
GLOBAL_UNIT_ASSIGNED_CONTEXT((#2863,#2865,#2866))
REPRESENTATION_CONTEXT('','3D')
);
#2863=(
LENGTH_UNIT()
NAMED_UNIT(*)
SI_UNIT(.MILLI.,.METRE.)
);
#2864=(
LENGTH_UNIT()
NAMED_UNIT(*)
SI_UNIT(.CENTI.,.METRE.)
);
#2865=(
NAMED_UNIT(*)
PLANE_ANGLE_UNIT()
SI_UNIT($,.RADIAN.)
);
#2866=(
NAMED_UNIT(*)
SI_UNIT($,.STERADIAN.)
SOLID_ANGLE_UNIT()
);
#2867=SHAPE_DEFINITION_REPRESENTATION(#2874,#2905);
#2868=SHAPE_DEFINITION_REPRESENTATION(#2875,#2906);
#2869=SHAPE_DEFINITION_REPRESENTATION(#2876,#2907);
#2870=SHAPE_DEFINITION_REPRESENTATION(#2878,#2908);
#2871=SHAPE_DEFINITION_REPRESENTATION(#2879,#2909);
#2872=SHAPE_DEFINITION_REPRESENTATION(#2881,#2910);
#2873=SHAPE_DEFINITION_REPRESENTATION(#2882,#2911);
#2874=PRODUCT_DEFINITION_SHAPE('',$,#2913);
#2875=PRODUCT_DEFINITION_SHAPE('',$,#2914);
#2876=PRODUCT_DEFINITION_SHAPE('',$,#2915);
#2877=PRODUCT_DEFINITION_SHAPE($,$,#96);
#2878=PRODUCT_DEFINITION_SHAPE('',$,#2916);
#2879=PRODUCT_DEFINITION_SHAPE('',$,#2917);
#2880=PRODUCT_DEFINITION_SHAPE($,$,#97);
#2881=PRODUCT_DEFINITION_SHAPE('',$,#2918);
#2882=PRODUCT_DEFINITION_SHAPE('',$,#2919);
#2883=PRODUCT_DEFINITION_SHAPE($,$,#98);
#2884=PRODUCT_DEFINITION_SHAPE($,$,#99);
#2885=PRODUCT_DEFINITION_SHAPE($,$,#100);
#2886=PRODUCT_DEFINITION_SHAPE($,$,#101);
#2887=PRODUCT_DEFINITION_SHAPE($,$,#102);
#2888=PRODUCT_DEFINITION_SHAPE($,$,#103);
#2889=PRODUCT_DEFINITION_SHAPE($,$,#104);
#2890=PRODUCT_DEFINITION_SHAPE($,$,#105);
#2891=PRODUCT_DEFINITION_SHAPE($,$,#106);
#2892=PRODUCT_DEFINITION_SHAPE($,$,#107);
#2893=PRODUCT_DEFINITION_SHAPE($,$,#108);
#2894=PRODUCT_DEFINITION_SHAPE($,$,#109);
#2895=PRODUCT_DEFINITION_SHAPE($,$,#110);
#2896=PRODUCT_DEFINITION_SHAPE($,$,#111);
#2897=PRODUCT_DEFINITION_SHAPE($,$,#112);
#2898=PRODUCT_DEFINITION_SHAPE($,$,#113);
#2899=PRODUCT_DEFINITION_SHAPE($,$,#114);
#2900=PRODUCT_DEFINITION_SHAPE($,$,#115);
#2901=PRODUCT_DEFINITION_SHAPE($,$,#116);
#2902=PRODUCT_DEFINITION_SHAPE($,$,#117);
#2903=PRODUCT_DEFINITION_SHAPE($,$,#118);
#2904=PRODUCT_DEFINITION_SHAPE($,$,#119);
#2905=SHAPE_REPRESENTATION('',(#1529,#1658,#1659,#1660,#1661,#1662,#1663,
#1664,#1665,#1666,#1667,#1668,#1669,#1670,#1671,#1672,#1673,#1674,#1675,
#1676,#1677,#1678,#1679),#2855);
#2906=SHAPE_REPRESENTATION('',(#1530,#1575),#2856);
#2907=SHAPE_REPRESENTATION('',(#1531),#2857);
#2908=SHAPE_REPRESENTATION('',(#1576,#1612),#2858);
#2909=SHAPE_REPRESENTATION('',(#1577),#2859);
#2910=SHAPE_REPRESENTATION('',(#1613),#2860);
#2911=SHAPE_REPRESENTATION('',(#1630),#2861);
#2912=PRODUCT_DEFINITION_CONTEXT('part definition',#2935,'design');
#2913=PRODUCT_DEFINITION('Assembly_XY2','Assembly_XY2',#2920,#2912);
#2914=PRODUCT_DEFINITION('Assembly_X2','Assembly_X2',#2921,#2912);
#2915=PRODUCT_DEFINITION('Part3_A_X','Part3_A_X',#2922,#2912);
#2916=PRODUCT_DEFINITION('Assembly_Y2','Assembly_Y2',#2923,#2912);
#2917=PRODUCT_DEFINITION('Part3_A_Y','Part3_A_Y',#2924,#2912);
#2918=PRODUCT_DEFINITION('Plate','Plate',#2925,#2912);
#2919=PRODUCT_DEFINITION('JIS B 1176 - M4 x 6',
'JIS B 1176 - M4 x 6 - 0.7',#2926,#2912);
#2920=PRODUCT_DEFINITION_FORMATION('',$,#2937);
#2921=PRODUCT_DEFINITION_FORMATION('',$,#2938);
#2922=PRODUCT_DEFINITION_FORMATION('',$,#2939);
#2923=PRODUCT_DEFINITION_FORMATION('',$,#2940);
#2924=PRODUCT_DEFINITION_FORMATION('',$,#2941);
#2925=PRODUCT_DEFINITION_FORMATION('',$,#2942);
#2926=PRODUCT_DEFINITION_FORMATION('',$,#2943);
#2927=PRODUCT_RELATED_PRODUCT_CATEGORY('Assembly_XY2','Assembly_XY2',(#2937));
#2928=PRODUCT_RELATED_PRODUCT_CATEGORY('Assembly_X2','Assembly_X2',(#2938));
#2929=PRODUCT_RELATED_PRODUCT_CATEGORY('Part3_A_X','Part3_A_X',(#2939));
#2930=PRODUCT_RELATED_PRODUCT_CATEGORY('Assembly_Y2','Assembly_Y2',(#2940));
#2931=PRODUCT_RELATED_PRODUCT_CATEGORY('Part3_A_Y','Part3_A_Y',(#2941));
#2932=PRODUCT_RELATED_PRODUCT_CATEGORY('Plate','Plate',(#2942));
#2933=PRODUCT_RELATED_PRODUCT_CATEGORY('JIS B 1176 - M4 x 6 - 0.7',
'JIS B 1176 - M4 x 6 - 0.7',(#2943));
#2934=APPLICATION_PROTOCOL_DEFINITION('international standard',
'automotive_design',2009,#2935);
#2935=APPLICATION_CONTEXT(
'Core Data for Automotive Mechanical Design Process');
#2936=PRODUCT_CONTEXT('part definition',#2935,'mechanical');
#2937=PRODUCT('Assembly_XY2','Assembly_XY2',$,(#2936));
#2938=PRODUCT('Assembly_X2','Assembly_X2',$,(#2936));
#2939=PRODUCT('Part3_A_X','Part3_A_X',$,(#2936));
#2940=PRODUCT('Assembly_Y2','Assembly_Y2',$,(#2936));
#2941=PRODUCT('Part3_A_Y','Part3_A_Y',$,(#2936));
#2942=PRODUCT('Plate','Plate',$,(#2936));
#2943=PRODUCT('JIS B 1176 - M4 x 6','JIS B 1176 - M4 x 6 - 0.7',
'\X2\516D89D27A744ED8304D30DC30EB30C8\X0\',(#2936));
ENDSEC;
END-ISO-10303-21;
