ISO-10303-21;
HEADER;
/* Generated by software containing ST-Developer
 * from STEP Tools, Inc. (www.steptools.com) 
 */

FILE_DESCRIPTION(
/* description */ (''),
/* implementation_level */ '2;1');

FILE_NAME(
/* name */ 
'C:\\Users\\xfa-ngygijyutsu\\Desktop\\\X2\51716709\X0\\\HONDA\\\X2\63A27D22\X0\P
art1.stp',
/* time_stamp */ '2026-01-07T09:32:45+09:00',
/* author */ ('XFA-NGYGIJYUTSU'),
/* organization */ (''),
/* preprocessor_version */ 'ST-DEVELOPER v18.1',
/* originating_system */ 'Autodesk Inventor 2022',
/* authorisation */ '');

FILE_SCHEMA (('AUTOMOTIVE_DESIGN { 1 0 10303 214 3 1 1 }'));
ENDSEC;

DATA;
#10=MECHANICAL_DESIGN_GEOMETRIC_PRESENTATION_REPRESENTATION('',(#13),#5152);
#11=SHAPE_REPRESENTATION_RELATIONSHIP('SRR','None',#5159,#12);
#12=ADVANCED_BREP_SHAPE_REPRESENTATION('',(#14),#5151);
#13=STYLED_ITEM('',(#5168),#14);
#14=MANIFOLD_SOLID_BREP('\X2\30BD30EA30C330C9\X0\2',#316);
#15=CYLINDRICAL_SURFACE('',#349,30.25);
#16=FACE_BOUND('',#55,.T.);
#17=FACE_BOUND('',#56,.T.);
#18=FACE_BOUND('',#63,.T.);
#19=FACE_BOUND('',#64,.T.);
#20=CIRCLE('',#344,30.25);
#21=CIRCLE('',#350,30.25);
#22=B_SPLINE_SURFACE_WITH_KNOTS('',3,1,((#469,#470),(#471,#472),(#473,#474),
(#475,#476),(#477,#478),(#479,#480),(#481,#482),(#483,#484),(#485,#486),
(#487,#488),(#489,#490),(#491,#492),(#493,#494),(#495,#496),(#497,#498),
(#499,#500),(#501,#502),(#503,#504),(#505,#506),(#507,#508),(#509,#510),
(#511,#512),(#513,#514),(#515,#516),(#517,#518),(#519,#520),(#521,#522),
(#523,#524),(#525,#526),(#527,#528),(#529,#530),(#531,#532),(#533,#534),
(#535,#536),(#537,#538),(#539,#540),(#541,#542),(#543,#544),(#545,#546),
(#547,#548),(#549,#550),(#551,#552),(#553,#554),(#555,#556),(#557,#558),
(#559,#560),(#561,#562),(#563,#564),(#565,#566),(#567,#568),(#569,#570),
(#571,#572),(#573,#574),(#575,#576),(#577,#578),(#579,#580),(#581,#582),
(#583,#584),(#585,#586),(#587,#588),(#589,#590),(#591,#592),(#593,#594),
(#595,#596),(#597,#598),(#599,#600),(#601,#602),(#603,#604),(#605,#606),
(#607,#608),(#609,#610),(#611,#612),(#613,#614),(#615,#616),(#617,#618),
(#619,#620),(#621,#622),(#623,#624),(#625,#626),(#627,#628),(#629,#630),
(#631,#632),(#633,#634),(#635,#636),(#637,#638),(#639,#640),(#641,#642),
(#643,#644),(#645,#646),(#647,#648),(#649,#650),(#651,#652),(#653,#654),
(#655,#656),(#657,#658),(#659,#660),(#661,#662),(#663,#664),(#665,#666),
(#667,#668),(#669,#670),(#671,#672),(#673,#674),(#675,#676),(#677,#678),
(#679,#680),(#681,#682),(#683,#684),(#685,#686),(#687,#688),(#689,#690),
(#691,#692),(#693,#694),(#695,#696),(#697,#698),(#699,#700),(#701,#702),
(#703,#704),(#705,#706),(#707,#708),(#709,#710),(#711,#712),(#713,#714),
(#715,#716),(#717,#718),(#719,#720),(#721,#722),(#723,#724),(#725,#726),
(#727,#728),(#729,#730),(#731,#732),(#733,#734),(#735,#736),(#737,#738),
(#739,#740),(#741,#742),(#743,#744),(#745,#746),(#747,#748),(#749,#750),
(#751,#752),(#753,#754),(#755,#756),(#757,#758),(#759,#760),(#761,#762),
(#763,#764),(#765,#766),(#767,#768),(#769,#770),(#771,#772),(#773,#774),
(#775,#776),(#777,#778),(#779,#780),(#781,#782),(#783,#784),(#785,#786),
(#787,#788),(#789,#790),(#791,#792),(#793,#794),(#795,#796),(#797,#798),
(#799,#800),(#801,#802),(#803,#804),(#805,#806),(#807,#808),(#809,#810),
(#811,#812),(#813,#814),(#815,#816),(#817,#818),(#819,#820),(#821,#822),
(#823,#824),(#825,#826),(#827,#828),(#829,#830),(#831,#832),(#833,#834),
(#835,#836),(#837,#838),(#839,#840),(#841,#842),(#843,#844),(#845,#846),
(#847,#848),(#849,#850),(#851,#852),(#853,#854),(#855,#856),(#857,#858),
(#859,#860),(#861,#862),(#863,#864),(#865,#866),(#867,#868),(#869,#870),
(#871,#872),(#873,#874),(#875,#876),(#877,#878),(#879,#880),(#881,#882),
(#883,#884),(#885,#886),(#887,#888),(#889,#890),(#891,#892),(#893,#894),
(#895,#896),(#897,#898),(#899,#900),(#901,#902),(#903,#904),(#905,#906),
(#907,#908),(#909,#910),(#911,#912),(#913,#914),(#915,#916),(#917,#918),
(#919,#920),(#921,#922),(#923,#924),(#925,#926),(#927,#928),(#929,#930),
(#931,#932),(#933,#934),(#935,#936),(#937,#938),(#939,#940),(#941,#942),
(#943,#944),(#945,#946),(#947,#948),(#949,#950),(#951,#952),(#953,#954),
(#955,#956),(#957,#958),(#959,#960),(#961,#962),(#963,#964),(#965,#966),
(#967,#968),(#969,#970),(#971,#972),(#973,#974),(#975,#976),(#977,#978),
(#979,#980),(#981,#982),(#983,#984),(#985,#986),(#987,#988),(#989,#990),
(#991,#992),(#993,#994),(#995,#996),(#997,#998),(#999,#1000),(#1001,#1002),
(#1003,#1004),(#1005,#1006),(#1007,#1008),(#1009,#1010),(#1011,#1012),(#1013,
#1014),(#1015,#1016),(#1017,#1018),(#1019,#1020),(#1021,#1022),(#1023,#1024),
(#1025,#1026),(#1027,#1028),(#1029,#1030),(#1031,#1032),(#1033,#1034),(#1035,
#1036),(#1037,#1038),(#1039,#1040),(#1041,#1042),(#1043,#1044),(#1045,#1046),
(#1047,#1048),(#1049,#1050),(#1051,#1052),(#1053,#1054),(#1055,#1056),(#1057,
#1058),(#1059,#1060),(#1061,#1062),(#1063,#1064),(#1065,#1066),(#1067,#1068),
(#1069,#1070),(#1071,#1072),(#1073,#1074),(#1075,#1076),(#1077,#1078),(#1079,
#1080),(#1081,#1082),(#1083,#1084),(#1085,#1086),(#1087,#1088),(#1089,#1090),
(#1091,#1092),(#1093,#1094),(#1095,#1096),(#1097,#1098),(#1099,#1100),(#1101,
#1102),(#1103,#1104),(#1105,#1106),(#1107,#1108),(#1109,#1110),(#1111,#1112),
(#1113,#1114),(#1115,#1116),(#1117,#1118),(#1119,#1120),(#1121,#1122),(#1123,
#1124),(#1125,#1126),(#1127,#1128),(#1129,#1130),(#1131,#1132),(#1133,#1134),
(#1135,#1136),(#1137,#1138),(#1139,#1140),(#1141,#1142),(#1143,#1144),(#1145,
#1146),(#1147,#1148),(#1149,#1150),(#1151,#1152),(#1153,#1154),(#1155,#1156),
(#1157,#1158),(#1159,#1160),(#1161,#1162),(#1163,#1164),(#1165,#1166),(#1167,
#1168),(#1169,#1170),(#1171,#1172),(#1173,#1174),(#1175,#1176),(#1177,#1178),
(#1179,#1180),(#1181,#1182),(#1183,#1184),(#1185,#1186),(#1187,#1188),(#1189,
#1190),(#1191,#1192),(#1193,#1194),(#1195,#1196),(#1197,#1198),(#1199,#1200),
(#1201,#1202),(#1203,#1204),(#1205,#1206),(#1207,#1208),(#1209,#1210),(#1211,
#1212),(#1213,#1214),(#1215,#1216),(#1217,#1218),(#1219,#1220),(#1221,#1222),
(#1223,#1224),(#1225,#1226),(#1227,#1228),(#1229,#1230),(#1231,#1232),(#1233,
#1234),(#1235,#1236),(#1237,#1238),(#1239,#1240),(#1241,#1242),(#1243,#1244),
(#1245,#1246),(#1247,#1248),(#1249,#1250),(#1251,#1252),(#1253,#1254),(#1255,
#1256),(#1257,#1258),(#1259,#1260),(#1261,#1262),(#1263,#1264),(#1265,#1266),
(#1267,#1268),(#1269,#1270),(#1271,#1272),(#1273,#1274),(#1275,#1276),(#1277,
#1278),(#1279,#1280),(#1281,#1282),(#1283,#1284),(#1285,#1286),(#1287,#1288),
(#1289,#1290),(#1291,#1292),(#1293,#1294),(#1295,#1296),(#1297,#1298),(#1299,
#1300),(#1301,#1302),(#1303,#1304),(#1305,#1306),(#1307,#1308),(#1309,#1310),
(#1311,#1312),(#1313,#1314),(#1315,#1316),(#1317,#1318),(#1319,#1320),(#1321,
#1322),(#1323,#1324),(#1325,#1326),(#1327,#1328),(#1329,#1330),(#1331,#1332),
(#1333,#1334),(#1335,#1336),(#1337,#1338),(#1339,#1340),(#1341,#1342),(#1343,
#1344),(#1345,#1346),(#1347,#1348),(#1349,#1350),(#1351,#1352),(#1353,#1354),
(#1355,#1356),(#1357,#1358),(#1359,#1360),(#1361,#1362),(#1363,#1364),(#1365,
#1366),(#1367,#1368),(#1369,#1370),(#1371,#1372),(#1373,#1374),(#1375,#1376),
(#1377,#1378),(#1379,#1380),(#1381,#1382),(#1383,#1384),(#1385,#1386),(#1387,
#1388),(#1389,#1390),(#1391,#1392),(#1393,#1394),(#1395,#1396),(#1397,#1398),
(#1399,#1400),(#1401,#1402),(#1403,#1404),(#1405,#1406),(#1407,#1408),(#1409,
#1410),(#1411,#1412),(#1413,#1414),(#1415,#1416),(#1417,#1418),(#1419,#1420),
(#1421,#1422),(#1423,#1424),(#1425,#1426),(#1427,#1428),(#1429,#1430),(#1431,
#1432),(#1433,#1434),(#1435,#1436),(#1437,#1438),(#1439,#1440),(#1441,#1442),
(#1443,#1444),(#1445,#1446),(#1447,#1448),(#1449,#1450),(#1451,#1452),(#1453,
#1454),(#1455,#1456),(#1457,#1458),(#1459,#1460),(#1461,#1462),(#1463,#1464),
(#1465,#1466),(#1467,#1468),(#1469,#1470),(#1471,#1472),(#1473,#1474),(#1475,
#1476),(#1477,#1478),(#1479,#1480),(#1481,#1482),(#1483,#1484),(#1485,#1486),
(#1487,#1488),(#1489,#1490),(#1491,#1492),(#1493,#1494),(#1495,#1496),(#1497,
#1498),(#1499,#1500),(#1501,#1502),(#1503,#1504),(#1505,#1506),(#1507,#1508),
(#1509,#1510),(#1511,#1512),(#1513,#1514),(#1515,#1516),(#1517,#1518),(#1519,
#1520),(#1521,#1522),(#1523,#1524),(#1525,#1526),(#1527,#1528),(#1529,#1530),
(#1531,#1532),(#1533,#1534),(#1535,#1536),(#1537,#1538),(#1539,#1540),(#1541,
#1542),(#1543,#1544),(#1545,#1546),(#1547,#1548),(#1549,#1550),(#1551,#1552),
(#1553,#1554),(#1555,#1556),(#1557,#1558),(#1559,#1560),(#1561,#1562),(#1563,
#1564),(#1565,#1566),(#1567,#1568),(#1569,#1570),(#1571,#1572),(#1573,#1574),
(#1575,#1576),(#1577,#1578),(#1579,#1580),(#1581,#1582),(#1583,#1584),(#1585,
#1586),(#1587,#1588),(#1589,#1590),(#1591,#1592),(#1593,#1594),(#1595,#1596),
(#1597,#1598),(#1599,#1600),(#1601,#1602),(#1603,#1604),(#1605,#1606),(#1607,
#1608),(#1609,#1610),(#1611,#1612),(#1613,#1614),(#1615,#1616),(#1617,#1618),
(#1619,#1620),(#1621,#1622),(#1623,#1624),(#1625,#1626),(#1627,#1628),(#1629,
#1630),(#1631,#1632),(#1633,#1634),(#1635,#1636),(#1637,#1638),(#1639,#1640),
(#1641,#1642),(#1643,#1644),(#1645,#1646),(#1647,#1648),(#1649,#1650),(#1651,
#1652),(#1653,#1654),(#1655,#1656),(#1657,#1658),(#1659,#1660),(#1661,#1662),
(#1663,#1664),(#1665,#1666),(#1667,#1668),(#1669,#1670),(#1671,#1672),(#1673,
#1674),(#1675,#1676),(#1677,#1678),(#1679,#1680),(#1681,#1682),(#1683,#1684),
(#1685,#1686),(#1687,#1688),(#1689,#1690),(#1691,#1692),(#1693,#1694),(#1695,
#1696),(#1697,#1698),(#1699,#1700),(#1701,#1702),(#1703,#1704),(#1705,#1706),
(#1707,#1708),(#1709,#1710),(#1711,#1712),(#1713,#1714),(#1715,#1716),(#1717,
#1718),(#1719,#1720),(#1721,#1722),(#1723,#1724),(#1725,#1726),(#1727,#1728),
(#1729,#1730),(#1731,#1732),(#1733,#1734),(#1735,#1736),(#1737,#1738),(#1739,
#1740),(#1741,#1742),(#1743,#1744),(#1745,#1746),(#1747,#1748),(#1749,#1750),
(#1751,#1752),(#1753,#1754),(#1755,#1756),(#1757,#1758),(#1759,#1760),(#1761,
#1762),(#1763,#1764),(#1765,#1766),(#1767,#1768),(#1769,#1770),(#1771,#1772),
(#1773,#1774),(#1775,#1776),(#1777,#1778),(#1779,#1780),(#1781,#1782),(#1783,
#1784),(#1785,#1786),(#1787,#1788),(#1789,#1790),(#1791,#1792),(#1793,#1794),
(#1795,#1796),(#1797,#1798),(#1799,#1800),(#1801,#1802),(#1803,#1804),(#1805,
#1806),(#1807,#1808),(#1809,#1810),(#1811,#1812),(#1813,#1814),(#1815,#1816),
(#1817,#1818),(#1819,#1820),(#1821,#1822),(#1823,#1824),(#1825,#1826),(#1827,
#1828),(#1829,#1830),(#1831,#1832),(#1833,#1834),(#1835,#1836),(#1837,#1838),
(#1839,#1840),(#1841,#1842),(#1843,#1844),(#1845,#1846),(#1847,#1848),(#1849,
#1850),(#1851,#1852),(#1853,#1854),(#1855,#1856),(#1857,#1858),(#1859,#1860),
(#1861,#1862),(#1863,#1864),(#1865,#1866),(#1867,#1868),(#1869,#1870),(#1871,
#1872),(#1873,#1874),(#1875,#1876),(#1877,#1878),(#1879,#1880),(#1881,#1882),
(#1883,#1884),(#1885,#1886),(#1887,#1888),(#1889,#1890),(#1891,#1892),(#1893,
#1894),(#1895,#1896),(#1897,#1898),(#1899,#1900),(#1901,#1902),(#1903,#1904),
(#1905,#1906),(#1907,#1908),(#1909,#1910),(#1911,#1912),(#1913,#1914),(#1915,
#1916),(#1917,#1918),(#1919,#1920),(#1921,#1922),(#1923,#1924),(#1925,#1926),
(#1927,#1928),(#1929,#1930),(#1931,#1932),(#1933,#1934),(#1935,#1936),(#1937,
#1938),(#1939,#1940),(#1941,#1942),(#1943,#1944),(#1945,#1946),(#1947,#1948),
(#1949,#1950),(#1951,#1952),(#1953,#1954),(#1955,#1956),(#1957,#1958),(#1959,
#1960),(#1961,#1962),(#1963,#1964),(#1965,#1966),(#1967,#1968),(#1969,#1970),
(#1971,#1972),(#1973,#1974),(#1975,#1976),(#1977,#1978),(#1979,#1980),(#1981,
#1982),(#1983,#1984),(#1985,#1986),(#1987,#1988),(#1989,#1990),(#1991,#1992),
(#1993,#1994),(#1995,#1996),(#1997,#1998),(#1999,#2000),(#2001,#2002),(#2003,
#2004),(#2005,#2006),(#2007,#2008),(#2009,#2010),(#2011,#2012),(#2013,#2014),
(#2015,#2016),(#2017,#2018),(#2019,#2020),(#2021,#2022),(#2023,#2024),(#2025,
#2026),(#2027,#2028),(#2029,#2030),(#2031,#2032),(#2033,#2034),(#2035,#2036),
(#2037,#2038),(#2039,#2040),(#2041,#2042),(#2043,#2044),(#2045,#2046),(#2047,
#2048),(#2049,#2050),(#2051,#2052),(#2053,#2054),(#2055,#2056),(#2057,#2058),
(#2059,#2060),(#2061,#2062),(#2063,#2064),(#2065,#2066),(#2067,#2068),(#2069,
#2070),(#2071,#2072),(#2073,#2074),(#2075,#2076),(#2077,#2078),(#2079,#2080),
(#2081,#2082),(#2083,#2084),(#2085,#2086),(#2087,#2088),(#2089,#2090),(#2091,
#2092),(#2093,#2094),(#2095,#2096),(#2097,#2098),(#2099,#2100),(#2101,#2102),
(#2103,#2104),(#2105,#2106),(#2107,#2108),(#2109,#2110),(#2111,#2112),(#2113,
#2114),(#2115,#2116),(#2117,#2118),(#2119,#2120),(#2121,#2122),(#2123,#2124),
(#2125,#2126),(#2127,#2128),(#2129,#2130),(#2131,#2132),(#2133,#2134),(#2135,
#2136),(#2137,#2138),(#2139,#2140),(#2141,#2142),(#2143,#2144),(#2145,#2146),
(#2147,#2148),(#2149,#2150),(#2151,#2152),(#2153,#2154),(#2155,#2156),(#2157,
#2158),(#2159,#2160),(#2161,#2162),(#2163,#2164),(#2165,#2166),(#2167,#2168),
(#2169,#2170),(#2171,#2172),(#2173,#2174),(#2175,#2176),(#2177,#2178),(#2179,
#2180),(#2181,#2182),(#2183,#2184),(#2185,#2186),(#2187,#2188),(#2189,#2190),
(#2191,#2192),(#2193,#2194),(#2195,#2196),(#2197,#2198),(#2199,#2200),(#2201,
#2202),(#2203,#2204),(#2205,#2206),(#2207,#2208),(#2209,#2210),(#2211,#2212),
(#2213,#2214),(#2215,#2216),(#2217,#2218),(#2219,#2220),(#2221,#2222),(#2223,
#2224),(#2225,#2226),(#2227,#2228),(#2229,#2230),(#2231,#2232),(#2233,#2234),
(#2235,#2236),(#2237,#2238),(#2239,#2240),(#2241,#2242),(#2243,#2244),(#2245,
#2246),(#2247,#2248),(#2249,#2250),(#2251,#2252),(#2253,#2254),(#2255,#2256),
(#2257,#2258),(#2259,#2260),(#2261,#2262),(#2263,#2264),(#2265,#2266),(#2267,
#2268),(#2269,#2270),(#2271,#2272),(#2273,#2274),(#2275,#2276),(#2277,#2278),
(#2279,#2280),(#2281,#2282),(#2283,#2284),(#2285,#2286),(#2287,#2288),(#2289,
#2290),(#2291,#2292),(#2293,#2294),(#2295,#2296),(#2297,#2298),(#2299,#2300),
(#2301,#2302),(#2303,#2304),(#2305,#2306),(#2307,#2308),(#2309,#2310),(#2311,
#2312),(#2313,#2314),(#2315,#2316),(#2317,#2318),(#2319,#2320),(#2321,#2322),
(#2323,#2324),(#2325,#2326),(#2327,#2328),(#2329,#2330),(#2331,#2332),(#2333,
#2334),(#2335,#2336),(#2337,#2338),(#2339,#2340),(#2341,#2342),(#2343,#2344),
(#2345,#2346),(#2347,#2348),(#2349,#2350),(#2351,#2352),(#2353,#2354),(#2355,
#2356),(#2357,#2358),(#2359,#2360),(#2361,#2362),(#2363,#2364),(#2365,#2366),
(#2367,#2368),(#2369,#2370),(#2371,#2372),(#2373,#2374),(#2375,#2376),(#2377,
#2378),(#2379,#2380),(#2381,#2382),(#2383,#2384),(#2385,#2386),(#2387,#2388),
(#2389,#2390),(#2391,#2392)),.UNSPECIFIED.,.F.,.F.,.F.,(4,1,1,1,1,1,1,1,
1,1,1,1,1,1,1,1,1,1,1,1,1,1,1,1,1,1,1,1,1,1,1,1,1,1,1,1,1,1,1,1,1,1,1,1,
1,1,1,1,1,1,1,1,1,1,1,1,1,1,1,1,1,1,1,1,1,1,1,1,1,1,1,1,1,1,1,1,1,1,1,1,
1,1,1,1,1,1,1,1,1,1,1,1,1,1,1,1,1,1,1,1,1,1,1,1,1,1,1,1,1,1,1,1,1,1,1,1,
1,1,1,1,1,1,1,1,1,1,1,1,1,1,1,1,1,1,1,1,1,1,1,1,1,1,1,1,1,1,1,1,1,1,1,1,
1,1,1,1,1,1,1,1,1,1,1,1,1,1,1,1,1,1,1,1,1,1,1,1,1,1,1,1,1,1,1,1,1,1,1,1,
1,1,1,1,1,1,1,1,1,1,1,1,1,1,1,1,1,1,1,1,1,1,1,1,1,1,1,1,1,1,1,1,1,1,1,1,
1,1,1,1,1,1,1,1,1,1,1,1,1,1,1,1,1,1,1,1,1,1,1,1,1,1,1,1,1,1,1,1,1,1,1,1,
1,1,1,1,1,1,1,1,1,1,1,1,1,1,1,1,1,1,1,1,1,1,1,1,1,1,1,1,1,1,1,1,1,1,1,1,
1,1,1,1,1,1,1,1,1,1,1,1,1,1,1,1,1,1,1,1,1,1,1,1,1,1,1,1,1,1,1,1,1,1,1,1,
1,1,1,1,1,1,1,1,1,1,1,1,1,1,1,1,1,1,1,1,1,1,1,1,1,1,1,1,1,1,1,1,1,1,1,1,
1,1,1,1,1,1,1,1,1,1,1,1,1,1,1,1,1,1,1,1,1,1,1,1,1,1,1,1,1,1,1,1,1,1,1,1,
1,1,1,1,1,1,1,1,1,1,1,1,1,1,1,1,1,1,1,1,1,1,1,1,1,1,1,1,1,1,1,1,1,1,1,1,
1,1,1,1,1,1,1,1,1,1,1,1,1,1,1,1,1,1,1,1,1,1,1,1,1,1,1,1,1,1,1,1,1,1,1,1,
1,1,1,1,1,1,1,1,1,1,1,1,1,1,1,1,1,1,1,1,1,1,1,1,1,1,1,1,1,1,1,1,1,1,1,1,
1,1,1,1,1,1,1,1,1,1,1,1,1,1,1,1,1,1,1,1,1,1,1,1,1,1,1,1,1,1,1,1,1,1,1,1,
1,1,1,1,1,1,1,1,1,1,1,1,1,1,1,1,1,1,1,1,1,1,1,1,1,1,1,1,1,1,1,1,1,1,1,1,
1,1,1,1,1,1,1,1,1,1,1,1,1,1,1,1,1,1,1,1,1,1,1,1,1,1,1,1,1,1,1,1,1,1,1,1,
1,1,1,1,1,1,1,1,1,1,1,1,1,1,1,1,1,1,1,1,1,1,1,1,1,1,1,1,1,1,1,1,1,1,1,1,
1,1,1,1,1,1,1,1,1,1,1,1,1,1,1,1,1,1,1,1,1,1,1,1,1,1,1,1,1,1,1,1,1,1,1,1,
1,1,1,1,1,1,1,1,1,1,1,1,1,1,1,1,1,1,1,1,1,1,1,1,1,1,1,1,1,1,1,1,1,1,1,1,
1,1,1,1,1,1,1,1,1,1,1,1,1,1,1,1,1,1,1,1,1,1,1,1,1,1,1,1,1,1,1,1,1,1,1,1,
1,1,1,1,1,1,1,1,1,1,1,1,1,1,1,1,1,1,1,1,1,1,1,1,1,1,1,1,1,1,1,1,1,1,1,1,
1,1,1,1,1,1,1,1,1,1,1,1,1,1,1,1,1,1,1,1,1,1,1,1,1,1,1,1,1,1,1,1,1,1,1,1,
1,1,1,1,1,1,1,1,1,1,1,1,1,1,1,1,1,1,1,1,1,1,1,1,1,1,1,1,1,1,1,1,1,1,1,1,
1,1,1,1,1,1,1,1,1,1,1,1,1,1,1,1,1,1,1,1,1,1,1,1,1,1,1,1,1,1,1,1,1,1,1,1,
1,1,1,1,1,1,1,1,1,1,1,1,1,1,1,1,1,1,1,1,1,1,1,1,1,1,1,1,1,1,1,1,1,1,1,1,
1,1,1,1,1,1,1,1,1,1,1,1,1,1,1,4),(2,2),(-20.,-19.8958333333333,-19.7916666666667,
-19.7395833333333,-19.6614583333333,-19.6354166666667,-19.5963541666667,
-19.5833333333333,-19.5572916666667,-19.5442708333333,-19.5182291666667,
-19.5052083333333,-19.4791666666667,-19.4661458333333,-19.4401041666667,
-19.4270833333333,-19.4010416666667,-19.3880208333333,-19.3229166666667,
-19.2708333333333,-19.1666666666667,-19.1145833333333,-19.0104166666667,
-18.9583333333333,-18.8541666666667,-18.8020833333333,-18.7239583333333,
-18.6979166666667,-18.6458333333333,-18.6197916666667,-18.5807291666667,
-18.5677083333333,-18.5416666666667,-18.5286458333333,-18.5026041666667,
-18.4895833333333,-18.4635416666667,-18.4505208333333,-18.4244791666667,
-18.4114583333333,-18.3854166666667,-18.3723958333333,-18.3333333333333,
-18.3072916666667,-18.2291666666667,-18.1770833333333,-18.0729166666667,
-18.0208333333333,-17.9166666666667,-17.8645833333333,-17.7864583333333,
-17.7604166666667,-17.7083333333333,-17.6822916666667,-17.6302083333333,
-17.6041666666667,-17.5651041666667,-17.5520833333333,-17.5260416666667,
-17.5130208333333,-17.4869791666667,-17.4739583333333,-17.4479166666667,
-17.4348958333333,-17.3958333333333,-17.3697916666667,-17.3177083333333,
-17.2916666666667,-17.2395833333333,-17.2135416666667,-17.1354166666667,
-17.0833333333333,-16.9791666666667,-16.9270833333333,-16.8229166666667,
-16.7708333333333,-16.6927083333333,-16.6666666666667,-16.6276041666667,
-16.6145833333333,-16.5885416666667,-16.5755208333333,-16.5494791666667,
-16.5364583333333,-16.5104166666667,-16.4973958333333,-16.4713541666667,
-16.4583333333333,-16.4322916666667,-16.4192708333333,-16.3802083333333,
-16.3541666666667,-16.3020833333333,-16.2760416666667,-16.1979166666667,
-16.1458333333333,-16.0416666666667,-15.9895833333333,-15.8854166666667,
-15.8333333333333,-15.7291666666667,-15.6770833333333,-15.6119791666667,
-15.5989583333333,-15.5729166666667,-15.5598958333333,-15.5338541666667,
-15.5208333333333,-15.4947916666667,-15.4817708333333,-15.4557291666667,
-15.4427083333333,-15.4166666666667,-15.4036458333333,-15.3645833333333,
-15.3385416666667,-15.2604166666667,-15.2083333333333,-15.1041666666667,
-15.0520833333333,-14.9479166666667,-14.8958333333333,-14.7916666666667,
-14.7395833333333,-14.6614583333333,-14.6354166666667,-14.5963541666667,
-14.5833333333333,-14.5572916666667,-14.5442708333333,-14.5182291666667,
-14.5052083333333,-14.4791666666667,-14.4661458333333,-14.4401041666667,
-14.4270833333333,-14.4010416666667,-14.3880208333333,-14.3229166666667,
-14.2708333333333,-14.1666666666667,-14.1145833333333,-14.0104166666667,
-13.9583333333333,-13.8541666666667,-13.8020833333333,-13.7239583333333,
-13.6979166666667,-13.6458333333333,-13.6197916666667,-13.5807291666667,
-13.5677083333333,-13.5416666666667,-13.5286458333333,-13.5026041666667,
-13.4895833333333,-13.4635416666667,-13.4505208333333,-13.4244791666667,
-13.4114583333333,-13.3854166666667,-13.3723958333333,-13.3333333333333,
-13.3072916666667,-13.2291666666667,-13.1770833333333,-13.0729166666667,
-13.0208333333333,-12.9166666666667,-12.8645833333333,-12.7864583333333,
-12.7604166666667,-12.7083333333333,-12.6822916666667,-12.6302083333333,
-12.6041666666667,-12.5651041666667,-12.5520833333333,-12.5260416666667,
-12.5130208333333,-12.4869791666667,-12.4739583333333,-12.4479166666667,
-12.4348958333333,-12.3958333333333,-12.3697916666667,-12.3177083333333,
-12.2916666666667,-12.2395833333333,-12.2135416666667,-12.1354166666667,
-12.0833333333333,-11.9791666666667,-11.9270833333333,-11.8229166666667,
-11.7708333333333,-11.6927083333333,-11.6666666666667,-11.6276041666667,
-11.6145833333333,-11.5885416666667,-11.5755208333333,-11.5494791666667,
-11.5364583333333,-11.5104166666667,-11.4973958333333,-11.4713541666667,
-11.4583333333333,-11.4322916666667,-11.4192708333333,-11.3802083333333,
-11.3541666666667,-11.3020833333333,-11.2760416666667,-11.1979166666667,
-11.1458333333333,-11.0416666666667,-10.9895833333333,-10.8854166666667,
-10.8333333333333,-10.7291666666667,-10.6770833333333,-10.6119791666667,
-10.5989583333333,-10.5729166666667,-10.5598958333333,-10.5338541666667,
-10.5208333333333,-10.4947916666667,-10.4817708333333,-10.4557291666667,
-10.4427083333333,-10.4166666666667,-10.4036458333333,-10.3645833333333,
-10.3385416666667,-10.2604166666667,-10.2083333333333,-10.1041666666667,
-10.0520833333333,-9.94791666666667,-9.89583333333333,-9.79166666666667,
-9.73958333333333,-9.66145833333333,-9.63541666666667,-9.59635416666667,
-9.58333333333333,-9.55729166666667,-9.54427083333333,-9.51822916666667,
-9.50520833333333,-9.47916666666667,-9.46614583333333,-9.44010416666667,
-9.42708333333333,-9.40104166666667,-9.38802083333333,-9.32291666666667,
-9.27083333333333,-9.16666666666667,-9.11458333333333,-9.01041666666667,
-8.95833333333333,-8.85416666666667,-8.80208333333333,-8.72395833333333,
-8.69791666666667,-8.64583333333333,-8.61979166666667,-8.58072916666667,
-8.56770833333333,-8.54166666666667,-8.52864583333333,-8.50260416666667,
-8.48958333333333,-8.46354166666667,-8.45052083333333,-8.42447916666667,
-8.41145833333333,-8.38541666666667,-8.37239583333333,-8.33333333333333,
-8.30729166666667,-8.22916666666667,-8.17708333333333,-8.07291666666667,
-8.02083333333333,-7.91666666666667,-7.86458333333333,-7.78645833333333,
-7.76041666666667,-7.70833333333333,-7.68229166666667,-7.63020833333333,
-7.60416666666667,-7.56510416666667,-7.55208333333333,-7.52604166666667,
-7.51302083333333,-7.48697916666667,-7.47395833333333,-7.44791666666667,
-7.43489583333333,-7.39583333333333,-7.36979166666667,-7.31770833333333,
-7.29166666666667,-7.23958333333333,-7.21354166666667,-7.13541666666667,
-7.08333333333333,-6.97916666666667,-6.92708333333333,-6.82291666666667,
-6.77083333333333,-6.69270833333333,-6.66666666666667,-6.62760416666667,
-6.61458333333333,-6.58854166666667,-6.57552083333333,-6.54947916666667,
-6.53645833333333,-6.51041666666667,-6.49739583333333,-6.47135416666667,
-6.45833333333333,-6.43229166666667,-6.41927083333333,-6.38020833333333,
-6.35416666666667,-6.30208333333333,-6.27604166666667,-6.19791666666667,
-6.14583333333333,-6.04166666666667,-5.98958333333333,-5.88541666666667,
-5.83333333333333,-5.72916666666667,-5.67708333333333,-5.61197916666667,
-5.59895833333333,-5.57291666666667,-5.55989583333333,-5.53385416666667,
-5.52083333333333,-5.49479166666667,-5.48177083333333,-5.45572916666667,
-5.44270833333333,-5.41666666666667,-5.40364583333333,-5.36458333333333,
-5.33854166666667,-5.26041666666667,-5.20833333333333,-5.10416666666667,
-5.05208333333333,-4.94791666666667,-4.89583333333333,-4.79166666666667,
-4.73958333333333,-4.66145833333333,-4.63541666666667,-4.59635416666667,
-4.58333333333333,-4.55729166666667,-4.54427083333333,-4.51822916666667,
-4.50520833333333,-4.47916666666667,-4.46614583333333,-4.44010416666667,
-4.42708333333333,-4.40104166666667,-4.38802083333333,-4.32291666666667,
-4.27083333333333,-4.16666666666667,-4.11458333333333,-4.01041666666667,
-3.95833333333333,-3.85416666666667,-3.80208333333333,-3.72395833333333,
-3.69791666666667,-3.64583333333333,-3.61979166666667,-3.58072916666667,
-3.56770833333333,-3.54166666666667,-3.52864583333333,-3.50260416666667,
-3.48958333333333,-3.46354166666667,-3.45052083333333,-3.42447916666667,
-3.41145833333333,-3.38541666666667,-3.37239583333333,-3.33333333333333,
-3.30729166666667,-3.22916666666667,-3.17708333333333,-3.07291666666667,
-3.02083333333333,-2.91666666666667,-2.86458333333333,-2.78645833333333,
-2.76041666666667,-2.70833333333333,-2.68229166666667,-2.63020833333333,
-2.60416666666667,-2.56510416666667,-2.55208333333333,-2.52604166666667,
-2.51302083333333,-2.48697916666667,-2.47395833333333,-2.44791666666667,
-2.43489583333333,-2.39583333333333,-2.36979166666667,-2.31770833333333,
-2.29166666666667,-2.23958333333333,-2.21354166666667,-2.13541666666667,
-2.08333333333333,-1.97916666666667,-1.92708333333333,-1.82291666666667,
-1.77083333333333,-1.69270833333333,-1.66666666666667,-1.62760416666667,
-1.61458333333333,-1.58854166666667,-1.57552083333333,-1.54947916666667,
-1.53645833333333,-1.51041666666667,-1.49739583333333,-1.47135416666667,
-1.45833333333333,-1.43229166666667,-1.41927083333333,-1.38020833333333,
-1.35416666666667,-1.30208333333333,-1.27604166666667,-1.19791666666667,
-1.14583333333333,-1.04166666666667,-0.989583333333333,-0.885416666666667,
-0.833333333333333,-0.729166666666667,-0.677083333333333,-0.611979166666667,
-0.598958333333333,-0.572916666666667,-0.559895833333333,-0.533854166666667,
-0.520833333333333,-0.494791666666667,-0.481770833333333,-0.455729166666667,
-0.442708333333333,-0.416666666666667,-0.403645833333333,-0.364583333333333,
-0.338541666666667,-0.260416666666667,-0.208333333333333,-0.104166666666667,
-0.0520833333333333,0.0520833333333333,0.104166666666667,0.208333333333333,
0.260416666666667,0.338541666666667,0.364583333333333,0.403645833333333,
0.416666666666667,0.442708333333333,0.455729166666667,0.481770833333333,
0.494791666666667,0.520833333333333,0.533854166666667,0.559895833333333,
0.572916666666667,0.598958333333333,0.611979166666667,0.677083333333333,
0.729166666666667,0.833333333333333,0.885416666666667,0.989583333333333,
1.04166666666667,1.14583333333333,1.19791666666667,1.27604166666667,1.30208333333333,
1.35416666666667,1.38020833333333,1.41927083333333,1.43229166666667,1.45833333333333,
1.47135416666667,1.49739583333333,1.51041666666667,1.53645833333333,1.54947916666667,
1.57552083333333,1.58854166666667,1.61458333333333,1.62760416666667,1.66666666666667,
1.69270833333333,1.77083333333333,1.82291666666667,1.92708333333333,1.97916666666667,
2.08333333333333,2.13541666666667,2.21354166666667,2.23958333333333,2.29166666666667,
2.31770833333333,2.36979166666667,2.39583333333333,2.43489583333333,2.44791666666667,
2.47395833333333,2.48697916666667,2.51302083333333,2.52604166666667,2.55208333333333,
2.56510416666667,2.60416666666667,2.63020833333333,2.68229166666667,2.70833333333333,
2.76041666666667,2.78645833333333,2.86458333333333,2.91666666666667,3.02083333333333,
3.07291666666667,3.17708333333333,3.22916666666667,3.30729166666667,3.33333333333333,
3.37239583333333,3.38541666666667,3.41145833333333,3.42447916666667,3.45052083333333,
3.46354166666667,3.48958333333333,3.50260416666667,3.52864583333333,3.54166666666667,
3.56770833333333,3.58072916666667,3.61979166666667,3.64583333333333,3.69791666666667,
3.72395833333333,3.80208333333333,3.85416666666667,3.95833333333333,4.01041666666667,
4.11458333333333,4.16666666666667,4.27083333333333,4.32291666666667,4.38802083333333,
4.40104166666667,4.42708333333333,4.44010416666667,4.46614583333333,4.47916666666667,
4.50520833333333,4.51822916666667,4.54427083333333,4.55729166666667,4.58333333333333,
4.59635416666667,4.63541666666667,4.66145833333333,4.73958333333333,4.79166666666667,
4.89583333333333,4.94791666666667,5.05208333333333,5.10416666666667,5.20833333333333,
5.26041666666667,5.33854166666667,5.36458333333333,5.40364583333333,5.41666666666667,
5.44270833333333,5.45572916666667,5.48177083333333,5.49479166666667,5.52083333333333,
5.53385416666667,5.55989583333333,5.57291666666667,5.59895833333333,5.61197916666667,
5.67708333333333,5.72916666666667,5.83333333333333,5.88541666666667,5.98958333333333,
6.04166666666667,6.14583333333333,6.19791666666667,6.27604166666667,6.30208333333333,
6.35416666666667,6.38020833333333,6.41927083333333,6.43229166666667,6.45833333333333,
6.47135416666667,6.49739583333333,6.51041666666667,6.53645833333333,6.54947916666667,
6.57552083333333,6.58854166666667,6.61458333333333,6.62760416666667,6.66666666666667,
6.69270833333333,6.77083333333333,6.82291666666667,6.92708333333333,6.97916666666667,
7.08333333333333,7.13541666666667,7.21354166666667,7.23958333333333,7.29166666666667,
7.31770833333333,7.36979166666667,7.39583333333333,7.43489583333333,7.44791666666667,
7.47395833333333,7.48697916666667,7.51302083333333,7.52604166666667,7.55208333333333,
7.56510416666667,7.60416666666667,7.63020833333333,7.68229166666667,7.70833333333333,
7.76041666666667,7.78645833333333,7.86458333333333,7.91666666666667,8.02083333333333,
8.07291666666667,8.17708333333333,8.22916666666667,8.30729166666667,8.33333333333333,
8.37239583333333,8.38541666666667,8.41145833333333,8.42447916666667,8.45052083333333,
8.46354166666667,8.48958333333333,8.50260416666667,8.52864583333333,8.54166666666667,
8.56770833333333,8.58072916666667,8.61979166666667,8.64583333333333,8.69791666666667,
8.72395833333333,8.80208333333333,8.85416666666667,8.95833333333333,9.01041666666667,
9.11458333333333,9.16666666666667,9.27083333333333,9.32291666666667,9.38802083333333,
9.40104166666667,9.42708333333333,9.44010416666667,9.46614583333333,9.47916666666667,
9.50520833333333,9.51822916666667,9.54427083333333,9.55729166666667,9.58333333333333,
9.59635416666667,9.63541666666667,9.66145833333333,9.73958333333333,9.79166666666667,
9.89583333333333,9.94791666666667,10.0520833333333,10.1041666666667,10.2083333333333,
10.2604166666667,10.3385416666667,10.3645833333333,10.4036458333333,10.4166666666667,
10.4427083333333,10.4557291666667,10.4817708333333,10.4947916666667,10.5208333333333,
10.5338541666667,10.5598958333333,10.5729166666667,10.5989583333333,10.6119791666667,
10.6770833333333,10.7291666666667,10.8333333333333,10.8854166666667,10.9895833333333,
11.0416666666667,11.1458333333333,11.1979166666667,11.2760416666667,11.3020833333333,
11.3541666666667,11.3802083333333,11.4192708333333,11.4322916666667,11.4583333333333,
11.4713541666667,11.4973958333333,11.5104166666667,11.5364583333333,11.5494791666667,
11.5755208333333,11.5885416666667,11.6145833333333,11.6276041666667,11.6666666666667,
11.6927083333333,11.7708333333333,11.8229166666667,11.9270833333333,11.9791666666667,
12.0833333333333,12.1354166666667,12.2135416666667,12.2395833333333,12.2916666666667,
12.3177083333333,12.3697916666667,12.3958333333333,12.4348958333333,12.4479166666667,
12.4739583333333,12.4869791666667,12.5130208333333,12.5260416666667,12.5520833333333,
12.5651041666667,12.6041666666667,12.6302083333333,12.6822916666667,12.7083333333333,
12.7604166666667,12.7864583333333,12.8645833333333,12.9166666666667,13.0208333333333,
13.0729166666667,13.1770833333333,13.2291666666667,13.3072916666667,13.3333333333333,
13.3723958333333,13.3854166666667,13.4114583333333,13.4244791666667,13.4505208333333,
13.4635416666667,13.4895833333333,13.5026041666667,13.5286458333333,13.5416666666667,
13.5677083333333,13.5807291666667,13.6197916666667,13.6458333333333,13.6979166666667,
13.7239583333333,13.8020833333333,13.8541666666667,13.9583333333333,14.0104166666667,
14.1145833333333,14.1666666666667,14.2708333333333,14.3229166666667,14.3880208333333,
14.4010416666667,14.4270833333333,14.4401041666667,14.4661458333333,14.4791666666667,
14.5052083333333,14.5182291666667,14.5442708333333,14.5572916666667,14.5833333333333,
14.5963541666667,14.6354166666667,14.6614583333333,14.7395833333333,14.7916666666667,
14.8958333333333,14.9479166666667,15.0520833333333,15.1041666666667,15.2083333333333,
15.2604166666667,15.3385416666667,15.3645833333333,15.4036458333333,15.4166666666667,
15.4427083333333,15.4557291666667,15.4817708333333,15.4947916666667,15.5208333333333,
15.5338541666667,15.5598958333333,15.5729166666667,15.5989583333333,15.6119791666667,
15.6770833333333,15.7291666666667,15.8333333333333,15.8854166666667,15.9895833333333,
16.0416666666667,16.1458333333333,16.1979166666667,16.2760416666667,16.3020833333333,
16.3541666666667,16.3802083333333,16.4192708333333,16.4322916666667,16.4583333333333,
16.4713541666667,16.4973958333333,16.5104166666667,16.5364583333333,16.5494791666667,
16.5755208333333,16.5885416666667,16.6145833333333,16.6276041666667,16.6666666666667,
16.6927083333333,16.7708333333333,16.8229166666667,16.9270833333333,16.9791666666667,
17.0833333333333,17.1354166666667,17.2135416666667,17.2395833333333,17.2916666666667,
17.3177083333333,17.3697916666667,17.3958333333333,17.4348958333333,17.4479166666667,
17.4739583333333,17.4869791666667,17.5130208333333,17.5260416666667,17.5520833333333,
17.5651041666667,17.6041666666667,17.6302083333333,17.6822916666667,17.7083333333333,
17.7604166666667,17.7864583333333,17.8645833333333,17.9166666666667,18.0208333333333,
18.0729166666667,18.1770833333333,18.2291666666667,18.3072916666667,18.3333333333333,
18.3723958333333,18.3854166666667,18.4114583333333,18.4244791666667,18.4505208333333,
18.4635416666667,18.4895833333333,18.5026041666667,18.5286458333333,18.5416666666667,
18.5677083333333,18.5807291666667,18.6197916666667,18.6458333333333,18.6979166666667,
18.7239583333333,18.8020833333333,18.8541666666667,18.9583333333333,19.0104166666667,
19.1145833333333,19.1666666666667,19.2708333333333,19.3229166666667,19.3880208333333,
19.4010416666667,19.4270833333333,19.4401041666667,19.4661458333333,19.4791666666667,
19.5052083333333,19.5182291666667,19.5442708333333,19.5572916666667,19.5833333333333,
19.5963541666667,19.6354166666667,19.6614583333333,19.7395833333333,19.7916666666667,
19.8958333333333,20.),(0.,8.),.UNSPECIFIED.);
#23=B_SPLINE_SURFACE_WITH_KNOTS('',3,1,((#4320,#4321),(#4322,#4323),(#4324,
#4325),(#4326,#4327),(#4328,#4329),(#4330,#4331),(#4332,#4333),(#4334,#4335),
(#4336,#4337),(#4338,#4339),(#4340,#4341),(#4342,#4343),(#4344,#4345),(#4346,
#4347),(#4348,#4349),(#4350,#4351),(#4352,#4353),(#4354,#4355),(#4356,#4357),
(#4358,#4359),(#4360,#4361),(#4362,#4363),(#4364,#4365),(#4366,#4367),(#4368,
#4369),(#4370,#4371),(#4372,#4373),(#4374,#4375),(#4376,#4377),(#4378,#4379),
(#4380,#4381),(#4382,#4383),(#4384,#4385),(#4386,#4387),(#4388,#4389),(#4390,
#4391),(#4392,#4393),(#4394,#4395),(#4396,#4397),(#4398,#4399),(#4400,#4401),
(#4402,#4403),(#4404,#4405),(#4406,#4407),(#4408,#4409),(#4410,#4411),(#4412,
#4413),(#4414,#4415),(#4416,#4417),(#4418,#4419),(#4420,#4421),(#4422,#4423),
(#4424,#4425),(#4426,#4427),(#4428,#4429),(#4430,#4431),(#4432,#4433),(#4434,
#4435),(#4436,#4437),(#4438,#4439),(#4440,#4441),(#4442,#4443),(#4444,#4445),
(#4446,#4447),(#4448,#4449),(#4450,#4451),(#4452,#4453),(#4454,#4455),(#4456,
#4457),(#4458,#4459),(#4460,#4461),(#4462,#4463),(#4464,#4465),(#4466,#4467),
(#4468,#4469),(#4470,#4471),(#4472,#4473),(#4474,#4475),(#4476,#4477),(#4478,
#4479),(#4480,#4481),(#4482,#4483),(#4484,#4485),(#4486,#4487),(#4488,#4489),
(#4490,#4491),(#4492,#4493),(#4494,#4495),(#4496,#4497),(#4498,#4499),(#4500,
#4501),(#4502,#4503),(#4504,#4505),(#4506,#4507),(#4508,#4509),(#4510,#4511),
(#4512,#4513),(#4514,#4515),(#4516,#4517),(#4518,#4519),(#4520,#4521),(#4522,
#4523),(#4524,#4525),(#4526,#4527),(#4528,#4529),(#4530,#4531),(#4532,#4533),
(#4534,#4535),(#4536,#4537),(#4538,#4539),(#4540,#4541),(#4542,#4543),(#4544,
#4545),(#4546,#4547),(#4548,#4549),(#4550,#4551),(#4552,#4553),(#4554,#4555),
(#4556,#4557),(#4558,#4559),(#4560,#4561),(#4562,#4563),(#4564,#4565),(#4566,
#4567),(#4568,#4569),(#4570,#4571),(#4572,#4573),(#4574,#4575),(#4576,#4577),
(#4578,#4579),(#4580,#4581),(#4582,#4583),(#4584,#4585),(#4586,#4587),(#4588,
#4589),(#4590,#4591),(#4592,#4593),(#4594,#4595),(#4596,#4597),(#4598,#4599),
(#4600,#4601),(#4602,#4603),(#4604,#4605),(#4606,#4607),(#4608,#4609),(#4610,
#4611),(#4612,#4613),(#4614,#4615),(#4616,#4617),(#4618,#4619),(#4620,#4621),
(#4622,#4623),(#4624,#4625),(#4626,#4627),(#4628,#4629),(#4630,#4631),(#4632,
#4633),(#4634,#4635),(#4636,#4637),(#4638,#4639),(#4640,#4641),(#4642,#4643),
(#4644,#4645),(#4646,#4647),(#4648,#4649),(#4650,#4651),(#4652,#4653),(#4654,
#4655),(#4656,#4657),(#4658,#4659),(#4660,#4661),(#4662,#4663),(#4664,#4665),
(#4666,#4667),(#4668,#4669),(#4670,#4671),(#4672,#4673),(#4674,#4675),(#4676,
#4677),(#4678,#4679),(#4680,#4681),(#4682,#4683),(#4684,#4685),(#4686,#4687),
(#4688,#4689),(#4690,#4691),(#4692,#4693),(#4694,#4695),(#4696,#4697),(#4698,
#4699),(#4700,#4701),(#4702,#4703),(#4704,#4705),(#4706,#4707),(#4708,#4709),
(#4710,#4711),(#4712,#4713),(#4714,#4715),(#4716,#4717)),.UNSPECIFIED.,
 .F.,.F.,.F.,(4,3,3,3,3,3,3,3,3,3,3,3,3,3,3,3,3,3,3,3,3,3,3,3,3,3,3,3,3,
3,3,3,3,3,3,3,3,3,3,3,3,3,3,3,3,3,3,3,3,3,3,3,3,3,3,3,3,3,3,3,3,3,3,3,3,
3,4),(2,2),(-20.,-19.7335748646555,-19.1887505549395,-18.5301177478895,
-17.9833284023266,-17.4076647705811,-16.5435530274414,-15.9853072651978,
-15.4126514171417,-14.5635462253316,-14.0053094008192,-13.426964534678,
-12.85380975054,-12.3137465062993,-11.6828192220747,-11.1528263047518,-10.5025349029396,
-9.86937056313553,-9.32726064686496,-8.59991760402226,-8.06181980339977,
-7.46847186776254,-6.63303665894671,-6.09727462564704,-5.50516168099584,
-4.95447595559149,-4.39993536349682,-3.82790835999768,-3.28942056481115,
-2.58254865433359,-2.01727733228066,-1.42994554254146,-0.764060034465946,
-0.240411457670257,0.396994624340379,0.935832554387582,1.50927479287746,
2.08548866844986,2.64381059866549,3.44656561084027,3.99095861773159,4.55895525406484,
5.35117961709919,5.8940287340483,6.49110273919263,7.04162717302565,7.60528083856908,
8.3532759712863,8.89945277139779,9.51548244105959,10.467594777868,11.0234230804587,
11.5863820640694,12.1543273558871,12.695426748657,13.381666474018,13.9177365794637,
14.5223471125423,15.1340986824584,15.6666552125132,16.287785916529,16.8171667761267,
17.4829461363421,18.0779135353316,18.6385999397105,19.4453725502532,20.),
(0.,8.),.UNSPECIFIED.);
#24=B_SPLINE_CURVE_WITH_KNOTS('',3,(#462,#463,#464,#465,#466,#467),
 .UNSPECIFIED.,.F.,.F.,(4,2,4),(0.,4.,8.),.UNSPECIFIED.);
#25=B_SPLINE_CURVE_WITH_KNOTS('',3,(#2394,#2395,#2396,#2397,#2398,#2399,
#2400,#2401,#2402,#2403,#2404,#2405,#2406,#2407,#2408,#2409,#2410,#2411,
#2412,#2413,#2414,#2415,#2416,#2417,#2418,#2419,#2420,#2421,#2422,#2423,
#2424,#2425,#2426,#2427,#2428,#2429,#2430,#2431,#2432,#2433,#2434,#2435,
#2436,#2437,#2438,#2439,#2440,#2441,#2442,#2443,#2444,#2445,#2446,#2447,
#2448,#2449,#2450,#2451,#2452,#2453,#2454,#2455,#2456,#2457,#2458,#2459,
#2460,#2461,#2462,#2463,#2464,#2465,#2466,#2467,#2468,#2469,#2470,#2471,
#2472,#2473,#2474,#2475,#2476,#2477,#2478,#2479,#2480,#2481,#2482,#2483,
#2484,#2485,#2486,#2487,#2488,#2489,#2490,#2491,#2492,#2493,#2494,#2495,
#2496,#2497,#2498,#2499,#2500,#2501,#2502,#2503,#2504,#2505,#2506,#2507,
#2508,#2509,#2510,#2511,#2512,#2513,#2514,#2515,#2516,#2517,#2518,#2519,
#2520,#2521,#2522,#2523,#2524,#2525,#2526,#2527,#2528,#2529,#2530,#2531,
#2532,#2533,#2534,#2535,#2536,#2537,#2538,#2539,#2540,#2541,#2542,#2543,
#2544,#2545,#2546,#2547,#2548,#2549,#2550,#2551,#2552,#2553,#2554,#2555,
#2556,#2557,#2558,#2559,#2560,#2561,#2562,#2563,#2564,#2565,#2566,#2567,
#2568,#2569,#2570,#2571,#2572,#2573,#2574,#2575,#2576,#2577,#2578,#2579,
#2580,#2581,#2582,#2583,#2584,#2585,#2586,#2587,#2588,#2589,#2590,#2591,
#2592,#2593,#2594,#2595,#2596,#2597,#2598,#2599,#2600,#2601,#2602,#2603,
#2604,#2605,#2606,#2607,#2608,#2609,#2610,#2611,#2612,#2613,#2614,#2615,
#2616,#2617,#2618,#2619,#2620,#2621,#2622,#2623,#2624,#2625,#2626,#2627,
#2628,#2629,#2630,#2631,#2632,#2633,#2634,#2635,#2636,#2637,#2638,#2639,
#2640,#2641,#2642,#2643,#2644,#2645,#2646,#2647,#2648,#2649,#2650,#2651,
#2652,#2653,#2654,#2655,#2656,#2657,#2658,#2659,#2660,#2661,#2662,#2663,
#2664,#2665,#2666,#2667,#2668,#2669,#2670,#2671,#2672,#2673,#2674,#2675,
#2676,#2677,#2678,#2679,#2680,#2681,#2682,#2683,#2684,#2685,#2686,#2687,
#2688,#2689,#2690,#2691,#2692,#2693,#2694,#2695,#2696,#2697,#2698,#2699,
#2700,#2701,#2702,#2703,#2704,#2705,#2706,#2707,#2708,#2709,#2710,#2711,
#2712,#2713,#2714,#2715,#2716,#2717,#2718,#2719,#2720,#2721,#2722,#2723,
#2724,#2725,#2726,#2727,#2728,#2729,#2730,#2731,#2732,#2733,#2734,#2735,
#2736,#2737,#2738,#2739,#2740,#2741,#2742,#2743,#2744,#2745,#2746,#2747,
#2748,#2749,#2750,#2751,#2752,#2753,#2754,#2755,#2756,#2757,#2758,#2759,
#2760,#2761,#2762,#2763,#2764,#2765,#2766,#2767,#2768,#2769,#2770,#2771,
#2772,#2773,#2774,#2775,#2776,#2777,#2778,#2779,#2780,#2781,#2782,#2783,
#2784,#2785,#2786,#2787,#2788,#2789,#2790,#2791,#2792,#2793,#2794,#2795,
#2796,#2797,#2798,#2799,#2800,#2801,#2802,#2803,#2804,#2805,#2806,#2807,
#2808,#2809,#2810,#2811,#2812,#2813,#2814,#2815,#2816,#2817,#2818,#2819,
#2820,#2821,#2822,#2823,#2824,#2825,#2826,#2827,#2828,#2829,#2830,#2831,
#2832,#2833,#2834,#2835,#2836,#2837,#2838,#2839,#2840,#2841,#2842,#2843,
#2844,#2845,#2846,#2847,#2848,#2849,#2850,#2851,#2852,#2853,#2854,#2855,
#2856,#2857,#2858,#2859,#2860,#2861,#2862,#2863,#2864,#2865,#2866,#2867,
#2868,#2869,#2870,#2871,#2872,#2873,#2874,#2875,#2876,#2877,#2878,#2879,
#2880,#2881,#2882,#2883,#2884,#2885,#2886,#2887,#2888,#2889,#2890,#2891,
#2892,#2893,#2894,#2895,#2896,#2897,#2898,#2899,#2900,#2901,#2902,#2903,
#2904,#2905,#2906,#2907,#2908,#2909,#2910,#2911,#2912,#2913,#2914,#2915,
#2916,#2917,#2918,#2919,#2920,#2921,#2922,#2923,#2924,#2925,#2926,#2927,
#2928,#2929,#2930,#2931,#2932,#2933,#2934,#2935,#2936,#2937,#2938,#2939,
#2940,#2941,#2942,#2943,#2944,#2945,#2946,#2947,#2948,#2949,#2950,#2951,
#2952,#2953,#2954,#2955,#2956,#2957,#2958,#2959,#2960,#2961,#2962,#2963,
#2964,#2965,#2966,#2967,#2968,#2969,#2970,#2971,#2972,#2973,#2974,#2975,
#2976,#2977,#2978,#2979,#2980,#2981,#2982,#2983,#2984,#2985,#2986,#2987,
#2988,#2989,#2990,#2991,#2992,#2993,#2994,#2995,#2996,#2997,#2998,#2999,
#3000,#3001,#3002,#3003,#3004,#3005,#3006,#3007,#3008,#3009,#3010,#3011,
#3012,#3013,#3014,#3015,#3016,#3017,#3018,#3019,#3020,#3021,#3022,#3023,
#3024,#3025,#3026,#3027,#3028,#3029,#3030,#3031,#3032,#3033,#3034,#3035,
#3036,#3037,#3038,#3039,#3040,#3041,#3042,#3043,#3044,#3045,#3046,#3047,
#3048,#3049,#3050,#3051,#3052,#3053,#3054,#3055,#3056,#3057,#3058,#3059,
#3060,#3061,#3062,#3063,#3064,#3065,#3066,#3067,#3068,#3069,#3070,#3071,
#3072,#3073,#3074,#3075,#3076,#3077,#3078,#3079,#3080,#3081,#3082,#3083,
#3084,#3085,#3086,#3087,#3088,#3089,#3090,#3091,#3092,#3093,#3094,#3095,
#3096,#3097,#3098,#3099,#3100,#3101,#3102,#3103,#3104,#3105,#3106,#3107,
#3108,#3109,#3110,#3111,#3112,#3113,#3114,#3115,#3116,#3117,#3118,#3119,
#3120,#3121,#3122,#3123,#3124,#3125,#3126,#3127,#3128,#3129,#3130,#3131,
#3132,#3133,#3134,#3135,#3136,#3137,#3138,#3139,#3140,#3141,#3142,#3143,
#3144,#3145,#3146,#3147,#3148,#3149,#3150,#3151,#3152,#3153,#3154,#3155,
#3156,#3157,#3158,#3159,#3160,#3161,#3162,#3163,#3164,#3165,#3166,#3167,
#3168,#3169,#3170,#3171,#3172,#3173,#3174,#3175,#3176,#3177,#3178,#3179,
#3180,#3181,#3182,#3183,#3184,#3185,#3186,#3187,#3188,#3189,#3190,#3191,
#3192,#3193,#3194,#3195,#3196,#3197,#3198,#3199,#3200,#3201,#3202,#3203,
#3204,#3205,#3206,#3207,#3208,#3209,#3210,#3211,#3212,#3213,#3214,#3215,
#3216,#3217,#3218,#3219,#3220,#3221,#3222,#3223,#3224,#3225,#3226,#3227,
#3228,#3229,#3230,#3231,#3232,#3233,#3234,#3235,#3236,#3237,#3238,#3239,
#3240,#3241,#3242,#3243,#3244,#3245,#3246,#3247,#3248,#3249,#3250,#3251,
#3252,#3253,#3254,#3255,#3256,#3257,#3258,#3259,#3260,#3261,#3262,#3263,
#3264,#3265,#3266,#3267,#3268,#3269,#3270,#3271,#3272,#3273,#3274,#3275,
#3276,#3277,#3278,#3279,#3280,#3281,#3282,#3283,#3284,#3285,#3286,#3287,
#3288,#3289,#3290,#3291,#3292,#3293,#3294,#3295,#3296,#3297,#3298,#3299,
#3300,#3301,#3302,#3303,#3304,#3305,#3306,#3307,#3308,#3309,#3310,#3311,
#3312,#3313,#3314,#3315,#3316,#3317,#3318,#3319,#3320,#3321,#3322,#3323,
#3324,#3325,#3326,#3327,#3328,#3329,#3330,#3331,#3332,#3333,#3334,#3335,
#3336,#3337,#3338,#3339,#3340,#3341,#3342,#3343,#3344,#3345,#3346,#3347,
#3348,#3349,#3350,#3351,#3352,#3353,#3354,#3355),.UNSPECIFIED.,.F.,.F.,
(4,1,1,1,1,1,1,1,1,1,1,1,1,1,1,1,1,1,1,1,1,1,1,1,1,1,1,1,1,1,1,1,1,1,1,
1,1,1,1,1,1,1,1,1,1,1,1,1,1,1,1,1,1,1,1,1,1,1,1,1,1,1,1,1,1,1,1,1,1,1,1,
1,1,1,1,1,1,1,1,1,1,1,1,1,1,1,1,1,1,1,1,1,1,1,1,1,1,1,1,1,1,1,1,1,1,1,1,
1,1,1,1,1,1,1,1,1,1,1,1,1,1,1,1,1,1,1,1,1,1,1,1,1,1,1,1,1,1,1,1,1,1,1,1,
1,1,1,1,1,1,1,1,1,1,1,1,1,1,1,1,1,1,1,1,1,1,1,1,1,1,1,1,1,1,1,1,1,1,1,1,
1,1,1,1,1,1,1,1,1,1,1,1,1,1,1,1,1,1,1,1,1,1,1,1,1,1,1,1,1,1,1,1,1,1,1,1,
1,1,1,1,1,1,1,1,1,1,1,1,1,1,1,1,1,1,1,1,1,1,1,1,1,1,1,1,1,1,1,1,1,1,1,1,
1,1,1,1,1,1,1,1,1,1,1,1,1,1,1,1,1,1,1,1,1,1,1,1,1,1,1,1,1,1,1,1,1,1,1,1,
1,1,1,1,1,1,1,1,1,1,1,1,1,1,1,1,1,1,1,1,1,1,1,1,1,1,1,1,1,1,1,1,1,1,1,1,
1,1,1,1,1,1,1,1,1,1,1,1,1,1,1,1,1,1,1,1,1,1,1,1,1,1,1,1,1,1,1,1,1,1,1,1,
1,1,1,1,1,1,1,1,1,1,1,1,1,1,1,1,1,1,1,1,1,1,1,1,1,1,1,1,1,1,1,1,1,1,1,1,
1,1,1,1,1,1,1,1,1,1,1,1,1,1,1,1,1,1,1,1,1,1,1,1,1,1,1,1,1,1,1,1,1,1,1,1,
1,1,1,1,1,1,1,1,1,1,1,1,1,1,1,1,1,1,1,1,1,1,1,1,1,1,1,1,1,1,1,1,1,1,1,1,
1,1,1,1,1,1,1,1,1,1,1,1,1,1,1,1,1,1,1,1,1,1,1,1,1,1,1,1,1,1,1,1,1,1,1,1,
1,1,1,1,1,1,1,1,1,1,1,1,1,1,1,1,1,1,1,1,1,1,1,1,1,1,1,1,1,1,1,1,1,1,1,1,
1,1,1,1,1,1,1,1,1,1,1,1,1,1,1,1,1,1,1,1,1,1,1,1,1,1,1,1,1,1,1,1,1,1,1,1,
1,1,1,1,1,1,1,1,1,1,1,1,1,1,1,1,1,1,1,1,1,1,1,1,1,1,1,1,1,1,1,1,1,1,1,1,
1,1,1,1,1,1,1,1,1,1,1,1,1,1,1,1,1,1,1,1,1,1,1,1,1,1,1,1,1,1,1,1,1,1,1,1,
1,1,1,1,1,1,1,1,1,1,1,1,1,1,1,1,1,1,1,1,1,1,1,1,1,1,1,1,1,1,1,1,1,1,1,1,
1,1,1,1,1,1,1,1,1,1,1,1,1,1,1,1,1,1,1,1,1,1,1,1,1,1,1,1,1,1,1,1,1,1,1,1,
1,1,1,1,1,1,1,1,1,1,1,1,1,1,1,1,1,1,1,1,1,1,1,1,1,1,1,1,1,1,1,1,1,1,1,1,
1,1,1,1,1,1,1,1,1,1,1,1,1,1,1,1,1,1,1,1,1,1,1,1,1,1,1,1,1,1,1,1,1,1,1,1,
1,1,1,1,1,1,1,1,1,1,1,1,1,1,1,1,1,1,1,1,1,1,1,1,1,1,1,1,1,1,1,1,1,1,1,1,
1,1,1,1,1,1,1,1,1,1,1,1,1,1,1,1,1,1,1,1,1,1,1,1,1,1,1,1,1,1,1,1,1,1,1,1,
1,1,1,1,1,1,1,1,1,1,1,1,1,1,1,1,1,1,1,1,1,1,1,1,1,1,1,1,1,1,1,1,1,1,1,1,
1,1,1,1,1,1,1,1,1,1,1,1,1,1,1,1,1,1,1,1,1,1,1,1,1,1,1,1,1,1,1,1,1,1,1,1,
1,1,1,1,1,1,1,1,1,1,1,1,1,1,1,1,1,1,1,1,1,1,1,1,4),(-20.,-19.8958333333333,
-19.7916666666667,-19.7395833333333,-19.6614583333333,-19.6354166666667,
-19.5963541666667,-19.5833333333333,-19.5572916666667,-19.5442708333333,
-19.5182291666667,-19.5052083333333,-19.4791666666667,-19.4661458333333,
-19.4401041666667,-19.4270833333333,-19.4010416666667,-19.3880208333333,
-19.3229166666667,-19.2708333333333,-19.1666666666667,-19.1145833333333,
-19.0104166666667,-18.9583333333333,-18.8541666666667,-18.8020833333333,
-18.7239583333333,-18.6979166666667,-18.6458333333333,-18.6197916666667,
-18.5807291666667,-18.5677083333333,-18.5416666666667,-18.5286458333333,
-18.5026041666667,-18.4895833333333,-18.4635416666667,-18.4505208333333,
-18.4244791666667,-18.4114583333333,-18.3854166666667,-18.3723958333333,
-18.3333333333333,-18.3072916666667,-18.2291666666667,-18.1770833333333,
-18.0729166666667,-18.0208333333333,-17.9166666666667,-17.8645833333333,
-17.7864583333333,-17.7604166666667,-17.7083333333333,-17.6822916666667,
-17.6302083333333,-17.6041666666667,-17.5651041666667,-17.5520833333333,
-17.5260416666667,-17.5130208333333,-17.4869791666667,-17.4739583333333,
-17.4479166666667,-17.4348958333333,-17.3958333333333,-17.3697916666667,
-17.3177083333333,-17.2916666666667,-17.2395833333333,-17.2135416666667,
-17.1354166666667,-17.0833333333333,-16.9791666666667,-16.9270833333333,
-16.8229166666667,-16.7708333333333,-16.6927083333333,-16.6666666666667,
-16.6276041666667,-16.6145833333333,-16.5885416666667,-16.5755208333333,
-16.5494791666667,-16.5364583333333,-16.5104166666667,-16.4973958333333,
-16.4713541666667,-16.4583333333333,-16.4322916666667,-16.4192708333333,
-16.3802083333333,-16.3541666666667,-16.3020833333333,-16.2760416666667,
-16.1979166666667,-16.1458333333333,-16.0416666666667,-15.9895833333333,
-15.8854166666667,-15.8333333333333,-15.7291666666667,-15.6770833333333,
-15.6119791666667,-15.5989583333333,-15.5729166666667,-15.5598958333333,
-15.5338541666667,-15.5208333333333,-15.4947916666667,-15.4817708333333,
-15.4557291666667,-15.4427083333333,-15.4166666666667,-15.4036458333333,
-15.3645833333333,-15.3385416666667,-15.2604166666667,-15.2083333333333,
-15.1041666666667,-15.0520833333333,-14.9479166666667,-14.8958333333333,
-14.7916666666667,-14.7395833333333,-14.6614583333333,-14.6354166666667,
-14.5963541666667,-14.5833333333333,-14.5572916666667,-14.5442708333333,
-14.5182291666667,-14.5052083333333,-14.4791666666667,-14.4661458333333,
-14.4401041666667,-14.4270833333333,-14.4010416666667,-14.3880208333333,
-14.3229166666667,-14.2708333333333,-14.1666666666667,-14.1145833333333,
-14.0104166666667,-13.9583333333333,-13.8541666666667,-13.8020833333333,
-13.7239583333333,-13.6979166666667,-13.6458333333333,-13.6197916666667,
-13.5807291666667,-13.5677083333333,-13.5416666666667,-13.5286458333333,
-13.5026041666667,-13.4895833333333,-13.4635416666667,-13.4505208333333,
-13.4244791666667,-13.4114583333333,-13.3854166666667,-13.3723958333333,
-13.3333333333333,-13.3072916666667,-13.2291666666667,-13.1770833333333,
-13.0729166666667,-13.0208333333333,-12.9166666666667,-12.8645833333333,
-12.7864583333333,-12.7604166666667,-12.7083333333333,-12.6822916666667,
-12.6302083333333,-12.6041666666667,-12.5651041666667,-12.5520833333333,
-12.5260416666667,-12.5130208333333,-12.4869791666667,-12.4739583333333,
-12.4479166666667,-12.4348958333333,-12.3958333333333,-12.3697916666667,
-12.3177083333333,-12.2916666666667,-12.2395833333333,-12.2135416666667,
-12.1354166666667,-12.0833333333333,-11.9791666666667,-11.9270833333333,
-11.8229166666667,-11.7708333333333,-11.6927083333333,-11.6666666666667,
-11.6276041666667,-11.6145833333333,-11.5885416666667,-11.5755208333333,
-11.5494791666667,-11.5364583333333,-11.5104166666667,-11.4973958333333,
-11.4713541666667,-11.4583333333333,-11.4322916666667,-11.4192708333333,
-11.3802083333333,-11.3541666666667,-11.3020833333333,-11.2760416666667,
-11.1979166666667,-11.1458333333333,-11.0416666666667,-10.9895833333333,
-10.8854166666667,-10.8333333333333,-10.7291666666667,-10.6770833333333,
-10.6119791666667,-10.5989583333333,-10.5729166666667,-10.5598958333333,
-10.5338541666667,-10.5208333333333,-10.4947916666667,-10.4817708333333,
-10.4557291666667,-10.4427083333333,-10.4166666666667,-10.4036458333333,
-10.3645833333333,-10.3385416666667,-10.2604166666667,-10.2083333333333,
-10.1041666666667,-10.0520833333333,-9.94791666666667,-9.89583333333333,
-9.79166666666667,-9.73958333333333,-9.66145833333333,-9.63541666666667,
-9.59635416666667,-9.58333333333333,-9.55729166666667,-9.54427083333333,
-9.51822916666667,-9.50520833333333,-9.47916666666667,-9.46614583333333,
-9.44010416666667,-9.42708333333333,-9.40104166666667,-9.38802083333333,
-9.32291666666667,-9.27083333333333,-9.16666666666667,-9.11458333333333,
-9.01041666666667,-8.95833333333333,-8.85416666666667,-8.80208333333333,
-8.72395833333333,-8.69791666666667,-8.64583333333333,-8.61979166666667,
-8.58072916666667,-8.56770833333333,-8.54166666666667,-8.52864583333333,
-8.50260416666667,-8.48958333333333,-8.46354166666667,-8.45052083333333,
-8.42447916666667,-8.41145833333333,-8.38541666666667,-8.37239583333333,
-8.33333333333333,-8.30729166666667,-8.22916666666667,-8.17708333333333,
-8.07291666666667,-8.02083333333333,-7.91666666666667,-7.86458333333333,
-7.78645833333333,-7.76041666666667,-7.70833333333333,-7.68229166666667,
-7.63020833333333,-7.60416666666667,-7.56510416666667,-7.55208333333333,
-7.52604166666667,-7.51302083333333,-7.48697916666667,-7.47395833333333,
-7.44791666666667,-7.43489583333333,-7.39583333333333,-7.36979166666667,
-7.31770833333333,-7.29166666666667,-7.23958333333333,-7.21354166666667,
-7.13541666666667,-7.08333333333333,-6.97916666666667,-6.92708333333333,
-6.82291666666667,-6.77083333333333,-6.69270833333333,-6.66666666666667,
-6.62760416666667,-6.61458333333333,-6.58854166666667,-6.57552083333333,
-6.54947916666667,-6.53645833333333,-6.51041666666667,-6.49739583333333,
-6.47135416666667,-6.45833333333333,-6.43229166666667,-6.41927083333333,
-6.38020833333333,-6.35416666666667,-6.30208333333333,-6.27604166666667,
-6.19791666666667,-6.14583333333333,-6.04166666666667,-5.98958333333333,
-5.88541666666667,-5.83333333333333,-5.72916666666667,-5.67708333333333,
-5.61197916666667,-5.59895833333333,-5.57291666666667,-5.55989583333333,
-5.53385416666667,-5.52083333333333,-5.49479166666667,-5.48177083333333,
-5.45572916666667,-5.44270833333333,-5.41666666666667,-5.40364583333333,
-5.36458333333333,-5.33854166666667,-5.26041666666667,-5.20833333333333,
-5.10416666666667,-5.05208333333333,-4.94791666666667,-4.89583333333333,
-4.79166666666667,-4.73958333333333,-4.66145833333333,-4.63541666666667,
-4.59635416666667,-4.58333333333333,-4.55729166666667,-4.54427083333333,
-4.51822916666667,-4.50520833333333,-4.47916666666667,-4.46614583333333,
-4.44010416666667,-4.42708333333333,-4.40104166666667,-4.38802083333333,
-4.32291666666667,-4.27083333333333,-4.16666666666667,-4.11458333333333,
-4.01041666666667,-3.95833333333333,-3.85416666666667,-3.80208333333333,
-3.72395833333333,-3.69791666666667,-3.64583333333333,-3.61979166666667,
-3.58072916666667,-3.56770833333333,-3.54166666666667,-3.52864583333333,
-3.50260416666667,-3.48958333333333,-3.46354166666667,-3.45052083333333,
-3.42447916666667,-3.41145833333333,-3.38541666666667,-3.37239583333333,
-3.33333333333333,-3.30729166666667,-3.22916666666667,-3.17708333333333,
-3.07291666666667,-3.02083333333333,-2.91666666666667,-2.86458333333333,
-2.78645833333333,-2.76041666666667,-2.70833333333333,-2.68229166666667,
-2.63020833333333,-2.60416666666667,-2.56510416666667,-2.55208333333333,
-2.52604166666667,-2.51302083333333,-2.48697916666667,-2.47395833333333,
-2.44791666666667,-2.43489583333333,-2.39583333333333,-2.36979166666667,
-2.31770833333333,-2.29166666666667,-2.23958333333333,-2.21354166666667,
-2.13541666666667,-2.08333333333333,-1.97916666666667,-1.92708333333333,
-1.82291666666667,-1.77083333333333,-1.69270833333333,-1.66666666666667,
-1.62760416666667,-1.61458333333333,-1.58854166666667,-1.57552083333333,
-1.54947916666667,-1.53645833333333,-1.51041666666667,-1.49739583333333,
-1.47135416666667,-1.45833333333333,-1.43229166666667,-1.41927083333333,
-1.38020833333333,-1.35416666666667,-1.30208333333333,-1.27604166666667,
-1.19791666666667,-1.14583333333333,-1.04166666666667,-0.989583333333333,
-0.885416666666667,-0.833333333333333,-0.729166666666667,-0.677083333333333,
-0.611979166666667,-0.598958333333333,-0.572916666666667,-0.559895833333333,
-0.533854166666667,-0.520833333333333,-0.494791666666667,-0.481770833333333,
-0.455729166666667,-0.442708333333333,-0.416666666666667,-0.403645833333333,
-0.364583333333333,-0.338541666666667,-0.260416666666667,-0.208333333333333,
-0.104166666666667,-0.0520833333333333,0.0520833333333333,0.104166666666667,
0.208333333333333,0.260416666666667,0.338541666666667,0.364583333333333,
0.403645833333333,0.416666666666667,0.442708333333333,0.455729166666667,
0.481770833333333,0.494791666666667,0.520833333333333,0.533854166666667,
0.559895833333333,0.572916666666667,0.598958333333333,0.611979166666667,
0.677083333333333,0.729166666666667,0.833333333333333,0.885416666666667,
0.989583333333333,1.04166666666667,1.14583333333333,1.19791666666667,1.27604166666667,
1.30208333333333,1.35416666666667,1.38020833333333,1.41927083333333,1.43229166666667,
1.45833333333333,1.47135416666667,1.49739583333333,1.51041666666667,1.53645833333333,
1.54947916666667,1.57552083333333,1.58854166666667,1.61458333333333,1.62760416666667,
1.66666666666667,1.69270833333333,1.77083333333333,1.82291666666667,1.92708333333333,
1.97916666666667,2.08333333333333,2.13541666666667,2.21354166666667,2.23958333333333,
2.29166666666667,2.31770833333333,2.36979166666667,2.39583333333333,2.43489583333333,
2.44791666666667,2.47395833333333,2.48697916666667,2.51302083333333,2.52604166666667,
2.55208333333333,2.56510416666667,2.60416666666667,2.63020833333333,2.68229166666667,
2.70833333333333,2.76041666666667,2.78645833333333,2.86458333333333,2.91666666666667,
3.02083333333333,3.07291666666667,3.17708333333333,3.22916666666667,3.30729166666667,
3.33333333333333,3.37239583333333,3.38541666666667,3.41145833333333,3.42447916666667,
3.45052083333333,3.46354166666667,3.48958333333333,3.50260416666667,3.52864583333333,
3.54166666666667,3.56770833333333,3.58072916666667,3.61979166666667,3.64583333333333,
3.69791666666667,3.72395833333333,3.80208333333333,3.85416666666667,3.95833333333333,
4.01041666666667,4.11458333333333,4.16666666666667,4.27083333333333,4.32291666666667,
4.38802083333333,4.40104166666667,4.42708333333333,4.44010416666667,4.46614583333333,
4.47916666666667,4.50520833333333,4.51822916666667,4.54427083333333,4.55729166666667,
4.58333333333333,4.59635416666667,4.63541666666667,4.66145833333333,4.73958333333333,
4.79166666666667,4.89583333333333,4.94791666666667,5.05208333333333,5.10416666666667,
5.20833333333333,5.26041666666667,5.33854166666667,5.36458333333333,5.40364583333333,
5.41666666666667,5.44270833333333,5.45572916666667,5.48177083333333,5.49479166666667,
5.52083333333333,5.53385416666667,5.55989583333333,5.57291666666667,5.59895833333333,
5.61197916666667,5.67708333333333,5.72916666666667,5.83333333333333,5.88541666666667,
5.98958333333333,6.04166666666667,6.14583333333333,6.19791666666667,6.27604166666667,
6.30208333333333,6.35416666666667,6.38020833333333,6.41927083333333,6.43229166666667,
6.45833333333333,6.47135416666667,6.49739583333333,6.51041666666667,6.53645833333333,
6.54947916666667,6.57552083333333,6.58854166666667,6.61458333333333,6.62760416666667,
6.66666666666667,6.69270833333333,6.77083333333333,6.82291666666667,6.92708333333333,
6.97916666666667,7.08333333333333,7.13541666666667,7.21354166666667,7.23958333333333,
7.29166666666667,7.31770833333333,7.36979166666667,7.39583333333333,7.43489583333333,
7.44791666666667,7.47395833333333,7.48697916666667,7.51302083333333,7.52604166666667,
7.55208333333333,7.56510416666667,7.60416666666667,7.63020833333333,7.68229166666667,
7.70833333333333,7.76041666666667,7.78645833333333,7.86458333333333,7.91666666666667,
8.02083333333333,8.07291666666667,8.17708333333333,8.22916666666667,8.30729166666667,
8.33333333333333,8.37239583333333,8.38541666666667,8.41145833333333,8.42447916666667,
8.45052083333333,8.46354166666667,8.48958333333333,8.50260416666667,8.52864583333333,
8.54166666666667,8.56770833333333,8.58072916666667,8.61979166666667,8.64583333333333,
8.69791666666667,8.72395833333333,8.80208333333333,8.85416666666667,8.95833333333333,
9.01041666666667,9.11458333333333,9.16666666666667,9.27083333333333,9.32291666666667,
9.38802083333333,9.40104166666667,9.42708333333333,9.44010416666667,9.46614583333333,
9.47916666666667,9.50520833333333,9.51822916666667,9.54427083333333,9.55729166666667,
9.58333333333333,9.59635416666667,9.63541666666667,9.66145833333333,9.73958333333333,
9.79166666666667,9.89583333333333,9.94791666666667,10.0520833333333,10.1041666666667,
10.2083333333333,10.2604166666667,10.3385416666667,10.3645833333333,10.4036458333333,
10.4166666666667,10.4427083333333,10.4557291666667,10.4817708333333,10.4947916666667,
10.5208333333333,10.5338541666667,10.5598958333333,10.5729166666667,10.5989583333333,
10.6119791666667,10.6770833333333,10.7291666666667,10.8333333333333,10.8854166666667,
10.9895833333333,11.0416666666667,11.1458333333333,11.1979166666667,11.2760416666667,
11.3020833333333,11.3541666666667,11.3802083333333,11.4192708333333,11.4322916666667,
11.4583333333333,11.4713541666667,11.4973958333333,11.5104166666667,11.5364583333333,
11.5494791666667,11.5755208333333,11.5885416666667,11.6145833333333,11.6276041666667,
11.6666666666667,11.6927083333333,11.7708333333333,11.8229166666667,11.9270833333333,
11.9791666666667,12.0833333333333,12.1354166666667,12.2135416666667,12.2395833333333,
12.2916666666667,12.3177083333333,12.3697916666667,12.3958333333333,12.4348958333333,
12.4479166666667,12.4739583333333,12.4869791666667,12.5130208333333,12.5260416666667,
12.5520833333333,12.5651041666667,12.6041666666667,12.6302083333333,12.6822916666667,
12.7083333333333,12.7604166666667,12.7864583333333,12.8645833333333,12.9166666666667,
13.0208333333333,13.0729166666667,13.1770833333333,13.2291666666667,13.3072916666667,
13.3333333333333,13.3723958333333,13.3854166666667,13.4114583333333,13.4244791666667,
13.4505208333333,13.4635416666667,13.4895833333333,13.5026041666667,13.5286458333333,
13.5416666666667,13.5677083333333,13.5807291666667,13.6197916666667,13.6458333333333,
13.6979166666667,13.7239583333333,13.8020833333333,13.8541666666667,13.9583333333333,
14.0104166666667,14.1145833333333,14.1666666666667,14.2708333333333,14.3229166666667,
14.3880208333333,14.4010416666667,14.4270833333333,14.4401041666667,14.4661458333333,
14.4791666666667,14.5052083333333,14.5182291666667,14.5442708333333,14.5572916666667,
14.5833333333333,14.5963541666667,14.6354166666667,14.6614583333333,14.7395833333333,
14.7916666666667,14.8958333333333,14.9479166666667,15.0520833333333,15.1041666666667,
15.2083333333333,15.2604166666667,15.3385416666667,15.3645833333333,15.4036458333333,
15.4166666666667,15.4427083333333,15.4557291666667,15.4817708333333,15.4947916666667,
15.5208333333333,15.5338541666667,15.5598958333333,15.5729166666667,15.5989583333333,
15.6119791666667,15.6770833333333,15.7291666666667,15.8333333333333,15.8854166666667,
15.9895833333333,16.0416666666667,16.1458333333333,16.1979166666667,16.2760416666667,
16.3020833333333,16.3541666666667,16.3802083333333,16.4192708333333,16.4322916666667,
16.4583333333333,16.4713541666667,16.4973958333333,16.5104166666667,16.5364583333333,
16.5494791666667,16.5755208333333,16.5885416666667,16.6145833333333,16.6276041666667,
16.6666666666667,16.6927083333333,16.7708333333333,16.8229166666667,16.9270833333333,
16.9791666666667,17.0833333333333,17.1354166666667,17.2135416666667,17.2395833333333,
17.2916666666667,17.3177083333333,17.3697916666667,17.3958333333333,17.4348958333333,
17.4479166666667,17.4739583333333,17.4869791666667,17.5130208333333,17.5260416666667,
17.5520833333333,17.5651041666667,17.6041666666667,17.6302083333333,17.6822916666667,
17.7083333333333,17.7604166666667,17.7864583333333,17.8645833333333,17.9166666666667,
18.0208333333333,18.0729166666667,18.1770833333333,18.2291666666667,18.3072916666667,
18.3333333333333,18.3723958333333,18.3854166666667,18.4114583333333,18.4244791666667,
18.4505208333333,18.4635416666667,18.4895833333333,18.5026041666667,18.5286458333333,
18.5416666666667,18.5677083333333,18.5807291666667,18.6197916666667,18.6458333333333,
18.6979166666667,18.7239583333333,18.8020833333333,18.8541666666667,18.9583333333333,
19.0104166666667,19.1145833333333,19.1666666666667,19.2708333333333,19.3229166666667,
19.3880208333333,19.4010416666667,19.4270833333333,19.4401041666667,19.4661458333333,
19.4791666666667,19.5052083333333,19.5182291666667,19.5442708333333,19.5572916666667,
19.5833333333333,19.5963541666667,19.6354166666667,19.6614583333333,19.7395833333333,
19.7916666666667,19.8958333333333,19.9192675921132),.UNSPECIFIED.);
#26=B_SPLINE_CURVE_WITH_KNOTS('',3,(#3358,#3359,#3360,#3361,#3362,#3363,
#3364,#3365,#3366,#3367,#3368,#3369,#3370,#3371,#3372,#3373,#3374,#3375,
#3376,#3377,#3378,#3379,#3380,#3381,#3382,#3383,#3384,#3385,#3386,#3387,
#3388,#3389,#3390,#3391,#3392,#3393,#3394,#3395,#3396,#3397,#3398,#3399,
#3400,#3401,#3402,#3403,#3404,#3405,#3406,#3407,#3408,#3409,#3410,#3411,
#3412,#3413,#3414,#3415,#3416,#3417,#3418,#3419,#3420,#3421,#3422,#3423,
#3424,#3425,#3426,#3427,#3428,#3429,#3430,#3431,#3432,#3433,#3434,#3435,
#3436,#3437,#3438,#3439,#3440,#3441,#3442,#3443,#3444,#3445,#3446,#3447,
#3448,#3449,#3450,#3451,#3452,#3453,#3454,#3455,#3456,#3457,#3458,#3459,
#3460,#3461,#3462,#3463,#3464,#3465,#3466,#3467,#3468,#3469,#3470,#3471,
#3472,#3473,#3474,#3475,#3476,#3477,#3478,#3479,#3480,#3481,#3482,#3483,
#3484,#3485,#3486,#3487,#3488,#3489,#3490,#3491,#3492,#3493,#3494,#3495,
#3496,#3497,#3498,#3499,#3500,#3501,#3502,#3503,#3504,#3505,#3506,#3507,
#3508,#3509,#3510,#3511,#3512,#3513,#3514,#3515,#3516,#3517,#3518,#3519,
#3520,#3521,#3522,#3523,#3524,#3525,#3526,#3527,#3528,#3529,#3530,#3531,
#3532,#3533,#3534,#3535,#3536,#3537,#3538,#3539,#3540,#3541,#3542,#3543,
#3544,#3545,#3546,#3547,#3548,#3549,#3550,#3551,#3552,#3553,#3554,#3555,
#3556,#3557,#3558,#3559,#3560,#3561,#3562,#3563,#3564,#3565,#3566,#3567,
#3568,#3569,#3570,#3571,#3572,#3573,#3574,#3575,#3576,#3577,#3578,#3579,
#3580,#3581,#3582,#3583,#3584,#3585,#3586,#3587,#3588,#3589,#3590,#3591,
#3592,#3593,#3594,#3595,#3596,#3597,#3598,#3599,#3600,#3601,#3602,#3603,
#3604,#3605,#3606,#3607,#3608,#3609,#3610,#3611,#3612,#3613,#3614,#3615,
#3616,#3617,#3618,#3619,#3620,#3621,#3622,#3623,#3624,#3625,#3626,#3627,
#3628,#3629,#3630,#3631,#3632,#3633,#3634,#3635,#3636,#3637,#3638,#3639,
#3640,#3641,#3642,#3643,#3644,#3645,#3646,#3647,#3648,#3649,#3650,#3651,
#3652,#3653,#3654,#3655,#3656,#3657,#3658,#3659,#3660,#3661,#3662,#3663,
#3664,#3665,#3666,#3667,#3668,#3669,#3670,#3671,#3672,#3673,#3674,#3675,
#3676,#3677,#3678,#3679,#3680,#3681,#3682,#3683,#3684,#3685,#3686,#3687,
#3688,#3689,#3690,#3691,#3692,#3693,#3694,#3695,#3696,#3697,#3698,#3699,
#3700,#3701,#3702,#3703,#3704,#3705,#3706,#3707,#3708,#3709,#3710,#3711,
#3712,#3713,#3714,#3715,#3716,#3717,#3718,#3719,#3720,#3721,#3722,#3723,
#3724,#3725,#3726,#3727,#3728,#3729,#3730,#3731,#3732,#3733,#3734,#3735,
#3736,#3737,#3738,#3739,#3740,#3741,#3742,#3743,#3744,#3745,#3746,#3747,
#3748,#3749,#3750,#3751,#3752,#3753,#3754,#3755,#3756,#3757,#3758,#3759,
#3760,#3761,#3762,#3763,#3764,#3765,#3766,#3767,#3768,#3769,#3770,#3771,
#3772,#3773,#3774,#3775,#3776,#3777,#3778,#3779,#3780,#3781,#3782,#3783,
#3784,#3785,#3786,#3787,#3788,#3789,#3790,#3791,#3792,#3793,#3794,#3795,
#3796,#3797,#3798,#3799,#3800,#3801,#3802,#3803,#3804,#3805,#3806,#3807,
#3808,#3809,#3810,#3811,#3812,#3813,#3814,#3815,#3816,#3817,#3818,#3819,
#3820,#3821,#3822,#3823,#3824,#3825,#3826,#3827,#3828,#3829,#3830,#3831,
#3832,#3833,#3834,#3835,#3836,#3837,#3838,#3839,#3840,#3841,#3842,#3843,
#3844,#3845,#3846,#3847,#3848,#3849,#3850,#3851,#3852,#3853,#3854,#3855,
#3856,#3857,#3858,#3859,#3860,#3861,#3862,#3863,#3864,#3865,#3866,#3867,
#3868,#3869,#3870,#3871,#3872,#3873,#3874,#3875,#3876,#3877,#3878,#3879,
#3880,#3881,#3882,#3883,#3884,#3885,#3886,#3887,#3888,#3889,#3890,#3891,
#3892,#3893,#3894,#3895,#3896,#3897,#3898,#3899,#3900,#3901,#3902,#3903,
#3904,#3905,#3906,#3907,#3908,#3909,#3910,#3911,#3912,#3913,#3914,#3915,
#3916,#3917,#3918,#3919,#3920,#3921,#3922,#3923,#3924,#3925,#3926,#3927,
#3928,#3929,#3930,#3931,#3932,#3933,#3934,#3935,#3936,#3937,#3938,#3939,
#3940,#3941,#3942,#3943,#3944,#3945,#3946,#3947,#3948,#3949,#3950,#3951,
#3952,#3953,#3954,#3955,#3956,#3957,#3958,#3959,#3960,#3961,#3962,#3963,
#3964,#3965,#3966,#3967,#3968,#3969,#3970,#3971,#3972,#3973,#3974,#3975,
#3976,#3977,#3978,#3979,#3980,#3981,#3982,#3983,#3984,#3985,#3986,#3987,
#3988,#3989,#3990,#3991,#3992,#3993,#3994,#3995,#3996,#3997,#3998,#3999,
#4000,#4001,#4002,#4003,#4004,#4005,#4006,#4007,#4008,#4009,#4010,#4011,
#4012,#4013,#4014,#4015,#4016,#4017,#4018,#4019,#4020,#4021,#4022,#4023,
#4024,#4025,#4026,#4027,#4028,#4029,#4030,#4031,#4032,#4033,#4034,#4035,
#4036,#4037,#4038,#4039,#4040,#4041,#4042,#4043,#4044,#4045,#4046,#4047,
#4048,#4049,#4050,#4051,#4052,#4053,#4054,#4055,#4056,#4057,#4058,#4059,
#4060,#4061,#4062,#4063,#4064,#4065,#4066,#4067,#4068,#4069,#4070,#4071,
#4072,#4073,#4074,#4075,#4076,#4077,#4078,#4079,#4080,#4081,#4082,#4083,
#4084,#4085,#4086,#4087,#4088,#4089,#4090,#4091,#4092,#4093,#4094,#4095,
#4096,#4097,#4098,#4099,#4100,#4101,#4102,#4103,#4104,#4105,#4106,#4107,
#4108,#4109,#4110,#4111,#4112,#4113,#4114,#4115,#4116,#4117,#4118,#4119,
#4120,#4121,#4122,#4123,#4124,#4125,#4126,#4127,#4128,#4129,#4130,#4131,
#4132,#4133,#4134,#4135,#4136,#4137,#4138,#4139,#4140,#4141,#4142,#4143,
#4144,#4145,#4146,#4147,#4148,#4149,#4150,#4151,#4152,#4153,#4154,#4155,
#4156,#4157,#4158,#4159,#4160,#4161,#4162,#4163,#4164,#4165,#4166,#4167,
#4168,#4169,#4170,#4171,#4172,#4173,#4174,#4175,#4176,#4177,#4178,#4179,
#4180,#4181,#4182,#4183,#4184,#4185,#4186,#4187,#4188,#4189,#4190,#4191,
#4192,#4193,#4194,#4195,#4196,#4197,#4198,#4199,#4200,#4201,#4202,#4203,
#4204,#4205,#4206,#4207,#4208,#4209,#4210,#4211,#4212,#4213,#4214,#4215,
#4216,#4217,#4218,#4219,#4220,#4221,#4222,#4223,#4224,#4225,#4226,#4227,
#4228,#4229,#4230,#4231,#4232,#4233,#4234,#4235,#4236,#4237,#4238,#4239,
#4240,#4241,#4242,#4243,#4244,#4245,#4246,#4247,#4248,#4249,#4250,#4251,
#4252,#4253,#4254,#4255,#4256,#4257,#4258,#4259,#4260,#4261,#4262,#4263,
#4264,#4265,#4266,#4267,#4268,#4269,#4270,#4271,#4272,#4273,#4274,#4275,
#4276,#4277,#4278,#4279,#4280,#4281,#4282,#4283,#4284,#4285,#4286,#4287,
#4288,#4289,#4290,#4291,#4292,#4293,#4294,#4295,#4296,#4297,#4298,#4299,
#4300,#4301,#4302,#4303,#4304,#4305,#4306,#4307,#4308,#4309,#4310,#4311,
#4312,#4313,#4314,#4315,#4316,#4317,#4318,#4319),.UNSPECIFIED.,.F.,.F.,
(4,1,1,1,1,1,1,1,1,1,1,1,1,1,1,1,1,1,1,1,1,1,1,1,1,1,1,1,1,1,1,1,1,1,1,
1,1,1,1,1,1,1,1,1,1,1,1,1,1,1,1,1,1,1,1,1,1,1,1,1,1,1,1,1,1,1,1,1,1,1,1,
1,1,1,1,1,1,1,1,1,1,1,1,1,1,1,1,1,1,1,1,1,1,1,1,1,1,1,1,1,1,1,1,1,1,1,1,
1,1,1,1,1,1,1,1,1,1,1,1,1,1,1,1,1,1,1,1,1,1,1,1,1,1,1,1,1,1,1,1,1,1,1,1,
1,1,1,1,1,1,1,1,1,1,1,1,1,1,1,1,1,1,1,1,1,1,1,1,1,1,1,1,1,1,1,1,1,1,1,1,
1,1,1,1,1,1,1,1,1,1,1,1,1,1,1,1,1,1,1,1,1,1,1,1,1,1,1,1,1,1,1,1,1,1,1,1,
1,1,1,1,1,1,1,1,1,1,1,1,1,1,1,1,1,1,1,1,1,1,1,1,1,1,1,1,1,1,1,1,1,1,1,1,
1,1,1,1,1,1,1,1,1,1,1,1,1,1,1,1,1,1,1,1,1,1,1,1,1,1,1,1,1,1,1,1,1,1,1,1,
1,1,1,1,1,1,1,1,1,1,1,1,1,1,1,1,1,1,1,1,1,1,1,1,1,1,1,1,1,1,1,1,1,1,1,1,
1,1,1,1,1,1,1,1,1,1,1,1,1,1,1,1,1,1,1,1,1,1,1,1,1,1,1,1,1,1,1,1,1,1,1,1,
1,1,1,1,1,1,1,1,1,1,1,1,1,1,1,1,1,1,1,1,1,1,1,1,1,1,1,1,1,1,1,1,1,1,1,1,
1,1,1,1,1,1,1,1,1,1,1,1,1,1,1,1,1,1,1,1,1,1,1,1,1,1,1,1,1,1,1,1,1,1,1,1,
1,1,1,1,1,1,1,1,1,1,1,1,1,1,1,1,1,1,1,1,1,1,1,1,1,1,1,1,1,1,1,1,1,1,1,1,
1,1,1,1,1,1,1,1,1,1,1,1,1,1,1,1,1,1,1,1,1,1,1,1,1,1,1,1,1,1,1,1,1,1,1,1,
1,1,1,1,1,1,1,1,1,1,1,1,1,1,1,1,1,1,1,1,1,1,1,1,1,1,1,1,1,1,1,1,1,1,1,1,
1,1,1,1,1,1,1,1,1,1,1,1,1,1,1,1,1,1,1,1,1,1,1,1,1,1,1,1,1,1,1,1,1,1,1,1,
1,1,1,1,1,1,1,1,1,1,1,1,1,1,1,1,1,1,1,1,1,1,1,1,1,1,1,1,1,1,1,1,1,1,1,1,
1,1,1,1,1,1,1,1,1,1,1,1,1,1,1,1,1,1,1,1,1,1,1,1,1,1,1,1,1,1,1,1,1,1,1,1,
1,1,1,1,1,1,1,1,1,1,1,1,1,1,1,1,1,1,1,1,1,1,1,1,1,1,1,1,1,1,1,1,1,1,1,1,
1,1,1,1,1,1,1,1,1,1,1,1,1,1,1,1,1,1,1,1,1,1,1,1,1,1,1,1,1,1,1,1,1,1,1,1,
1,1,1,1,1,1,1,1,1,1,1,1,1,1,1,1,1,1,1,1,1,1,1,1,1,1,1,1,1,1,1,1,1,1,1,1,
1,1,1,1,1,1,1,1,1,1,1,1,1,1,1,1,1,1,1,1,1,1,1,1,1,1,1,1,1,1,1,1,1,1,1,1,
1,1,1,1,1,1,1,1,1,1,1,1,1,1,1,1,1,1,1,1,1,1,1,1,1,1,1,1,1,1,1,1,1,1,1,1,
1,1,1,1,1,1,1,1,1,1,1,1,1,1,1,1,1,1,1,1,1,1,1,1,1,1,1,1,1,1,1,1,1,1,1,1,
1,1,1,1,1,1,1,1,1,1,1,1,1,1,1,1,1,1,1,1,1,1,1,1,1,1,1,1,1,1,1,1,1,1,1,1,
1,1,1,1,1,1,1,1,1,1,1,1,1,1,1,1,1,1,1,1,1,1,1,1,1,1,1,1,1,1,1,1,1,1,1,1,
1,1,1,1,1,1,1,1,1,1,1,1,1,1,1,1,1,1,1,1,1,1,1,1,4),(-19.9192675921132,-19.8958333333333,
-19.7916666666667,-19.7395833333333,-19.6614583333333,-19.6354166666667,
-19.5963541666667,-19.5833333333333,-19.5572916666667,-19.5442708333333,
-19.5182291666667,-19.5052083333333,-19.4791666666667,-19.4661458333333,
-19.4401041666667,-19.4270833333333,-19.4010416666667,-19.3880208333333,
-19.3229166666667,-19.2708333333333,-19.1666666666667,-19.1145833333333,
-19.0104166666667,-18.9583333333333,-18.8541666666667,-18.8020833333333,
-18.7239583333333,-18.6979166666667,-18.6458333333333,-18.6197916666667,
-18.5807291666667,-18.5677083333333,-18.5416666666667,-18.5286458333333,
-18.5026041666667,-18.4895833333333,-18.4635416666667,-18.4505208333333,
-18.4244791666667,-18.4114583333333,-18.3854166666667,-18.3723958333333,
-18.3333333333333,-18.3072916666667,-18.2291666666667,-18.1770833333333,
-18.0729166666667,-18.0208333333333,-17.9166666666667,-17.8645833333333,
-17.7864583333333,-17.7604166666667,-17.7083333333333,-17.6822916666667,
-17.6302083333333,-17.6041666666667,-17.5651041666667,-17.5520833333333,
-17.5260416666667,-17.5130208333333,-17.4869791666667,-17.4739583333333,
-17.4479166666667,-17.4348958333333,-17.3958333333333,-17.3697916666667,
-17.3177083333333,-17.2916666666667,-17.2395833333333,-17.2135416666667,
-17.1354166666667,-17.0833333333333,-16.9791666666667,-16.9270833333333,
-16.8229166666667,-16.7708333333333,-16.6927083333333,-16.6666666666667,
-16.6276041666667,-16.6145833333333,-16.5885416666667,-16.5755208333333,
-16.5494791666667,-16.5364583333333,-16.5104166666667,-16.4973958333333,
-16.4713541666667,-16.4583333333333,-16.4322916666667,-16.4192708333333,
-16.3802083333333,-16.3541666666667,-16.3020833333333,-16.2760416666667,
-16.1979166666667,-16.1458333333333,-16.0416666666667,-15.9895833333333,
-15.8854166666667,-15.8333333333333,-15.7291666666667,-15.6770833333333,
-15.6119791666667,-15.5989583333333,-15.5729166666667,-15.5598958333333,
-15.5338541666667,-15.5208333333333,-15.4947916666667,-15.4817708333333,
-15.4557291666667,-15.4427083333333,-15.4166666666667,-15.4036458333333,
-15.3645833333333,-15.3385416666667,-15.2604166666667,-15.2083333333333,
-15.1041666666667,-15.0520833333333,-14.9479166666667,-14.8958333333333,
-14.7916666666667,-14.7395833333333,-14.6614583333333,-14.6354166666667,
-14.5963541666667,-14.5833333333333,-14.5572916666667,-14.5442708333333,
-14.5182291666667,-14.5052083333333,-14.4791666666667,-14.4661458333333,
-14.4401041666667,-14.4270833333333,-14.4010416666667,-14.3880208333333,
-14.3229166666667,-14.2708333333333,-14.1666666666667,-14.1145833333333,
-14.0104166666667,-13.9583333333333,-13.8541666666667,-13.8020833333333,
-13.7239583333333,-13.6979166666667,-13.6458333333333,-13.6197916666667,
-13.5807291666667,-13.5677083333333,-13.5416666666667,-13.5286458333333,
-13.5026041666667,-13.4895833333333,-13.4635416666667,-13.4505208333333,
-13.4244791666667,-13.4114583333333,-13.3854166666667,-13.3723958333333,
-13.3333333333333,-13.3072916666667,-13.2291666666667,-13.1770833333333,
-13.0729166666667,-13.0208333333333,-12.9166666666667,-12.8645833333333,
-12.7864583333333,-12.7604166666667,-12.7083333333333,-12.6822916666667,
-12.6302083333333,-12.6041666666667,-12.5651041666667,-12.5520833333333,
-12.5260416666667,-12.5130208333333,-12.4869791666667,-12.4739583333333,
-12.4479166666667,-12.4348958333333,-12.3958333333333,-12.3697916666667,
-12.3177083333333,-12.2916666666667,-12.2395833333333,-12.2135416666667,
-12.1354166666667,-12.0833333333333,-11.9791666666667,-11.9270833333333,
-11.8229166666667,-11.7708333333333,-11.6927083333333,-11.6666666666667,
-11.6276041666667,-11.6145833333333,-11.5885416666667,-11.5755208333333,
-11.5494791666667,-11.5364583333333,-11.5104166666667,-11.4973958333333,
-11.4713541666667,-11.4583333333333,-11.4322916666667,-11.4192708333333,
-11.3802083333333,-11.3541666666667,-11.3020833333333,-11.2760416666667,
-11.1979166666667,-11.1458333333333,-11.0416666666667,-10.9895833333333,
-10.8854166666667,-10.8333333333333,-10.7291666666667,-10.6770833333333,
-10.6119791666667,-10.5989583333333,-10.5729166666667,-10.5598958333333,
-10.5338541666667,-10.5208333333333,-10.4947916666667,-10.4817708333333,
-10.4557291666667,-10.4427083333333,-10.4166666666667,-10.4036458333333,
-10.3645833333333,-10.3385416666667,-10.2604166666667,-10.2083333333333,
-10.1041666666667,-10.0520833333333,-9.94791666666667,-9.89583333333333,
-9.79166666666667,-9.73958333333333,-9.66145833333333,-9.63541666666667,
-9.59635416666667,-9.58333333333333,-9.55729166666667,-9.54427083333333,
-9.51822916666667,-9.50520833333333,-9.47916666666667,-9.46614583333333,
-9.44010416666667,-9.42708333333333,-9.40104166666667,-9.38802083333333,
-9.32291666666667,-9.27083333333333,-9.16666666666667,-9.11458333333333,
-9.01041666666667,-8.95833333333333,-8.85416666666667,-8.80208333333333,
-8.72395833333333,-8.69791666666667,-8.64583333333333,-8.61979166666667,
-8.58072916666667,-8.56770833333333,-8.54166666666667,-8.52864583333333,
-8.50260416666667,-8.48958333333333,-8.46354166666667,-8.45052083333333,
-8.42447916666667,-8.41145833333333,-8.38541666666667,-8.37239583333333,
-8.33333333333333,-8.30729166666667,-8.22916666666667,-8.17708333333333,
-8.07291666666667,-8.02083333333333,-7.91666666666667,-7.86458333333333,
-7.78645833333333,-7.76041666666667,-7.70833333333333,-7.68229166666667,
-7.63020833333333,-7.60416666666667,-7.56510416666667,-7.55208333333333,
-7.52604166666667,-7.51302083333333,-7.48697916666667,-7.47395833333333,
-7.44791666666667,-7.43489583333333,-7.39583333333333,-7.36979166666667,
-7.31770833333333,-7.29166666666667,-7.23958333333333,-7.21354166666667,
-7.13541666666667,-7.08333333333333,-6.97916666666667,-6.92708333333333,
-6.82291666666667,-6.77083333333333,-6.69270833333333,-6.66666666666667,
-6.62760416666667,-6.61458333333333,-6.58854166666667,-6.57552083333333,
-6.54947916666667,-6.53645833333333,-6.51041666666667,-6.49739583333333,
-6.47135416666667,-6.45833333333333,-6.43229166666667,-6.41927083333333,
-6.38020833333333,-6.35416666666667,-6.30208333333333,-6.27604166666667,
-6.19791666666667,-6.14583333333333,-6.04166666666667,-5.98958333333333,
-5.88541666666667,-5.83333333333333,-5.72916666666667,-5.67708333333333,
-5.61197916666667,-5.59895833333333,-5.57291666666667,-5.55989583333333,
-5.53385416666667,-5.52083333333333,-5.49479166666667,-5.48177083333333,
-5.45572916666667,-5.44270833333333,-5.41666666666667,-5.40364583333333,
-5.36458333333333,-5.33854166666667,-5.26041666666667,-5.20833333333333,
-5.10416666666667,-5.05208333333333,-4.94791666666667,-4.89583333333333,
-4.79166666666667,-4.73958333333333,-4.66145833333333,-4.63541666666667,
-4.59635416666667,-4.58333333333333,-4.55729166666667,-4.54427083333333,
-4.51822916666667,-4.50520833333333,-4.47916666666667,-4.46614583333333,
-4.44010416666667,-4.42708333333333,-4.40104166666667,-4.38802083333333,
-4.32291666666667,-4.27083333333333,-4.16666666666667,-4.11458333333333,
-4.01041666666667,-3.95833333333333,-3.85416666666667,-3.80208333333333,
-3.72395833333333,-3.69791666666667,-3.64583333333333,-3.61979166666667,
-3.58072916666667,-3.56770833333333,-3.54166666666667,-3.52864583333333,
-3.50260416666667,-3.48958333333333,-3.46354166666667,-3.45052083333333,
-3.42447916666667,-3.41145833333333,-3.38541666666667,-3.37239583333333,
-3.33333333333333,-3.30729166666667,-3.22916666666667,-3.17708333333333,
-3.07291666666667,-3.02083333333333,-2.91666666666667,-2.86458333333333,
-2.78645833333333,-2.76041666666667,-2.70833333333333,-2.68229166666667,
-2.63020833333333,-2.60416666666667,-2.56510416666667,-2.55208333333333,
-2.52604166666667,-2.51302083333333,-2.48697916666667,-2.47395833333333,
-2.44791666666667,-2.43489583333333,-2.39583333333333,-2.36979166666667,
-2.31770833333333,-2.29166666666667,-2.23958333333333,-2.21354166666667,
-2.13541666666667,-2.08333333333333,-1.97916666666667,-1.92708333333333,
-1.82291666666667,-1.77083333333333,-1.69270833333333,-1.66666666666667,
-1.62760416666667,-1.61458333333333,-1.58854166666667,-1.57552083333333,
-1.54947916666667,-1.53645833333333,-1.51041666666667,-1.49739583333333,
-1.47135416666667,-1.45833333333333,-1.43229166666667,-1.41927083333333,
-1.38020833333333,-1.35416666666667,-1.30208333333333,-1.27604166666667,
-1.19791666666667,-1.14583333333333,-1.04166666666667,-0.989583333333333,
-0.885416666666667,-0.833333333333333,-0.729166666666667,-0.677083333333333,
-0.611979166666667,-0.598958333333333,-0.572916666666667,-0.559895833333333,
-0.533854166666667,-0.520833333333333,-0.494791666666667,-0.481770833333333,
-0.455729166666667,-0.442708333333333,-0.416666666666667,-0.403645833333333,
-0.364583333333333,-0.338541666666667,-0.260416666666667,-0.208333333333333,
-0.104166666666667,-0.0520833333333333,0.0520833333333333,0.104166666666667,
0.208333333333333,0.260416666666667,0.338541666666667,0.364583333333333,
0.403645833333333,0.416666666666667,0.442708333333333,0.455729166666667,
0.481770833333333,0.494791666666667,0.520833333333333,0.533854166666667,
0.559895833333333,0.572916666666667,0.598958333333333,0.611979166666667,
0.677083333333333,0.729166666666667,0.833333333333333,0.885416666666667,
0.989583333333333,1.04166666666667,1.14583333333333,1.19791666666667,1.27604166666667,
1.30208333333333,1.35416666666667,1.38020833333333,1.41927083333333,1.43229166666667,
1.45833333333333,1.47135416666667,1.49739583333333,1.51041666666667,1.53645833333333,
1.54947916666667,1.57552083333333,1.58854166666667,1.61458333333333,1.62760416666667,
1.66666666666667,1.69270833333333,1.77083333333333,1.82291666666667,1.92708333333333,
1.97916666666667,2.08333333333333,2.13541666666667,2.21354166666667,2.23958333333333,
2.29166666666667,2.31770833333333,2.36979166666667,2.39583333333333,2.43489583333333,
2.44791666666667,2.47395833333333,2.48697916666667,2.51302083333333,2.52604166666667,
2.55208333333333,2.56510416666667,2.60416666666667,2.63020833333333,2.68229166666667,
2.70833333333333,2.76041666666667,2.78645833333333,2.86458333333333,2.91666666666667,
3.02083333333333,3.07291666666667,3.17708333333333,3.22916666666667,3.30729166666667,
3.33333333333333,3.37239583333333,3.38541666666667,3.41145833333333,3.42447916666667,
3.45052083333333,3.46354166666667,3.48958333333333,3.50260416666667,3.52864583333333,
3.54166666666667,3.56770833333333,3.58072916666667,3.61979166666667,3.64583333333333,
3.69791666666667,3.72395833333333,3.80208333333333,3.85416666666667,3.95833333333333,
4.01041666666667,4.11458333333333,4.16666666666667,4.27083333333333,4.32291666666667,
4.38802083333333,4.40104166666667,4.42708333333333,4.44010416666667,4.46614583333333,
4.47916666666667,4.50520833333333,4.51822916666667,4.54427083333333,4.55729166666667,
4.58333333333333,4.59635416666667,4.63541666666667,4.66145833333333,4.73958333333333,
4.79166666666667,4.89583333333333,4.94791666666667,5.05208333333333,5.10416666666667,
5.20833333333333,5.26041666666667,5.33854166666667,5.36458333333333,5.40364583333333,
5.41666666666667,5.44270833333333,5.45572916666667,5.48177083333333,5.49479166666667,
5.52083333333333,5.53385416666667,5.55989583333333,5.57291666666667,5.59895833333333,
5.61197916666667,5.67708333333333,5.72916666666667,5.83333333333333,5.88541666666667,
5.98958333333333,6.04166666666667,6.14583333333333,6.19791666666667,6.27604166666667,
6.30208333333333,6.35416666666667,6.38020833333333,6.41927083333333,6.43229166666667,
6.45833333333333,6.47135416666667,6.49739583333333,6.51041666666667,6.53645833333333,
6.54947916666667,6.57552083333333,6.58854166666667,6.61458333333333,6.62760416666667,
6.66666666666667,6.69270833333333,6.77083333333333,6.82291666666667,6.92708333333333,
6.97916666666667,7.08333333333333,7.13541666666667,7.21354166666667,7.23958333333333,
7.29166666666667,7.31770833333333,7.36979166666667,7.39583333333333,7.43489583333333,
7.44791666666667,7.47395833333333,7.48697916666667,7.51302083333333,7.52604166666667,
7.55208333333333,7.56510416666667,7.60416666666667,7.63020833333333,7.68229166666667,
7.70833333333333,7.76041666666667,7.78645833333333,7.86458333333333,7.91666666666667,
8.02083333333333,8.07291666666667,8.17708333333333,8.22916666666667,8.30729166666667,
8.33333333333333,8.37239583333333,8.38541666666667,8.41145833333333,8.42447916666667,
8.45052083333333,8.46354166666667,8.48958333333333,8.50260416666667,8.52864583333333,
8.54166666666667,8.56770833333333,8.58072916666667,8.61979166666667,8.64583333333333,
8.69791666666667,8.72395833333333,8.80208333333333,8.85416666666667,8.95833333333333,
9.01041666666667,9.11458333333333,9.16666666666667,9.27083333333333,9.32291666666667,
9.38802083333333,9.40104166666667,9.42708333333333,9.44010416666667,9.46614583333333,
9.47916666666667,9.50520833333333,9.51822916666667,9.54427083333333,9.55729166666667,
9.58333333333333,9.59635416666667,9.63541666666667,9.66145833333333,9.73958333333333,
9.79166666666667,9.89583333333333,9.94791666666667,10.0520833333333,10.1041666666667,
10.2083333333333,10.2604166666667,10.3385416666667,10.3645833333333,10.4036458333333,
10.4166666666667,10.4427083333333,10.4557291666667,10.4817708333333,10.4947916666667,
10.5208333333333,10.5338541666667,10.5598958333333,10.5729166666667,10.5989583333333,
10.6119791666667,10.6770833333333,10.7291666666667,10.8333333333333,10.8854166666667,
10.9895833333333,11.0416666666667,11.1458333333333,11.1979166666667,11.2760416666667,
11.3020833333333,11.3541666666667,11.3802083333333,11.4192708333333,11.4322916666667,
11.4583333333333,11.4713541666667,11.4973958333333,11.5104166666667,11.5364583333333,
11.5494791666667,11.5755208333333,11.5885416666667,11.6145833333333,11.6276041666667,
11.6666666666667,11.6927083333333,11.7708333333333,11.8229166666667,11.9270833333333,
11.9791666666667,12.0833333333333,12.1354166666667,12.2135416666667,12.2395833333333,
12.2916666666667,12.3177083333333,12.3697916666667,12.3958333333333,12.4348958333333,
12.4479166666667,12.4739583333333,12.4869791666667,12.5130208333333,12.5260416666667,
12.5520833333333,12.5651041666667,12.6041666666667,12.6302083333333,12.6822916666667,
12.7083333333333,12.7604166666667,12.7864583333333,12.8645833333333,12.9166666666667,
13.0208333333333,13.0729166666667,13.1770833333333,13.2291666666667,13.3072916666667,
13.3333333333333,13.3723958333333,13.3854166666667,13.4114583333333,13.4244791666667,
13.4505208333333,13.4635416666667,13.4895833333333,13.5026041666667,13.5286458333333,
13.5416666666667,13.5677083333333,13.5807291666667,13.6197916666667,13.6458333333333,
13.6979166666667,13.7239583333333,13.8020833333333,13.8541666666667,13.9583333333333,
14.0104166666667,14.1145833333333,14.1666666666667,14.2708333333333,14.3229166666667,
14.3880208333333,14.4010416666667,14.4270833333333,14.4401041666667,14.4661458333333,
14.4791666666667,14.5052083333333,14.5182291666667,14.5442708333333,14.5572916666667,
14.5833333333333,14.5963541666667,14.6354166666667,14.6614583333333,14.7395833333333,
14.7916666666667,14.8958333333333,14.9479166666667,15.0520833333333,15.1041666666667,
15.2083333333333,15.2604166666667,15.3385416666667,15.3645833333333,15.4036458333333,
15.4166666666667,15.4427083333333,15.4557291666667,15.4817708333333,15.4947916666667,
15.5208333333333,15.5338541666667,15.5598958333333,15.5729166666667,15.5989583333333,
15.6119791666667,15.6770833333333,15.7291666666667,15.8333333333333,15.8854166666667,
15.9895833333333,16.0416666666667,16.1458333333333,16.1979166666667,16.2760416666667,
16.3020833333333,16.3541666666667,16.3802083333333,16.4192708333333,16.4322916666667,
16.4583333333333,16.4713541666667,16.4973958333333,16.5104166666667,16.5364583333333,
16.5494791666667,16.5755208333333,16.5885416666667,16.6145833333333,16.6276041666667,
16.6666666666667,16.6927083333333,16.7708333333333,16.8229166666667,16.9270833333333,
16.9791666666667,17.0833333333333,17.1354166666667,17.2135416666667,17.2395833333333,
17.2916666666667,17.3177083333333,17.3697916666667,17.3958333333333,17.4348958333333,
17.4479166666667,17.4739583333333,17.4869791666667,17.5130208333333,17.5260416666667,
17.5520833333333,17.5651041666667,17.6041666666667,17.6302083333333,17.6822916666667,
17.7083333333333,17.7604166666667,17.7864583333333,17.8645833333333,17.9166666666667,
18.0208333333333,18.0729166666667,18.1770833333333,18.2291666666667,18.3072916666667,
18.3333333333333,18.3723958333333,18.3854166666667,18.4114583333333,18.4244791666667,
18.4505208333333,18.4635416666667,18.4895833333333,18.5026041666667,18.5286458333333,
18.5416666666667,18.5677083333333,18.5807291666667,18.6197916666667,18.6458333333333,
18.6979166666667,18.7239583333333,18.8020833333333,18.8541666666667,18.9583333333333,
19.0104166666667,19.1145833333333,19.1666666666667,19.2708333333333,19.3229166666667,
19.3880208333333,19.4010416666667,19.4270833333333,19.4401041666667,19.4661458333333,
19.4791666666667,19.5052083333333,19.5182291666667,19.5442708333333,19.5572916666667,
19.5833333333333,19.5963541666667,19.6354166666667,19.6614583333333,19.7395833333333,
19.7916666666667,19.8958333333333,20.),.UNSPECIFIED.);
#27=B_SPLINE_CURVE_WITH_KNOTS('',3,(#4719,#4720,#4721,#4722,#4723,#4724,
#4725,#4726,#4727,#4728,#4729,#4730,#4731,#4732,#4733,#4734,#4735,#4736,
#4737,#4738,#4739,#4740,#4741,#4742,#4743,#4744,#4745,#4746,#4747,#4748,
#4749,#4750,#4751,#4752,#4753,#4754,#4755,#4756,#4757,#4758,#4759,#4760,
#4761,#4762,#4763,#4764,#4765,#4766,#4767,#4768,#4769,#4770,#4771,#4772,
#4773,#4774,#4775,#4776,#4777,#4778,#4779,#4780,#4781,#4782,#4783,#4784,
#4785,#4786,#4787,#4788,#4789,#4790,#4791,#4792,#4793,#4794,#4795,#4796,
#4797,#4798,#4799,#4800,#4801,#4802,#4803,#4804,#4805,#4806,#4807,#4808,
#4809,#4810,#4811,#4812,#4813,#4814,#4815,#4816,#4817,#4818,#4819,#4820,
#4821,#4822,#4823,#4824,#4825,#4826,#4827,#4828,#4829,#4830,#4831,#4832,
#4833,#4834,#4835,#4836,#4837,#4838,#4839,#4840,#4841,#4842,#4843,#4844,
#4845,#4846,#4847,#4848,#4849,#4850,#4851,#4852,#4853,#4854,#4855,#4856,
#4857,#4858,#4859,#4860,#4861,#4862,#4863,#4864,#4865,#4866,#4867,#4868,
#4869,#4870,#4871,#4872,#4873,#4874,#4875,#4876,#4877,#4878,#4879,#4880,
#4881,#4882,#4883,#4884,#4885,#4886,#4887,#4888,#4889,#4890,#4891,#4892,
#4893,#4894,#4895,#4896,#4897,#4898,#4899,#4900,#4901,#4902,#4903,#4904,
#4905,#4906,#4907,#4908,#4909,#4910,#4911,#4912,#4913,#4914,#4915,#4916,
#4917),.UNSPECIFIED.,.F.,.F.,(4,3,3,3,3,3,3,3,3,3,3,3,3,3,3,3,3,3,3,3,3,
3,3,3,3,3,3,3,3,3,3,3,3,3,3,3,3,3,3,3,3,3,3,3,3,3,3,3,3,3,3,3,3,3,3,3,3,
3,3,3,3,3,3,3,3,3,4),(-20.,-19.4453725502532,-18.6385999397105,-18.0779135353316,
-17.4829461363421,-16.8171667761267,-16.287785916529,-15.6666552125132,
-15.1340986824584,-14.5223471125423,-13.9177365794637,-13.381666474018,
-12.695426748657,-12.1543273558871,-11.5863820640694,-11.0234230804587,
-10.467594777868,-9.5154824410596,-8.89945277139779,-8.3532759712863,-7.60528083856908,
-7.04162717302565,-6.49110273919263,-5.8940287340483,-5.35117961709919,
-4.55895525406484,-3.99095861773159,-3.44656561084027,-2.64381059866549,
-2.08548866844986,-1.50927479287746,-0.935832554387582,-0.396994624340379,
0.240411457670257,0.764060034465946,1.42994554254146,2.01727733228066,2.58254865433359,
3.28942056481115,3.82790835999768,4.39993536349682,4.95447595559149,5.50516168099584,
6.09727462564704,6.63303665894671,7.46847186776254,8.06181980339977,8.59991760402226,
9.32726064686496,9.86937056313553,10.5025349029396,11.1528263047518,11.6828192220747,
12.3137465062993,12.85380975054,13.426964534678,14.0053094008192,14.5635462253316,
15.4126514171417,15.9853072651978,16.5435530274414,17.4076647705811,17.9833284023266,
18.5301177478895,19.1887505549395,19.7335748646555,20.),.UNSPECIFIED.);
#28=B_SPLINE_CURVE_WITH_KNOTS('',3,(#4920,#4921,#4922,#4923,#4924,#4925,
#4926,#4927,#4928,#4929,#4930,#4931,#4932,#4933,#4934,#4935,#4936,#4937,
#4938,#4939,#4940,#4941,#4942,#4943,#4944,#4945,#4946,#4947,#4948,#4949,
#4950,#4951,#4952,#4953,#4954,#4955,#4956,#4957,#4958,#4959,#4960,#4961,
#4962,#4963,#4964,#4965,#4966,#4967,#4968,#4969,#4970,#4971,#4972,#4973,
#4974,#4975,#4976,#4977,#4978,#4979,#4980,#4981,#4982,#4983,#4984,#4985,
#4986,#4987,#4988,#4989,#4990,#4991,#4992,#4993,#4994,#4995,#4996,#4997,
#4998,#4999,#5000,#5001,#5002,#5003,#5004,#5005,#5006,#5007,#5008,#5009,
#5010,#5011,#5012,#5013,#5014,#5015,#5016,#5017,#5018,#5019,#5020,#5021,
#5022,#5023,#5024,#5025,#5026,#5027,#5028,#5029,#5030,#5031,#5032,#5033,
#5034,#5035,#5036,#5037,#5038,#5039,#5040,#5041,#5042,#5043,#5044,#5045,
#5046,#5047,#5048,#5049,#5050,#5051,#5052,#5053,#5054,#5055,#5056,#5057,
#5058,#5059,#5060,#5061,#5062,#5063,#5064,#5065,#5066,#5067,#5068,#5069,
#5070,#5071,#5072,#5073,#5074,#5075,#5076,#5077,#5078,#5079,#5080,#5081,
#5082,#5083,#5084,#5085,#5086,#5087,#5088,#5089,#5090,#5091,#5092,#5093,
#5094,#5095,#5096,#5097,#5098,#5099,#5100,#5101,#5102,#5103,#5104,#5105,
#5106,#5107,#5108,#5109,#5110,#5111,#5112,#5113,#5114,#5115,#5116,#5117,
#5118),.UNSPECIFIED.,.F.,.F.,(4,3,3,3,3,3,3,3,3,3,3,3,3,3,3,3,3,3,3,3,3,
3,3,3,3,3,3,3,3,3,3,3,3,3,3,3,3,3,3,3,3,3,3,3,3,3,3,3,3,3,3,3,3,3,3,3,3,
3,3,3,3,3,3,3,3,3,4),(-20.,-19.7335748646555,-19.1887505549395,-18.5301177478895,
-17.9833284023266,-17.4076647705811,-16.5435530274414,-15.9853072651978,
-15.4126514171417,-14.5635462253316,-14.0053094008192,-13.426964534678,
-12.85380975054,-12.3137465062993,-11.6828192220747,-11.1528263047518,-10.5025349029396,
-9.86937056313553,-9.32726064686496,-8.59991760402226,-8.06181980339977,
-7.46847186776254,-6.63303665894671,-6.09727462564704,-5.50516168099584,
-4.95447595559149,-4.39993536349682,-3.82790835999768,-3.28942056481115,
-2.58254865433359,-2.01727733228066,-1.42994554254146,-0.764060034465946,
-0.240411457670257,0.396994624340379,0.935832554387582,1.50927479287746,
2.08548866844986,2.64381059866549,3.44656561084027,3.99095861773159,4.55895525406484,
5.35117961709919,5.8940287340483,6.49110273919263,7.04162717302565,7.60528083856908,
8.3532759712863,8.89945277139779,9.5154824410596,10.467594777868,11.0234230804587,
11.5863820640694,12.1543273558871,12.695426748657,13.381666474018,13.9177365794637,
14.5223471125423,15.1340986824584,15.6666552125132,16.287785916529,16.8171667761267,
17.4829461363421,18.0779135353316,18.6385999397105,19.4453725502532,20.),
 .UNSPECIFIED.);
#29=FACE_OUTER_BOUND('',#45,.T.);
#30=FACE_OUTER_BOUND('',#46,.T.);
#31=FACE_OUTER_BOUND('',#47,.T.);
#32=FACE_OUTER_BOUND('',#48,.T.);
#33=FACE_OUTER_BOUND('',#49,.T.);
#34=FACE_OUTER_BOUND('',#50,.T.);
#35=FACE_OUTER_BOUND('',#51,.T.);
#36=FACE_OUTER_BOUND('',#52,.T.);
#37=FACE_OUTER_BOUND('',#53,.T.);
#38=FACE_OUTER_BOUND('',#54,.T.);
#39=FACE_OUTER_BOUND('',#57,.T.);
#40=FACE_OUTER_BOUND('',#58,.T.);
#41=FACE_OUTER_BOUND('',#59,.T.);
#42=FACE_OUTER_BOUND('',#60,.T.);
#43=FACE_OUTER_BOUND('',#61,.T.);
#44=FACE_OUTER_BOUND('',#62,.T.);
#45=EDGE_LOOP('',(#203,#204,#205,#206));
#46=EDGE_LOOP('',(#207,#208,#209,#210));
#47=EDGE_LOOP('',(#211,#212,#213,#214));
#48=EDGE_LOOP('',(#215,#216,#217,#218));
#49=EDGE_LOOP('',(#219,#220,#221,#222));
#50=EDGE_LOOP('',(#223,#224,#225,#226));
#51=EDGE_LOOP('',(#227,#228,#229,#230));
#52=EDGE_LOOP('',(#231,#232,#233,#234));
#53=EDGE_LOOP('',(#235,#236,#237,#238));
#54=EDGE_LOOP('',(#239));
#55=EDGE_LOOP('',(#240,#241,#242,#243,#244,#245,#246,#247,#248));
#56=EDGE_LOOP('',(#249,#250,#251,#252));
#57=EDGE_LOOP('',(#253,#254,#255,#256));
#58=EDGE_LOOP('',(#257,#258,#259,#260));
#59=EDGE_LOOP('',(#261,#262,#263,#264));
#60=EDGE_LOOP('',(#265,#266,#267,#268));
#61=EDGE_LOOP('',(#269,#270,#271,#272));
#62=EDGE_LOOP('',(#273));
#63=EDGE_LOOP('',(#274,#275,#276,#277));
#64=EDGE_LOOP('',(#278,#279,#280,#281,#282,#283,#284,#285,#286));
#65=LINE('',#425,#100);
#66=LINE('',#427,#101);
#67=LINE('',#429,#102);
#68=LINE('',#430,#103);
#69=LINE('',#434,#104);
#70=LINE('',#436,#105);
#71=LINE('',#438,#106);
#72=LINE('',#439,#107);
#73=LINE('',#442,#108);
#74=LINE('',#444,#109);
#75=LINE('',#445,#110);
#76=LINE('',#448,#111);
#77=LINE('',#450,#112);
#78=LINE('',#451,#113);
#79=LINE('',#454,#114);
#80=LINE('',#456,#115);
#81=LINE('',#457,#116);
#82=LINE('',#460,#117);
#83=LINE('',#468,#118);
#84=LINE('',#3357,#119);
#85=LINE('',#4919,#120);
#86=LINE('',#5119,#121);
#87=LINE('',#5121,#122);
#88=LINE('',#5122,#123);
#89=LINE('',#5127,#124);
#90=LINE('',#5129,#125);
#91=LINE('',#5130,#126);
#92=LINE('',#5131,#127);
#93=LINE('',#5134,#128);
#94=LINE('',#5135,#129);
#95=LINE('',#5138,#130);
#96=LINE('',#5139,#131);
#97=LINE('',#5141,#132);
#98=LINE('',#5143,#133);
#99=LINE('',#5147,#134);
#100=VECTOR('',#356,10.);
#101=VECTOR('',#357,10.);
#102=VECTOR('',#358,10.);
#103=VECTOR('',#359,10.);
#104=VECTOR('',#362,10.);
#105=VECTOR('',#363,10.);
#106=VECTOR('',#364,10.);
#107=VECTOR('',#365,10.);
#108=VECTOR('',#368,10.);
#109=VECTOR('',#369,10.);
#110=VECTOR('',#370,10.);
#111=VECTOR('',#373,10.);
#112=VECTOR('',#374,10.);
#113=VECTOR('',#375,10.);
#114=VECTOR('',#378,10.);
#115=VECTOR('',#379,10.);
#116=VECTOR('',#380,10.);
#117=VECTOR('',#383,10.);
#118=VECTOR('',#384,10.);
#119=VECTOR('',#385,10.);
#120=VECTOR('',#386,10.);
#121=VECTOR('',#387,10.);
#122=VECTOR('',#390,10.);
#123=VECTOR('',#391,10.);
#124=VECTOR('',#396,10.);
#125=VECTOR('',#397,10.);
#126=VECTOR('',#398,10.);
#127=VECTOR('',#399,10.);
#128=VECTOR('',#402,10.);
#129=VECTOR('',#403,10.);
#130=VECTOR('',#406,10.);
#131=VECTOR('',#407,10.);
#132=VECTOR('',#410,10.);
#133=VECTOR('',#413,10.);
#134=VECTOR('',#418,30.25);
#135=VERTEX_POINT('',#423);
#136=VERTEX_POINT('',#424);
#137=VERTEX_POINT('',#426);
#138=VERTEX_POINT('',#428);
#139=VERTEX_POINT('',#432);
#140=VERTEX_POINT('',#433);
#141=VERTEX_POINT('',#435);
#142=VERTEX_POINT('',#437);
#143=VERTEX_POINT('',#441);
#144=VERTEX_POINT('',#443);
#145=VERTEX_POINT('',#447);
#146=VERTEX_POINT('',#449);
#147=VERTEX_POINT('',#453);
#148=VERTEX_POINT('',#455);
#149=VERTEX_POINT('',#459);
#150=VERTEX_POINT('',#461);
#151=VERTEX_POINT('',#2393);
#152=VERTEX_POINT('',#3356);
#153=VERTEX_POINT('',#4718);
#154=VERTEX_POINT('',#4918);
#155=VERTEX_POINT('',#5124);
#156=VERTEX_POINT('',#5126);
#157=VERTEX_POINT('',#5128);
#158=VERTEX_POINT('',#5133);
#159=VERTEX_POINT('',#5137);
#160=VERTEX_POINT('',#5145);
#161=EDGE_CURVE('',#135,#136,#65,.T.);
#162=EDGE_CURVE('',#137,#135,#66,.T.);
#163=EDGE_CURVE('',#138,#137,#67,.T.);
#164=EDGE_CURVE('',#136,#138,#68,.T.);
#165=EDGE_CURVE('',#139,#140,#69,.T.);
#166=EDGE_CURVE('',#141,#139,#70,.T.);
#167=EDGE_CURVE('',#142,#141,#71,.T.);
#168=EDGE_CURVE('',#140,#142,#72,.T.);
#169=EDGE_CURVE('',#143,#135,#73,.T.);
#170=EDGE_CURVE('',#143,#144,#74,.T.);
#171=EDGE_CURVE('',#137,#144,#75,.T.);
#172=EDGE_CURVE('',#145,#142,#76,.T.);
#173=EDGE_CURVE('',#146,#145,#77,.T.);
#174=EDGE_CURVE('',#140,#146,#78,.T.);
#175=EDGE_CURVE('',#147,#138,#79,.T.);
#176=EDGE_CURVE('',#148,#147,#80,.T.);
#177=EDGE_CURVE('',#136,#148,#81,.T.);
#178=EDGE_CURVE('',#149,#139,#82,.T.);
#179=EDGE_CURVE('',#149,#150,#24,.T.);
#180=EDGE_CURVE('',#141,#150,#83,.T.);
#181=EDGE_CURVE('',#151,#149,#25,.T.);
#182=EDGE_CURVE('',#151,#152,#84,.T.);
#183=EDGE_CURVE('',#150,#152,#26,.T.);
#184=EDGE_CURVE('',#153,#146,#27,.T.);
#185=EDGE_CURVE('',#154,#153,#85,.T.);
#186=EDGE_CURVE('',#145,#154,#28,.T.);
#187=EDGE_CURVE('',#146,#145,#86,.T.);
#188=EDGE_CURVE('',#146,#151,#87,.T.);
#189=EDGE_CURVE('',#152,#145,#88,.T.);
#190=EDGE_CURVE('',#155,#155,#20,.T.);
#191=EDGE_CURVE('',#146,#156,#89,.T.);
#192=EDGE_CURVE('',#156,#157,#90,.T.);
#193=EDGE_CURVE('',#157,#153,#91,.T.);
#194=EDGE_CURVE('',#148,#143,#92,.T.);
#195=EDGE_CURVE('',#158,#145,#93,.T.);
#196=EDGE_CURVE('',#156,#158,#94,.T.);
#197=EDGE_CURVE('',#159,#158,#95,.T.);
#198=EDGE_CURVE('',#157,#159,#96,.T.);
#199=EDGE_CURVE('',#154,#159,#97,.T.);
#200=EDGE_CURVE('',#144,#147,#98,.T.);
#201=EDGE_CURVE('',#160,#160,#21,.T.);
#202=EDGE_CURVE('',#160,#155,#99,.T.);
#203=ORIENTED_EDGE('',*,*,#161,.F.);
#204=ORIENTED_EDGE('',*,*,#162,.F.);
#205=ORIENTED_EDGE('',*,*,#163,.F.);
#206=ORIENTED_EDGE('',*,*,#164,.F.);
#207=ORIENTED_EDGE('',*,*,#165,.F.);
#208=ORIENTED_EDGE('',*,*,#166,.F.);
#209=ORIENTED_EDGE('',*,*,#167,.F.);
#210=ORIENTED_EDGE('',*,*,#168,.F.);
#211=ORIENTED_EDGE('',*,*,#162,.T.);
#212=ORIENTED_EDGE('',*,*,#169,.F.);
#213=ORIENTED_EDGE('',*,*,#170,.T.);
#214=ORIENTED_EDGE('',*,*,#171,.F.);
#215=ORIENTED_EDGE('',*,*,#168,.T.);
#216=ORIENTED_EDGE('',*,*,#172,.F.);
#217=ORIENTED_EDGE('',*,*,#173,.F.);
#218=ORIENTED_EDGE('',*,*,#174,.F.);
#219=ORIENTED_EDGE('',*,*,#164,.T.);
#220=ORIENTED_EDGE('',*,*,#175,.F.);
#221=ORIENTED_EDGE('',*,*,#176,.F.);
#222=ORIENTED_EDGE('',*,*,#177,.F.);
#223=ORIENTED_EDGE('',*,*,#166,.T.);
#224=ORIENTED_EDGE('',*,*,#178,.F.);
#225=ORIENTED_EDGE('',*,*,#179,.T.);
#226=ORIENTED_EDGE('',*,*,#180,.F.);
#227=ORIENTED_EDGE('',*,*,#179,.F.);
#228=ORIENTED_EDGE('',*,*,#181,.F.);
#229=ORIENTED_EDGE('',*,*,#182,.T.);
#230=ORIENTED_EDGE('',*,*,#183,.F.);
#231=ORIENTED_EDGE('',*,*,#184,.F.);
#232=ORIENTED_EDGE('',*,*,#185,.F.);
#233=ORIENTED_EDGE('',*,*,#186,.F.);
#234=ORIENTED_EDGE('',*,*,#187,.F.);
#235=ORIENTED_EDGE('',*,*,#188,.F.);
#236=ORIENTED_EDGE('',*,*,#187,.T.);
#237=ORIENTED_EDGE('',*,*,#189,.F.);
#238=ORIENTED_EDGE('',*,*,#182,.F.);
#239=ORIENTED_EDGE('',*,*,#190,.T.);
#240=ORIENTED_EDGE('',*,*,#174,.T.);
#241=ORIENTED_EDGE('',*,*,#191,.T.);
#242=ORIENTED_EDGE('',*,*,#192,.T.);
#243=ORIENTED_EDGE('',*,*,#193,.T.);
#244=ORIENTED_EDGE('',*,*,#184,.T.);
#245=ORIENTED_EDGE('',*,*,#188,.T.);
#246=ORIENTED_EDGE('',*,*,#181,.T.);
#247=ORIENTED_EDGE('',*,*,#178,.T.);
#248=ORIENTED_EDGE('',*,*,#165,.T.);
#249=ORIENTED_EDGE('',*,*,#161,.T.);
#250=ORIENTED_EDGE('',*,*,#177,.T.);
#251=ORIENTED_EDGE('',*,*,#194,.T.);
#252=ORIENTED_EDGE('',*,*,#169,.T.);
#253=ORIENTED_EDGE('',*,*,#173,.T.);
#254=ORIENTED_EDGE('',*,*,#195,.F.);
#255=ORIENTED_EDGE('',*,*,#196,.F.);
#256=ORIENTED_EDGE('',*,*,#191,.F.);
#257=ORIENTED_EDGE('',*,*,#192,.F.);
#258=ORIENTED_EDGE('',*,*,#196,.T.);
#259=ORIENTED_EDGE('',*,*,#197,.F.);
#260=ORIENTED_EDGE('',*,*,#198,.F.);
#261=ORIENTED_EDGE('',*,*,#185,.T.);
#262=ORIENTED_EDGE('',*,*,#193,.F.);
#263=ORIENTED_EDGE('',*,*,#198,.T.);
#264=ORIENTED_EDGE('',*,*,#199,.F.);
#265=ORIENTED_EDGE('',*,*,#194,.F.);
#266=ORIENTED_EDGE('',*,*,#176,.T.);
#267=ORIENTED_EDGE('',*,*,#200,.F.);
#268=ORIENTED_EDGE('',*,*,#170,.F.);
#269=ORIENTED_EDGE('',*,*,#201,.F.);
#270=ORIENTED_EDGE('',*,*,#202,.T.);
#271=ORIENTED_EDGE('',*,*,#190,.F.);
#272=ORIENTED_EDGE('',*,*,#202,.F.);
#273=ORIENTED_EDGE('',*,*,#201,.T.);
#274=ORIENTED_EDGE('',*,*,#171,.T.);
#275=ORIENTED_EDGE('',*,*,#200,.T.);
#276=ORIENTED_EDGE('',*,*,#175,.T.);
#277=ORIENTED_EDGE('',*,*,#163,.T.);
#278=ORIENTED_EDGE('',*,*,#167,.T.);
#279=ORIENTED_EDGE('',*,*,#180,.T.);
#280=ORIENTED_EDGE('',*,*,#183,.T.);
#281=ORIENTED_EDGE('',*,*,#189,.T.);
#282=ORIENTED_EDGE('',*,*,#186,.T.);
#283=ORIENTED_EDGE('',*,*,#199,.T.);
#284=ORIENTED_EDGE('',*,*,#197,.T.);
#285=ORIENTED_EDGE('',*,*,#195,.T.);
#286=ORIENTED_EDGE('',*,*,#172,.T.);
#287=PLANE('',#336);
#288=PLANE('',#337);
#289=PLANE('',#338);
#290=PLANE('',#339);
#291=PLANE('',#340);
#292=PLANE('',#341);
#293=PLANE('',#342);
#294=PLANE('',#343);
#295=PLANE('',#345);
#296=PLANE('',#346);
#297=PLANE('',#347);
#298=PLANE('',#348);
#299=PLANE('',#351);
#300=ADVANCED_FACE('',(#29),#287,.T.);
#301=ADVANCED_FACE('',(#30),#288,.T.);
#302=ADVANCED_FACE('',(#31),#289,.T.);
#303=ADVANCED_FACE('',(#32),#290,.T.);
#304=ADVANCED_FACE('',(#33),#291,.T.);
#305=ADVANCED_FACE('',(#34),#292,.T.);
#306=ADVANCED_FACE('',(#35),#22,.T.);
#307=ADVANCED_FACE('',(#36),#23,.T.);
#308=ADVANCED_FACE('',(#37),#293,.T.);
#309=ADVANCED_FACE('',(#38,#16,#17),#294,.T.);
#310=ADVANCED_FACE('',(#39),#295,.T.);
#311=ADVANCED_FACE('',(#40),#296,.T.);
#312=ADVANCED_FACE('',(#41),#297,.T.);
#313=ADVANCED_FACE('',(#42),#298,.T.);
#314=ADVANCED_FACE('',(#43),#15,.T.);
#315=ADVANCED_FACE('',(#44,#18,#19),#299,.F.);
#316=CLOSED_SHELL('',(#300,#301,#302,#303,#304,#305,#306,#307,#308,#309,
#310,#311,#312,#313,#314,#315));
#317=DERIVED_UNIT_ELEMENT(#319,1.);
#318=DERIVED_UNIT_ELEMENT(#5154,-3.);
#319=(
MASS_UNIT()
NAMED_UNIT(*)
SI_UNIT($,.GRAM.)
);
#320=DERIVED_UNIT((#317,#318));
#321=MEASURE_REPRESENTATION_ITEM('density measure',
POSITIVE_RATIO_MEASURE(1.),#320);
#322=PROPERTY_DEFINITION_REPRESENTATION(#327,#324);
#323=PROPERTY_DEFINITION_REPRESENTATION(#328,#325);
#324=REPRESENTATION('material name',(#326),#5151);
#325=REPRESENTATION('density',(#321),#5151);
#326=DESCRIPTIVE_REPRESENTATION_ITEM('\X2\4E00822C\X0\','\X2\4E00822C\X0\');
#327=PROPERTY_DEFINITION('material property','material name',#5161);
#328=PROPERTY_DEFINITION('material property','density of part',#5161);
#329=DATE_TIME_ROLE('creation_date');
#330=APPLIED_DATE_AND_TIME_ASSIGNMENT(#331,#329,(#5161));
#331=DATE_AND_TIME(#332,#333);
#332=CALENDAR_DATE(2026,6,1);
#333=LOCAL_TIME(0,0,0.,#334);
#334=COORDINATED_UNIVERSAL_TIME_OFFSET(0,0,.BEHIND.);
#335=AXIS2_PLACEMENT_3D('placement',#421,#352,#353);
#336=AXIS2_PLACEMENT_3D('',#422,#354,#355);
#337=AXIS2_PLACEMENT_3D('',#431,#360,#361);
#338=AXIS2_PLACEMENT_3D('',#440,#366,#367);
#339=AXIS2_PLACEMENT_3D('',#446,#371,#372);
#340=AXIS2_PLACEMENT_3D('',#452,#376,#377);
#341=AXIS2_PLACEMENT_3D('',#458,#381,#382);
#342=AXIS2_PLACEMENT_3D('',#5120,#388,#389);
#343=AXIS2_PLACEMENT_3D('',#5123,#392,#393);
#344=AXIS2_PLACEMENT_3D('',#5125,#394,#395);
#345=AXIS2_PLACEMENT_3D('',#5132,#400,#401);
#346=AXIS2_PLACEMENT_3D('',#5136,#404,#405);
#347=AXIS2_PLACEMENT_3D('',#5140,#408,#409);
#348=AXIS2_PLACEMENT_3D('',#5142,#411,#412);
#349=AXIS2_PLACEMENT_3D('',#5144,#414,#415);
#350=AXIS2_PLACEMENT_3D('',#5146,#416,#417);
#351=AXIS2_PLACEMENT_3D('',#5148,#419,#420);
#352=DIRECTION('axis',(0.,0.,1.));
#353=DIRECTION('refdir',(1.,0.,0.));
#354=DIRECTION('center_axis',(0.,1.,0.));
#355=DIRECTION('ref_axis',(1.,0.,0.));
#356=DIRECTION('',(-1.,0.,0.));
#357=DIRECTION('',(0.,0.,1.));
#358=DIRECTION('',(1.,0.,0.));
#359=DIRECTION('',(0.,0.,-1.));
#360=DIRECTION('center_axis',(0.,-1.,0.));
#361=DIRECTION('ref_axis',(-1.,0.,0.));
#362=DIRECTION('',(1.,0.,0.));
#363=DIRECTION('',(0.,0.,1.));
#364=DIRECTION('',(-1.,0.,0.));
#365=DIRECTION('',(0.,0.,-1.));
#366=DIRECTION('center_axis',(-1.,0.,0.));
#367=DIRECTION('ref_axis',(0.,1.,0.));
#368=DIRECTION('',(0.,-1.,0.));
#369=DIRECTION('',(0.,0.,-1.));
#370=DIRECTION('',(0.,1.,0.));
#371=DIRECTION('center_axis',(-1.,0.,0.));
#372=DIRECTION('ref_axis',(0.,1.,0.));
#373=DIRECTION('',(0.,1.,0.));
#374=DIRECTION('',(0.,0.,-1.));
#375=DIRECTION('',(0.,-1.,0.));
#376=DIRECTION('center_axis',(1.,0.,0.));
#377=DIRECTION('ref_axis',(0.,-1.,0.));
#378=DIRECTION('',(0.,-1.,0.));
#379=DIRECTION('',(0.,0.,-1.));
#380=DIRECTION('',(0.,1.,0.));
#381=DIRECTION('center_axis',(1.,0.,0.));
#382=DIRECTION('ref_axis',(0.,-1.,0.));
#383=DIRECTION('',(0.,1.,0.));
#384=DIRECTION('',(0.,-1.,0.));
#385=DIRECTION('',(0.,0.,-1.));
#386=DIRECTION('',(0.,0.,1.));
#387=DIRECTION('',(0.,0.,-1.));
#388=DIRECTION('center_axis',(0.577485849011963,0.816400694629134,0.));
#389=DIRECTION('ref_axis',(0.816400694629134,-0.577485849011963,0.));
#390=DIRECTION('',(-0.816400694629134,0.577485849011963,0.));
#391=DIRECTION('',(0.816400694629134,-0.577485849011963,0.));
#392=DIRECTION('center_axis',(0.,0.,1.));
#393=DIRECTION('ref_axis',(1.,0.,0.));
#394=DIRECTION('center_axis',(0.,0.,1.));
#395=DIRECTION('ref_axis',(1.,0.,0.));
#396=DIRECTION('',(0.,-1.,0.));
#397=DIRECTION('',(-1.,0.,0.));
#398=DIRECTION('',(0.,1.,0.));
#399=DIRECTION('',(1.,0.,0.));
#400=DIRECTION('center_axis',(-1.,0.,0.));
#401=DIRECTION('ref_axis',(0.,1.,0.));
#402=DIRECTION('',(0.,1.,0.));
#403=DIRECTION('',(0.,0.,-1.));
#404=DIRECTION('center_axis',(0.,1.,0.));
#405=DIRECTION('ref_axis',(1.,0.,0.));
#406=DIRECTION('',(1.,0.,0.));
#407=DIRECTION('',(0.,0.,-1.));
#408=DIRECTION('center_axis',(1.,0.,0.));
#409=DIRECTION('ref_axis',(0.,-1.,0.));
#410=DIRECTION('',(0.,-1.,0.));
#411=DIRECTION('center_axis',(0.,-1.,0.));
#412=DIRECTION('ref_axis',(-1.,0.,0.));
#413=DIRECTION('',(-1.,0.,0.));
#414=DIRECTION('center_axis',(0.,0.,-1.));
#415=DIRECTION('ref_axis',(1.,0.,0.));
#416=DIRECTION('center_axis',(0.,0.,-1.));
#417=DIRECTION('ref_axis',(1.,0.,0.));
#418=DIRECTION('',(0.,0.,1.));
#419=DIRECTION('center_axis',(0.,0.,1.));
#420=DIRECTION('ref_axis',(1.,0.,0.));
#421=CARTESIAN_POINT('',(0.,0.,0.));
#422=CARTESIAN_POINT('Origin',(-20.,1.09968886990084,0.));
#423=CARTESIAN_POINT('',(20.,1.09968886990084,0.));
#424=CARTESIAN_POINT('',(-20.,1.09968886990084,0.));
#425=CARTESIAN_POINT('',(20.,1.09968886990084,0.));
#426=CARTESIAN_POINT('',(20.,1.09968886990084,-80.));
#427=CARTESIAN_POINT('',(20.,1.09968886990084,0.));
#428=CARTESIAN_POINT('',(-20.,1.09968886990084,-80.));
#429=CARTESIAN_POINT('',(20.,1.09968886990084,-80.));
#430=CARTESIAN_POINT('',(-20.,1.09968886990084,0.));
#431=CARTESIAN_POINT('Origin',(20.,1.,0.));
#432=CARTESIAN_POINT('',(-20.,1.,0.));
#433=CARTESIAN_POINT('',(20.,1.,0.));
#434=CARTESIAN_POINT('',(-20.,1.,0.));
#435=CARTESIAN_POINT('',(-20.,1.,-80.));
#436=CARTESIAN_POINT('',(-20.,1.,0.));
#437=CARTESIAN_POINT('',(20.,1.,-80.));
#438=CARTESIAN_POINT('',(-20.,1.,-80.));
#439=CARTESIAN_POINT('',(20.,1.,0.));
#440=CARTESIAN_POINT('Origin',(20.,-19.0919260615,0.));
#441=CARTESIAN_POINT('',(20.,19.0919260615,0.));
#442=CARTESIAN_POINT('',(20.,19.0919260615,0.));
#443=CARTESIAN_POINT('',(20.,19.0919260615,-80.));
#444=CARTESIAN_POINT('',(20.,19.0919260615,0.));
#445=CARTESIAN_POINT('',(20.,19.0919260615,-80.));
#446=CARTESIAN_POINT('Origin',(20.,-19.0919260615,0.));
#447=CARTESIAN_POINT('',(20.,0.44992304589603,-80.));
#448=CARTESIAN_POINT('',(20.,19.0919260615,-80.));
#449=CARTESIAN_POINT('',(20.,0.44992304589603,0.));
#450=CARTESIAN_POINT('',(20.,0.44992304589603,0.));
#451=CARTESIAN_POINT('',(20.,19.0919260615,0.));
#452=CARTESIAN_POINT('Origin',(-20.,19.0919260615,0.));
#453=CARTESIAN_POINT('',(-20.,19.0919260615,-80.));
#454=CARTESIAN_POINT('',(-20.,-19.0919260615,-80.));
#455=CARTESIAN_POINT('',(-20.,19.0919260615,0.));
#456=CARTESIAN_POINT('',(-20.,19.0919260615,0.));
#457=CARTESIAN_POINT('',(-20.,-19.0919260615,0.));
#458=CARTESIAN_POINT('Origin',(-20.,19.0919260615,0.));
#459=CARTESIAN_POINT('',(-20.,0.621886102299813,0.));
#460=CARTESIAN_POINT('',(-20.,-19.0919260615,0.));
#461=CARTESIAN_POINT('',(-20.,0.621886102299813,-80.));
#462=CARTESIAN_POINT('Ctrl Pts',(-20.,0.621886102299813,0.));
#463=CARTESIAN_POINT('Ctrl Pts',(-20.,0.621886102299813,-13.3333333333333));
#464=CARTESIAN_POINT('Ctrl Pts',(-20.,0.621886102299813,-26.6666666666667));
#465=CARTESIAN_POINT('Ctrl Pts',(-20.,0.621886102299813,-53.3333333333333));
#466=CARTESIAN_POINT('Ctrl Pts',(-20.,0.621886102299813,-66.6666666666667));
#467=CARTESIAN_POINT('Ctrl Pts',(-20.,0.621886102299813,-80.));
#468=CARTESIAN_POINT('',(-20.,-19.0919260615,-80.));
#469=CARTESIAN_POINT('Ctrl Pts',(-20.0816400694629,0.507719395413483,0.));
#470=CARTESIAN_POINT('Ctrl Pts',(-20.0816400694629,0.507719395413483,-80.));
#471=CARTESIAN_POINT('Ctrl Pts',(-20.0469176896223,0.556806961921901,0.));
#472=CARTESIAN_POINT('Ctrl Pts',(-20.0469176896223,0.556806961921901,-80.));
#473=CARTESIAN_POINT('Ctrl Pts',(-19.9765227525696,0.656324456181267,0.));
#474=CARTESIAN_POINT('Ctrl Pts',(-19.9765227525696,0.656324456181267,-80.));
#475=CARTESIAN_POINT('Ctrl Pts',(-19.8856039978033,0.771447302677525,0.));
#476=CARTESIAN_POINT('Ctrl Pts',(-19.8856039978033,0.771447302677525,-80.));
#477=CARTESIAN_POINT('Ctrl Pts',(-19.799972988917,0.861522004887426,0.));
#478=CARTESIAN_POINT('Ctrl Pts',(-19.799972988917,0.861522004887426,-80.));
#479=CARTESIAN_POINT('Ctrl Pts',(-19.7397267489651,0.912451705833845,0.));
#480=CARTESIAN_POINT('Ctrl Pts',(-19.7397267489651,0.912451705833845,-80.));
#481=CARTESIAN_POINT('Ctrl Pts',(-19.6806407085164,0.950101163653494,0.));
#482=CARTESIAN_POINT('Ctrl Pts',(-19.6806407085164,0.950101163653494,-80.));
#483=CARTESIAN_POINT('Ctrl Pts',(-19.6469019082182,0.967188013103093,0.));
#484=CARTESIAN_POINT('Ctrl Pts',(-19.6469019082182,0.967188013103093,-80.));
#485=CARTESIAN_POINT('Ctrl Pts',(-19.6119083775779,0.980977114166086,0.));
#486=CARTESIAN_POINT('Ctrl Pts',(-19.6119083775779,0.980977114166086,-80.));
#487=CARTESIAN_POINT('Ctrl Pts',(-19.5879723508765,0.988416173940617,0.));
#488=CARTESIAN_POINT('Ctrl Pts',(-19.5879723508765,0.988416173940617,-80.));
#489=CARTESIAN_POINT('Ctrl Pts',(-19.557422202727,0.995283071398832,0.));
#490=CARTESIAN_POINT('Ctrl Pts',(-19.557422202727,0.995283071398832,-80.));
#491=CARTESIAN_POINT('Ctrl Pts',(-19.5325656420902,0.99873985768391,0.));
#492=CARTESIAN_POINT('Ctrl Pts',(-19.5325656420902,0.99873985768391,-80.));
#493=CARTESIAN_POINT('Ctrl Pts',(-19.5012558251163,1.00036895214087,0.));
#494=CARTESIAN_POINT('Ctrl Pts',(-19.5012558251163,1.00036895214087,-80.));
#495=CARTESIAN_POINT('Ctrl Pts',(-19.4761565389846,0.99949257188885,0.));
#496=CARTESIAN_POINT('Ctrl Pts',(-19.4761565389846,0.99949257188885,-80.));
#497=CARTESIAN_POINT('Ctrl Pts',(-19.445046992838,0.995712032025752,0.));
#498=CARTESIAN_POINT('Ctrl Pts',(-19.445046992838,0.995712032025752,-80.));
#499=CARTESIAN_POINT('Ctrl Pts',(-19.4204960097171,0.990597342480571,0.));
#500=CARTESIAN_POINT('Ctrl Pts',(-19.4204960097171,0.990597342480571,-80.));
#501=CARTESIAN_POINT('Ctrl Pts',(-19.3904542409753,0.981789438698146,0.));
#502=CARTESIAN_POINT('Ctrl Pts',(-19.3904542409753,0.981789438698146,-80.));
#503=CARTESIAN_POINT('Ctrl Pts',(-19.3669969644643,0.972913802716215,0.));
#504=CARTESIAN_POINT('Ctrl Pts',(-19.3669969644643,0.972913802716215,-80.));
#505=CARTESIAN_POINT('Ctrl Pts',(-19.321339848173,0.951894966303924,0.));
#506=CARTESIAN_POINT('Ctrl Pts',(-19.321339848173,0.951894966303924,-80.));
#507=CARTESIAN_POINT('Ctrl Pts',(-19.2674159251739,0.917959766730823,0.));
#508=CARTESIAN_POINT('Ctrl Pts',(-19.2674159251739,0.917959766730823,-80.));
#509=CARTESIAN_POINT('Ctrl Pts',(-19.1821574052396,0.845681655588068,0.));
#510=CARTESIAN_POINT('Ctrl Pts',(-19.1821574052396,0.845681655588068,-80.));
#511=CARTESIAN_POINT('Ctrl Pts',(-19.1071451242087,0.76222217069629,0.));
#512=CARTESIAN_POINT('Ctrl Pts',(-19.1071451242087,0.76222217069629,-80.));
#513=CARTESIAN_POINT('Ctrl Pts',(-19.016535062848,0.646019095046895,0.));
#514=CARTESIAN_POINT('Ctrl Pts',(-19.016535062848,0.646019095046895,-80.));
#515=CARTESIAN_POINT('Ctrl Pts',(-18.9459731857686,0.546820666855892,0.));
#516=CARTESIAN_POINT('Ctrl Pts',(-18.9459731857686,0.546820666855892,-80.));
#517=CARTESIAN_POINT('Ctrl Pts',(-18.8595292593351,0.424325715128395,0.));
#518=CARTESIAN_POINT('Ctrl Pts',(-18.8595292593351,0.424325715128395,-80.));
#519=CARTESIAN_POINT('Ctrl Pts',(-18.791830190651,0.331619970488998,0.));
#520=CARTESIAN_POINT('Ctrl Pts',(-18.791830190651,0.331619970488998,-80.));
#521=CARTESIAN_POINT('Ctrl Pts',(-18.7182207619024,0.24208089923302,0.));
#522=CARTESIAN_POINT('Ctrl Pts',(-18.7182207619024,0.24208089923302,-80.));
#523=CARTESIAN_POINT('Ctrl Pts',(-18.6711192770047,0.192980789281458,0.));
#524=CARTESIAN_POINT('Ctrl Pts',(-18.6711192770047,0.192980789281458,-80.));
#525=CARTESIAN_POINT('Ctrl Pts',(-18.626826751184,0.154465563726686,0.));
#526=CARTESIAN_POINT('Ctrl Pts',(-18.626826751184,0.154465563726686,-80.));
#527=CARTESIAN_POINT('Ctrl Pts',(-18.5990132779831,0.134314157177622,0.));
#528=CARTESIAN_POINT('Ctrl Pts',(-18.5990132779831,0.134314157177622,-80.));
#529=CARTESIAN_POINT('Ctrl Pts',(-18.5702832649853,0.117902505097114,0.));
#530=CARTESIAN_POINT('Ctrl Pts',(-18.5702832649853,0.117902505097114,-80.));
#531=CARTESIAN_POINT('Ctrl Pts',(-18.5527095271156,0.110267897322525,0.));
#532=CARTESIAN_POINT('Ctrl Pts',(-18.5527095271156,0.110267897322525,-80.));
#533=CARTESIAN_POINT('Ctrl Pts',(-18.536340286301,0.104930796405507,0.));
#534=CARTESIAN_POINT('Ctrl Pts',(-18.536340286301,0.104930796405507,-80.));
#535=CARTESIAN_POINT('Ctrl Pts',(-18.5259822949733,0.102443672533316,0.));
#536=CARTESIAN_POINT('Ctrl Pts',(-18.5259822949733,0.102443672533316,-80.));
#537=CARTESIAN_POINT('Ctrl Pts',(-18.513534768426,0.100509643591002,0.));
#538=CARTESIAN_POINT('Ctrl Pts',(-18.513534768426,0.100509643591002,-80.));
#539=CARTESIAN_POINT('Ctrl Pts',(-18.503862372637,0.0998447380006121,0.));
#540=CARTESIAN_POINT('Ctrl Pts',(-18.503862372637,0.0998447380006121,-80.));
#541=CARTESIAN_POINT('Ctrl Pts',(-18.4918100564228,0.100054090477389,0.));
#542=CARTESIAN_POINT('Ctrl Pts',(-18.4918100564228,0.100054090477389,-80.));
#543=CARTESIAN_POINT('Ctrl Pts',(-18.4820557692557,0.101061281318372,0.));
#544=CARTESIAN_POINT('Ctrl Pts',(-18.4820557692557,0.101061281318372,-80.));
#545=CARTESIAN_POINT('Ctrl Pts',(-18.46941951359,0.103460846659465,0.));
#546=CARTESIAN_POINT('Ctrl Pts',(-18.46941951359,0.103460846659465,-80.));
#547=CARTESIAN_POINT('Ctrl Pts',(-18.4588545246098,0.106358560009905,0.));
#548=CARTESIAN_POINT('Ctrl Pts',(-18.4588545246098,0.106358560009905,-80.));
#549=CARTESIAN_POINT('Ctrl Pts',(-18.4449161379343,0.111374395987974,0.));
#550=CARTESIAN_POINT('Ctrl Pts',(-18.4449161379343,0.111374395987974,-80.));
#551=CARTESIAN_POINT('Ctrl Pts',(-18.4331493353648,0.116575299423017,0.));
#552=CARTESIAN_POINT('Ctrl Pts',(-18.4331493353648,0.116575299423017,-80.));
#553=CARTESIAN_POINT('Ctrl Pts',(-18.4145586486576,0.126327675496146,0.));
#554=CARTESIAN_POINT('Ctrl Pts',(-18.4145586486576,0.126327675496146,-80.));
#555=CARTESIAN_POINT('Ctrl Pts',(-18.3947509476841,0.138772431013807,0.));
#556=CARTESIAN_POINT('Ctrl Pts',(-18.3947509476841,0.138772431013807,-80.));
#557=CARTESIAN_POINT('Ctrl Pts',(-18.3560509354975,0.168015833994597,0.));
#558=CARTESIAN_POINT('Ctrl Pts',(-18.3560509354975,0.168015833994597,-80.));
#559=CARTESIAN_POINT('Ctrl Pts',(-18.3103480937956,0.21102493668979,0.));
#560=CARTESIAN_POINT('Ctrl Pts',(-18.3103480937956,0.21102493668979,-80.));
#561=CARTESIAN_POINT('Ctrl Pts',(-18.2380749443234,0.293332397336969,0.));
#562=CARTESIAN_POINT('Ctrl Pts',(-18.2380749443234,0.293332397336969,-80.));
#563=CARTESIAN_POINT('Ctrl Pts',(-18.171086392539,0.381846107011248,0.));
#564=CARTESIAN_POINT('Ctrl Pts',(-18.171086392539,0.381846107011248,-80.));
#565=CARTESIAN_POINT('Ctrl Pts',(-18.0853838072559,0.50212855364876,0.));
#566=CARTESIAN_POINT('Ctrl Pts',(-18.0853838072559,0.50212855364876,-80.));
#567=CARTESIAN_POINT('Ctrl Pts',(-18.0153909187118,0.60193432256839,0.));
#568=CARTESIAN_POINT('Ctrl Pts',(-18.0153909187118,0.60193432256839,-80.));
#569=CARTESIAN_POINT('Ctrl Pts',(-17.9347713582943,0.709624459922856,0.));
#570=CARTESIAN_POINT('Ctrl Pts',(-17.9347713582943,0.709624459922856,-80.));
#571=CARTESIAN_POINT('Ctrl Pts',(-17.8797012860592,0.776677114483349,0.));
#572=CARTESIAN_POINT('Ctrl Pts',(-17.8797012860592,0.776677114483349,-80.));
#573=CARTESIAN_POINT('Ctrl Pts',(-17.8228362949054,0.837614373256023,0.));
#574=CARTESIAN_POINT('Ctrl Pts',(-17.8228362949054,0.837614373256023,-80.));
#575=CARTESIAN_POINT('Ctrl Pts',(-17.7838354845844,0.87484001607868,0.));
#576=CARTESIAN_POINT('Ctrl Pts',(-17.7838354845844,0.87484001607868,-80.));
#577=CARTESIAN_POINT('Ctrl Pts',(-17.7331193656318,0.916190756663145,0.));
#578=CARTESIAN_POINT('Ctrl Pts',(-17.7331193656318,0.916190756663145,-80.));
#579=CARTESIAN_POINT('Ctrl Pts',(-17.6906455010395,0.944732800346602,0.));
#580=CARTESIAN_POINT('Ctrl Pts',(-17.6906455010395,0.944732800346602,-80.));
#581=CARTESIAN_POINT('Ctrl Pts',(-17.6401425898567,0.970510416785875,0.));
#582=CARTESIAN_POINT('Ctrl Pts',(-17.6401425898567,0.970510416785875,-80.));
#583=CARTESIAN_POINT('Ctrl Pts',(-17.6048670035219,0.983707235845465,0.));
#584=CARTESIAN_POINT('Ctrl Pts',(-17.6048670035219,0.983707235845465,-80.));
#585=CARTESIAN_POINT('Ctrl Pts',(-17.5684971673122,0.9931266108839,0.));
#586=CARTESIAN_POINT('Ctrl Pts',(-17.5684971673122,0.9931266108839,-80.));
#587=CARTESIAN_POINT('Ctrl Pts',(-17.5437806132095,0.99741969268203,0.));
#588=CARTESIAN_POINT('Ctrl Pts',(-17.5437806132095,0.99741969268203,-80.));
#589=CARTESIAN_POINT('Ctrl Pts',(-17.5125514156463,1.0001284765667,0.));
#590=CARTESIAN_POINT('Ctrl Pts',(-17.5125514156463,1.0001284765667,-80.));
#591=CARTESIAN_POINT('Ctrl Pts',(-17.4874354290835,1.00012682062055,0.));
#592=CARTESIAN_POINT('Ctrl Pts',(-17.4874354290835,1.00012682062055,-80.));
#593=CARTESIAN_POINT('Ctrl Pts',(-17.456206610969,0.99741397180015,0.));
#594=CARTESIAN_POINT('Ctrl Pts',(-17.456206610969,0.99741397180015,-80.));
#595=CARTESIAN_POINT('Ctrl Pts',(-17.431490635575,0.993117758183908,0.));
#596=CARTESIAN_POINT('Ctrl Pts',(-17.431490635575,0.993117758183908,-80.));
#597=CARTESIAN_POINT('Ctrl Pts',(-17.395121954727,0.983693983810144,0.));
#598=CARTESIAN_POINT('Ctrl Pts',(-17.395121954727,0.983693983810144,-80.));
#599=CARTESIAN_POINT('Ctrl Pts',(-17.3598477933701,0.970493207798174,0.));
#600=CARTESIAN_POINT('Ctrl Pts',(-17.3598477933701,0.970493207798174,-80.));
#601=CARTESIAN_POINT('Ctrl Pts',(-17.3093470175589,0.944710497429311,0.));
#602=CARTESIAN_POINT('Ctrl Pts',(-17.3093470175589,0.944710497429311,-80.));
#603=CARTESIAN_POINT('Ctrl Pts',(-17.2668748200642,0.916164659452717,0.));
#604=CARTESIAN_POINT('Ctrl Pts',(-17.2668748200642,0.916164659452717,-80.));
#605=CARTESIAN_POINT('Ctrl Pts',(-17.2161603333982,0.874809812794545,0.));
#606=CARTESIAN_POINT('Ctrl Pts',(-17.2161603333982,0.874809812794545,-80.));
#607=CARTESIAN_POINT('Ctrl Pts',(-17.1771605118185,0.837581326333861,0.));
#608=CARTESIAN_POINT('Ctrl Pts',(-17.1771605118185,0.837581326333861,-80.));
#609=CARTESIAN_POINT('Ctrl Pts',(-17.1202966476603,0.776640400330012,0.));
#610=CARTESIAN_POINT('Ctrl Pts',(-17.1202966476603,0.776640400330012,-80.));
#611=CARTESIAN_POINT('Ctrl Pts',(-17.065227328957,0.709584903084415,0.));
#612=CARTESIAN_POINT('Ctrl Pts',(-17.065227328957,0.709584903084415,-80.));
#613=CARTESIAN_POINT('Ctrl Pts',(-16.9846085746945,0.601892264421729,0.));
#614=CARTESIAN_POINT('Ctrl Pts',(-16.9846085746945,0.601892264421729,-80.));
#615=CARTESIAN_POINT('Ctrl Pts',(-16.914616210535,0.502086359245861,0.));
#616=CARTESIAN_POINT('Ctrl Pts',(-16.914616210535,0.502086359245861,-80.));
#617=CARTESIAN_POINT('Ctrl Pts',(-16.8289143454115,0.38180657557427,0.));
#618=CARTESIAN_POINT('Ctrl Pts',(-16.8289143454115,0.38180657557427,-80.));
#619=CARTESIAN_POINT('Ctrl Pts',(-16.7619265197074,0.293297289433064,0.));
#620=CARTESIAN_POINT('Ctrl Pts',(-16.7619265197074,0.293297289433064,-80.));
#621=CARTESIAN_POINT('Ctrl Pts',(-16.6896547703194,0.210997122417379,0.));
#622=CARTESIAN_POINT('Ctrl Pts',(-16.6896547703194,0.210997122417379,-80.));
#623=CARTESIAN_POINT('Ctrl Pts',(-16.6439534192338,0.167994026713931,0.));
#624=CARTESIAN_POINT('Ctrl Pts',(-16.6439534192338,0.167994026713931,-80.));
#625=CARTESIAN_POINT('Ctrl Pts',(-16.6052553933879,0.138756439492729,0.));
#626=CARTESIAN_POINT('Ctrl Pts',(-16.6052553933879,0.138756439492729,-80.));
#627=CARTESIAN_POINT('Ctrl Pts',(-16.5854489945838,0.126314848335868,0.));
#628=CARTESIAN_POINT('Ctrl Pts',(-16.5854489945838,0.126314848335868,-80.));
#629=CARTESIAN_POINT('Ctrl Pts',(-16.5668597101629,0.11656547664671,0.));
#630=CARTESIAN_POINT('Ctrl Pts',(-16.5668597101629,0.11656547664671,-80.));
#631=CARTESIAN_POINT('Ctrl Pts',(-16.5550938664561,0.11136646709331,0.));
#632=CARTESIAN_POINT('Ctrl Pts',(-16.5550938664561,0.11136646709331,-80.));
#633=CARTESIAN_POINT('Ctrl Pts',(-16.541156618008,0.106352810860914,0.));
#634=CARTESIAN_POINT('Ctrl Pts',(-16.541156618008,0.106352810860914,-80.));
#635=CARTESIAN_POINT('Ctrl Pts',(-16.5305924415882,0.103456678233061,0.));
#636=CARTESIAN_POINT('Ctrl Pts',(-16.5305924415882,0.103456678233061,-80.));
#637=CARTESIAN_POINT('Ctrl Pts',(-16.5179569549734,0.101058900554516,0.));
#638=CARTESIAN_POINT('Ctrl Pts',(-16.5179569549734,0.101058900554516,-80.));
#639=CARTESIAN_POINT('Ctrl Pts',(-16.5082030350027,0.100053015903476,0.));
#640=CARTESIAN_POINT('Ctrl Pts',(-16.5082030350027,0.100053015903476,-80.));
#641=CARTESIAN_POINT('Ctrl Pts',(-16.4961507962932,0.0998452427742865,0.));
#642=CARTESIAN_POINT('Ctrl Pts',(-16.4961507962932,0.0998452427742865,-80.));
#643=CARTESIAN_POINT('Ctrl Pts',(-16.486478151363,0.100511424261603,0.));
#644=CARTESIAN_POINT('Ctrl Pts',(-16.486478151363,0.100511424261603,-80.));
#645=CARTESIAN_POINT('Ctrl Pts',(-16.4740299739426,0.102447175884763,0.));
#646=CARTESIAN_POINT('Ctrl Pts',(-16.4740299739426,0.102447175884763,-80.));
#647=CARTESIAN_POINT('Ctrl Pts',(-16.4636712356879,0.104935815260003,0.));
#648=CARTESIAN_POINT('Ctrl Pts',(-16.4636712356879,0.104935815260003,-80.));
#649=CARTESIAN_POINT('Ctrl Pts',(-16.4473006807538,0.110275435750288,0.));
#650=CARTESIAN_POINT('Ctrl Pts',(-16.4473006807538,0.110275435750288,-80.));
#651=CARTESIAN_POINT('Ctrl Pts',(-16.4297254795601,0.11791288074612,0.));
#652=CARTESIAN_POINT('Ctrl Pts',(-16.4297254795601,0.11791288074612,-80.));
#653=CARTESIAN_POINT('Ctrl Pts',(-16.4009934178283,0.134329172105303,0.));
#654=CARTESIAN_POINT('Ctrl Pts',(-16.4009934178283,0.134329172105303,-80.));
#655=CARTESIAN_POINT('Ctrl Pts',(-16.3731784215583,0.154484859042101,0.));
#656=CARTESIAN_POINT('Ctrl Pts',(-16.3731784215583,0.154484859042101,-80.));
#657=CARTESIAN_POINT('Ctrl Pts',(-16.3288841331747,0.193006221784685,0.));
#658=CARTESIAN_POINT('Ctrl Pts',(-16.3288841331747,0.193006221784685,-80.));
#659=CARTESIAN_POINT('Ctrl Pts',(-16.2817814733447,0.242111850794872,0.));
#660=CARTESIAN_POINT('Ctrl Pts',(-16.2817814733447,0.242111850794872,-80.));
#661=CARTESIAN_POINT('Ctrl Pts',(-16.2081709039323,0.331657310318275,0.));
#662=CARTESIAN_POINT('Ctrl Pts',(-16.2081709039323,0.331657310318275,-80.));
#663=CARTESIAN_POINT('Ctrl Pts',(-16.1404712084614,0.424366569400106,0.));
#664=CARTESIAN_POINT('Ctrl Pts',(-16.1404712084614,0.424366569400106,-80.));
#665=CARTESIAN_POINT('Ctrl Pts',(-16.0540265945832,0.546863049049584,0.));
#666=CARTESIAN_POINT('Ctrl Pts',(-16.0540265945832,0.546863049049584,-80.));
#667=CARTESIAN_POINT('Ctrl Pts',(-15.9834641555708,0.646060468694739,0.));
#668=CARTESIAN_POINT('Ctrl Pts',(-15.9834641555708,0.646060468694739,-80.));
#669=CARTESIAN_POINT('Ctrl Pts',(-15.8928530445869,0.762259791046653,0.));
#670=CARTESIAN_POINT('Ctrl Pts',(-15.8928530445869,0.762259791046653,-80.));
#671=CARTESIAN_POINT('Ctrl Pts',(-15.8178394321168,0.845714529778668,0.));
#672=CARTESIAN_POINT('Ctrl Pts',(-15.8178394321168,0.845714529778668,-80.));
#673=CARTESIAN_POINT('Ctrl Pts',(-15.7325783440953,0.917985895732854,0.));
#674=CARTESIAN_POINT('Ctrl Pts',(-15.7325783440953,0.917985895732854,-80.));
#675=CARTESIAN_POINT('Ctrl Pts',(-15.6786521502392,0.951916145139378,0.));
#676=CARTESIAN_POINT('Ctrl Pts',(-15.6786521502392,0.951916145139378,-80.));
#677=CARTESIAN_POINT('Ctrl Pts',(-15.6329931307435,0.97293018760571,0.));
#678=CARTESIAN_POINT('Ctrl Pts',(-15.6329931307435,0.97293018760571,-80.));
#679=CARTESIAN_POINT('Ctrl Pts',(-15.6095349202566,0.981803203436452,0.));
#680=CARTESIAN_POINT('Ctrl Pts',(-15.6095349202566,0.981803203436452,-80.));
#681=CARTESIAN_POINT('Ctrl Pts',(-15.5794921150844,0.9906075495065,0.));
#682=CARTESIAN_POINT('Ctrl Pts',(-15.5794921150844,0.9906075495065,-80.));
#683=CARTESIAN_POINT('Ctrl Pts',(-15.5549404630719,0.995719179045779,0.));
#684=CARTESIAN_POINT('Ctrl Pts',(-15.5549404630719,0.995719179045779,-80.));
#685=CARTESIAN_POINT('Ctrl Pts',(-15.5238303966073,0.999495707582463,0.));
#686=CARTESIAN_POINT('Ctrl Pts',(-15.5238303966073,0.999495707582463,-80.));
#687=CARTESIAN_POINT('Ctrl Pts',(-15.4987309845293,1.00036878360846,0.));
#688=CARTESIAN_POINT('Ctrl Pts',(-15.4987309845293,1.00036878360846,-80.));
#689=CARTESIAN_POINT('Ctrl Pts',(-15.4674213983803,0.998735587586711,0.));
#690=CARTESIAN_POINT('Ctrl Pts',(-15.4674213983803,0.998735587586711,-80.));
#691=CARTESIAN_POINT('Ctrl Pts',(-15.4425653154005,0.995275607356412,0.));
#692=CARTESIAN_POINT('Ctrl Pts',(-15.4425653154005,0.995275607356412,-80.));
#693=CARTESIAN_POINT('Ctrl Pts',(-15.412016040576,0.988404942510205,0.));
#694=CARTESIAN_POINT('Ctrl Pts',(-15.412016040576,0.988404942510205,-80.));
#695=CARTESIAN_POINT('Ctrl Pts',(-15.3880808790471,0.980963077990306,0.));
#696=CARTESIAN_POINT('Ctrl Pts',(-15.3880808790471,0.980963077990306,-80.));
#697=CARTESIAN_POINT('Ctrl Pts',(-15.3530887505546,0.967170115390995,0.));
#698=CARTESIAN_POINT('Ctrl Pts',(-15.3530887505546,0.967170115390995,-80.));
#699=CARTESIAN_POINT('Ctrl Pts',(-15.3193513932977,0.950079848612556,0.));
#700=CARTESIAN_POINT('Ctrl Pts',(-15.3193513932977,0.950079848612556,-80.));
#701=CARTESIAN_POINT('Ctrl Pts',(-15.26026774321,0.912424995379463,0.));
#702=CARTESIAN_POINT('Ctrl Pts',(-15.26026774321,0.912424995379463,-80.));
#703=CARTESIAN_POINT('Ctrl Pts',(-15.2000232286824,0.861490414304039,0.));
#704=CARTESIAN_POINT('Ctrl Pts',(-15.2000232286824,0.861490414304039,-80.));
#705=CARTESIAN_POINT('Ctrl Pts',(-15.1143959187847,0.771411383222818,0.));
#706=CARTESIAN_POINT('Ctrl Pts',(-15.1143959187847,0.771411383222818,-80.));
#707=CARTESIAN_POINT('Ctrl Pts',(-15.0416567330013,0.679306163796236,0.));
#708=CARTESIAN_POINT('Ctrl Pts',(-15.0416567330013,0.679306163796236,-80.));
#709=CARTESIAN_POINT('Ctrl Pts',(-14.9529556520442,0.557242236174237,0.));
#710=CARTESIAN_POINT('Ctrl Pts',(-14.9529556520442,0.557242236174237,-80.));
#711=CARTESIAN_POINT('Ctrl Pts',(-14.8835114272938,0.457766311064425,0.));
#712=CARTESIAN_POINT('Ctrl Pts',(-14.8835114272938,0.457766311064425,-80.));
#713=CARTESIAN_POINT('Ctrl Pts',(-14.7986020718762,0.340902215378674,0.));
#714=CARTESIAN_POINT('Ctrl Pts',(-14.7986020718762,0.340902215378674,-80.));
#715=CARTESIAN_POINT('Ctrl Pts',(-14.7324531134458,0.257541267123664,0.));
#716=CARTESIAN_POINT('Ctrl Pts',(-14.7324531134458,0.257541267123664,-80.));
#717=CARTESIAN_POINT('Ctrl Pts',(-14.6618319123052,0.183396880853272,0.));
#718=CARTESIAN_POINT('Ctrl Pts',(-14.6618319123052,0.183396880853272,-80.));
#719=CARTESIAN_POINT('Ctrl Pts',(-14.6179113826464,0.146950445906337,0.));
#720=CARTESIAN_POINT('Ctrl Pts',(-14.6179113826464,0.146950445906337,-80.));
#721=CARTESIAN_POINT('Ctrl Pts',(-14.5815109391185,0.123867267575196,0.));
#722=CARTESIAN_POINT('Ctrl Pts',(-14.5815109391185,0.123867267575196,-80.));
#723=CARTESIAN_POINT('Ctrl Pts',(-14.5631662021127,0.114691130311065,0.));
#724=CARTESIAN_POINT('Ctrl Pts',(-14.5631662021127,0.114691130311065,-80.));
#725=CARTESIAN_POINT('Ctrl Pts',(-14.5460761986119,0.107971937230526,0.));
#726=CARTESIAN_POINT('Ctrl Pts',(-14.5460761986119,0.107971937230526,-80.));
#727=CARTESIAN_POINT('Ctrl Pts',(-14.535289879598,0.104649085949164,0.));
#728=CARTESIAN_POINT('Ctrl Pts',(-14.535289879598,0.104649085949164,-80.));
#729=CARTESIAN_POINT('Ctrl Pts',(-14.5224371251928,0.101769439480148,0.));
#730=CARTESIAN_POINT('Ctrl Pts',(-14.5224371251928,0.101769439480148,-80.));
#731=CARTESIAN_POINT('Ctrl Pts',(-14.5125713954037,0.100413136735309,0.));
#732=CARTESIAN_POINT('Ctrl Pts',(-14.5125713954037,0.100413136735309,-80.));
#733=CARTESIAN_POINT('Ctrl Pts',(-14.5004784016564,0.0997862456536953,0.));
#734=CARTESIAN_POINT('Ctrl Pts',(-14.5004784016564,0.0997862456536953,-80.));
#735=CARTESIAN_POINT('Ctrl Pts',(-14.4908554835879,0.100117897932176,0.));
#736=CARTESIAN_POINT('Ctrl Pts',(-14.4908554835879,0.100117897932176,-80.));
#737=CARTESIAN_POINT('Ctrl Pts',(-14.4785623263191,0.101605831598649,0.));
#738=CARTESIAN_POINT('Ctrl Pts',(-14.4785623263191,0.101605831598649,-80.));
#739=CARTESIAN_POINT('Ctrl Pts',(-14.4683911827933,0.10370209025722,0.));
#740=CARTESIAN_POINT('Ctrl Pts',(-14.4683911827933,0.10370209025722,-80.));
#741=CARTESIAN_POINT('Ctrl Pts',(-14.4550303218341,0.107607774958492,0.));
#742=CARTESIAN_POINT('Ctrl Pts',(-14.4550303218341,0.107607774958492,-80.));
#743=CARTESIAN_POINT('Ctrl Pts',(-14.4437655095533,0.111837666114822,0.));
#744=CARTESIAN_POINT('Ctrl Pts',(-14.4437655095533,0.111837666114822,-80.));
#745=CARTESIAN_POINT('Ctrl Pts',(-14.4199784532862,0.122765727222568,0.));
#746=CARTESIAN_POINT('Ctrl Pts',(-14.4199784532862,0.122765727222568,-80.));
#747=CARTESIAN_POINT('Ctrl Pts',(-14.3870971451168,0.142919747180502,0.));
#748=CARTESIAN_POINT('Ctrl Pts',(-14.3870971451168,0.142919747180502,-80.));
#749=CARTESIAN_POINT('Ctrl Pts',(-14.3247865874439,0.195321822543333,0.));
#750=CARTESIAN_POINT('Ctrl Pts',(-14.3247865874439,0.195321822543333,-80.));
#751=CARTESIAN_POINT('Ctrl Pts',(-14.2609101697736,0.265671160396118,0.));
#752=CARTESIAN_POINT('Ctrl Pts',(-14.2609101697736,0.265671160396118,-80.));
#753=CARTESIAN_POINT('Ctrl Pts',(-14.1779092699588,0.372132601729268,0.));
#754=CARTESIAN_POINT('Ctrl Pts',(-14.1779092699588,0.372132601729268,-80.));
#755=CARTESIAN_POINT('Ctrl Pts',(-14.1095823384226,0.468065769284211,0.));
#756=CARTESIAN_POINT('Ctrl Pts',(-14.1095823384226,0.468065769284211,-80.));
#757=CARTESIAN_POINT('Ctrl Pts',(-14.0224152519523,0.591584405586186,0.));
#758=CARTESIAN_POINT('Ctrl Pts',(-14.0224152519523,0.591584405586186,-80.));
#759=CARTESIAN_POINT('Ctrl Pts',(-13.9512255212932,0.68926692929373,0.));
#760=CARTESIAN_POINT('Ctrl Pts',(-13.9512255212932,0.68926692929373,-80.));
#761=CARTESIAN_POINT('Ctrl Pts',(-13.8685851130067,0.789839653166464,0.));
#762=CARTESIAN_POINT('Ctrl Pts',(-13.8685851130067,0.789839653166464,-80.));
#763=CARTESIAN_POINT('Ctrl Pts',(-13.8115200991012,0.849828110943636,0.));
#764=CARTESIAN_POINT('Ctrl Pts',(-13.8115200991012,0.849828110943636,-80.));
#765=CARTESIAN_POINT('Ctrl Pts',(-13.751646210072,0.901981350826178,0.));
#766=CARTESIAN_POINT('Ctrl Pts',(-13.751646210072,0.901981350826178,-80.));
#767=CARTESIAN_POINT('Ctrl Pts',(-13.7100154564267,0.932467785668078,0.));
#768=CARTESIAN_POINT('Ctrl Pts',(-13.7100154564267,0.932467785668078,-80.));
#769=CARTESIAN_POINT('Ctrl Pts',(-13.6606207621134,0.960844969492328,0.));
#770=CARTESIAN_POINT('Ctrl Pts',(-13.6606207621134,0.960844969492328,-80.));
#771=CARTESIAN_POINT('Ctrl Pts',(-13.6261113756951,0.976059195564937,0.));
#772=CARTESIAN_POINT('Ctrl Pts',(-13.6261113756951,0.976059195564937,-80.));
#773=CARTESIAN_POINT('Ctrl Pts',(-13.5903974708936,0.987735412893682,0.));
#774=CARTESIAN_POINT('Ctrl Pts',(-13.5903974708936,0.987735412893682,-80.));
#775=CARTESIAN_POINT('Ctrl Pts',(-13.5660333466863,0.993645478219555,0.));
#776=CARTESIAN_POINT('Ctrl Pts',(-13.5660333466863,0.993645478219555,-80.));
#777=CARTESIAN_POINT('Ctrl Pts',(-13.5350781884087,0.998473550050706,0.));
#778=CARTESIAN_POINT('Ctrl Pts',(-13.5350781884087,0.998473550050706,-80.));
#779=CARTESIAN_POINT('Ctrl Pts',(-13.510028397539,1.000217323872,0.));
#780=CARTESIAN_POINT('Ctrl Pts',(-13.510028397539,1.000217323872,-80.));
#781=CARTESIAN_POINT('Ctrl Pts',(-13.4786779248676,0.99967112099867,0.));
#782=CARTESIAN_POINT('Ctrl Pts',(-13.4786779248676,0.99967112099867,-80.));
#783=CARTESIAN_POINT('Ctrl Pts',(-13.4537099373293,0.997062264812004,0.));
#784=CARTESIAN_POINT('Ctrl Pts',(-13.4537099373293,0.997062264812004,-80.));
#785=CARTESIAN_POINT('Ctrl Pts',(-13.422943305327,0.991199908926377,0.));
#786=CARTESIAN_POINT('Ctrl Pts',(-13.422943305327,0.991199908926377,-80.));
#787=CARTESIAN_POINT('Ctrl Pts',(-13.3987859559912,0.984511199311839,0.));
#788=CARTESIAN_POINT('Ctrl Pts',(-13.3987859559912,0.984511199311839,-80.));
#789=CARTESIAN_POINT('Ctrl Pts',(-13.3693214022766,0.973883007383412,0.));
#790=CARTESIAN_POINT('Ctrl Pts',(-13.3693214022766,0.973883007383412,-80.));
#791=CARTESIAN_POINT('Ctrl Pts',(-13.3463658456429,0.963671233413111,0.));
#792=CARTESIAN_POINT('Ctrl Pts',(-13.3463658456429,0.963671233413111,-80.));
#793=CARTESIAN_POINT('Ctrl Pts',(-13.3128729986952,0.94607493594691,0.));
#794=CARTESIAN_POINT('Ctrl Pts',(-13.3128729986952,0.94607493594691,-80.));
#795=CARTESIAN_POINT('Ctrl Pts',(-13.2805971803221,0.925620443975991,0.));
#796=CARTESIAN_POINT('Ctrl Pts',(-13.2805971803221,0.925620443975991,-80.));
#797=CARTESIAN_POINT('Ctrl Pts',(-13.2238107976567,0.882584307606543,0.));
#798=CARTESIAN_POINT('Ctrl Pts',(-13.2238107976567,0.882584307606543,-80.));
#799=CARTESIAN_POINT('Ctrl Pts',(-13.1653467597675,0.826875285331513,0.));
#800=CARTESIAN_POINT('Ctrl Pts',(-13.1653467597675,0.826875285331513,-80.));
#801=CARTESIAN_POINT('Ctrl Pts',(-13.0813697092449,0.731149810207408,0.));
#802=CARTESIAN_POINT('Ctrl Pts',(-13.0813697092449,0.731149810207408,-80.));
#803=CARTESIAN_POINT('Ctrl Pts',(-13.0094692684215,0.635845687168181,0.));
#804=CARTESIAN_POINT('Ctrl Pts',(-13.0094692684215,0.635845687168181,-80.));
#805=CARTESIAN_POINT('Ctrl Pts',(-12.9215606397163,0.512483580536922,0.));
#806=CARTESIAN_POINT('Ctrl Pts',(-12.9215606397163,0.512483580536922,-80.));
#807=CARTESIAN_POINT('Ctrl Pts',(-12.8526645644581,0.414291049423032,0.));
#808=CARTESIAN_POINT('Ctrl Pts',(-12.8526645644581,0.414291049423032,-80.));
#809=CARTESIAN_POINT('Ctrl Pts',(-12.7770340097038,0.313281890281473,0.));
#810=CARTESIAN_POINT('Ctrl Pts',(-12.7770340097038,0.313281890281473,-80.));
#811=CARTESIAN_POINT('Ctrl Pts',(-12.7279373076159,0.253724084157517,0.));
#812=CARTESIAN_POINT('Ctrl Pts',(-12.7279373076159,0.253724084157517,-80.));
#813=CARTESIAN_POINT('Ctrl Pts',(-12.680635471089,0.203064680602247,0.));
#814=CARTESIAN_POINT('Ctrl Pts',(-12.680635471089,0.203064680602247,-80.));
#815=CARTESIAN_POINT('Ctrl Pts',(-12.6501916957037,0.174142529407047,0.));
#816=CARTESIAN_POINT('Ctrl Pts',(-12.6501916957037,0.174142529407047,-80.));
#817=CARTESIAN_POINT('Ctrl Pts',(-12.6141020258975,0.144775270257413,0.));
#818=CARTESIAN_POINT('Ctrl Pts',(-12.6141020258975,0.144775270257413,-80.));
#819=CARTESIAN_POINT('Ctrl Pts',(-12.5871312078722,0.126886495826298,0.));
#820=CARTESIAN_POINT('Ctrl Pts',(-12.5871312078722,0.126886495826298,-80.));
#821=CARTESIAN_POINT('Ctrl Pts',(-12.5595088139949,0.112887532089127,0.));
#822=CARTESIAN_POINT('Ctrl Pts',(-12.5595088139949,0.112887532089127,-80.));
#823=CARTESIAN_POINT('Ctrl Pts',(-12.5427008634363,0.106704712314147,0.));
#824=CARTESIAN_POINT('Ctrl Pts',(-12.5427008634363,0.106704712314147,-80.));
#825=CARTESIAN_POINT('Ctrl Pts',(-12.5269872012837,0.102647243973958,0.));
#826=CARTESIAN_POINT('Ctrl Pts',(-12.5269872012837,0.102647243973958,-80.));
#827=CARTESIAN_POINT('Ctrl Pts',(-12.5169814505137,0.100928491814617,0.));
#828=CARTESIAN_POINT('Ctrl Pts',(-12.5169814505137,0.100928491814617,-80.));
#829=CARTESIAN_POINT('Ctrl Pts',(-12.5048078161259,0.0998765358911086,0.));
#830=CARTESIAN_POINT('Ctrl Pts',(-12.5048078161259,0.0998765358911086,-80.));
#831=CARTESIAN_POINT('Ctrl Pts',(-12.4952015804956,0.0998769826545788,0.));
#832=CARTESIAN_POINT('Ctrl Pts',(-12.4952015804956,0.0998769826545788,-80.));
#833=CARTESIAN_POINT('Ctrl Pts',(-12.483027675073,0.100930098798786,0.));
#834=CARTESIAN_POINT('Ctrl Pts',(-12.483027675073,0.100930098798786,-80.));
#835=CARTESIAN_POINT('Ctrl Pts',(-12.4730215109397,0.10264984859791,0.));
#836=CARTESIAN_POINT('Ctrl Pts',(-12.4730215109397,0.10264984859791,-80.));
#837=CARTESIAN_POINT('Ctrl Pts',(-12.4573070235287,0.106708977711393,0.));
#838=CARTESIAN_POINT('Ctrl Pts',(-12.4573070235287,0.106708977711393,-80.));
#839=CARTESIAN_POINT('Ctrl Pts',(-12.4404980551288,0.112893692991931,0.));
#840=CARTESIAN_POINT('Ctrl Pts',(-12.4404980551288,0.112893692991931,-80.));
#841=CARTESIAN_POINT('Ctrl Pts',(-12.412874135986,0.12689586009462,0.));
#842=CARTESIAN_POINT('Ctrl Pts',(-12.412874135986,0.12689586009462,-80.));
#843=CARTESIAN_POINT('Ctrl Pts',(-12.3859021271767,0.144787687326495,0.));
#844=CARTESIAN_POINT('Ctrl Pts',(-12.3859021271767,0.144787687326495,-80.));
#845=CARTESIAN_POINT('Ctrl Pts',(-12.3498112914515,0.174158675308712,0.));
#846=CARTESIAN_POINT('Ctrl Pts',(-12.3498112914515,0.174158675308712,-80.));
#847=CARTESIAN_POINT('Ctrl Pts',(-12.3193668098223,0.203083637107427,0.));
#848=CARTESIAN_POINT('Ctrl Pts',(-12.3193668098223,0.203083637107427,-80.));
#849=CARTESIAN_POINT('Ctrl Pts',(-12.2720641682986,0.253746808060962,0.));
#850=CARTESIAN_POINT('Ctrl Pts',(-12.2720641682986,0.253746808060962,-80.));
#851=CARTESIAN_POINT('Ctrl Pts',(-12.2229669279738,0.313307714236567,0.));
#852=CARTESIAN_POINT('Ctrl Pts',(-12.2229669279738,0.313307714236567,-80.));
#853=CARTESIAN_POINT('Ctrl Pts',(-12.1473357973945,0.414320043004988,0.));
#854=CARTESIAN_POINT('Ctrl Pts',(-12.1473357973945,0.414320043004988,-80.));
#855=CARTESIAN_POINT('Ctrl Pts',(-12.0784393475758,0.512513770058615,0.));
#856=CARTESIAN_POINT('Ctrl Pts',(-12.0784393475758,0.512513770058615,-80.));
#857=CARTESIAN_POINT('Ctrl Pts',(-11.990530204471,0.635875381241894,0.));
#858=CARTESIAN_POINT('Ctrl Pts',(-11.990530204471,0.635875381241894,-80.));
#859=CARTESIAN_POINT('Ctrl Pts',(-11.9186292450188,0.731177613466371,0.));
#860=CARTESIAN_POINT('Ctrl Pts',(-11.9186292450188,0.731177613466371,-80.));
#861=CARTESIAN_POINT('Ctrl Pts',(-11.834651194436,0.826899536405982,0.));
#862=CARTESIAN_POINT('Ctrl Pts',(-11.834651194436,0.826899536405982,-80.));
#863=CARTESIAN_POINT('Ctrl Pts',(-11.7761860918209,0.882605501589631,0.));
#864=CARTESIAN_POINT('Ctrl Pts',(-11.7761860918209,0.882605501589631,-80.));
#865=CARTESIAN_POINT('Ctrl Pts',(-11.7193982903407,0.925638219454841,0.));
#866=CARTESIAN_POINT('Ctrl Pts',(-11.7193982903407,0.925638219454841,-80.));
#867=CARTESIAN_POINT('Ctrl Pts',(-11.6871215418465,0.946090591391204,0.));
#868=CARTESIAN_POINT('Ctrl Pts',(-11.6871215418465,0.946090591391204,-80.));
#869=CARTESIAN_POINT('Ctrl Pts',(-11.6536276932659,0.963684498441561,0.));
#870=CARTESIAN_POINT('Ctrl Pts',(-11.6536276932659,0.963684498441561,-80.));
#871=CARTESIAN_POINT('Ctrl Pts',(-11.6306714517303,0.973894530521347,0.));
#872=CARTESIAN_POINT('Ctrl Pts',(-11.6306714517303,0.973894530521347,-80.));
#873=CARTESIAN_POINT('Ctrl Pts',(-11.6012060849961,0.984520342456979,0.));
#874=CARTESIAN_POINT('Ctrl Pts',(-11.6012060849961,0.984520342456979,-80.));
#875=CARTESIAN_POINT('Ctrl Pts',(-11.5770481552599,0.991206984620314,0.));
#876=CARTESIAN_POINT('Ctrl Pts',(-11.5770481552599,0.991206984620314,-80.));
#877=CARTESIAN_POINT('Ctrl Pts',(-11.5462809739356,0.997066583040621,0.));
#878=CARTESIAN_POINT('Ctrl Pts',(-11.5462809739356,0.997066583040621,-80.));
#879=CARTESIAN_POINT('Ctrl Pts',(-11.5213127241141,0.99967312188705,0.));
#880=CARTESIAN_POINT('Ctrl Pts',(-11.5213127241141,0.99967312188705,-80.));
#881=CARTESIAN_POINT('Ctrl Pts',(-11.4899621960822,1.00021638176494,0.));
#882=CARTESIAN_POINT('Ctrl Pts',(-11.4899621960822,1.00021638176494,-80.));
#883=CARTESIAN_POINT('Ctrl Pts',(-11.4649125831705,0.998470264059563,0.));
#884=CARTESIAN_POINT('Ctrl Pts',(-11.4649125831705,0.998470264059563,-80.));
#885=CARTESIAN_POINT('Ctrl Pts',(-11.4339578898023,0.993639376112497,0.));
#886=CARTESIAN_POINT('Ctrl Pts',(-11.4339578898023,0.993639376112497,-80.));
#887=CARTESIAN_POINT('Ctrl Pts',(-11.4095942991143,0.987727182106985,0.));
#888=CARTESIAN_POINT('Ctrl Pts',(-11.4095942991143,0.987727182106985,-80.));
#889=CARTESIAN_POINT('Ctrl Pts',(-11.3738813329695,0.976048010978772,0.));
#890=CARTESIAN_POINT('Ctrl Pts',(-11.3738813329695,0.976048010978772,-80.));
#891=CARTESIAN_POINT('Ctrl Pts',(-11.3393729917827,0.960831158370892,0.));
#892=CARTESIAN_POINT('Ctrl Pts',(-11.3393729917827,0.960831158370892,-80.));
#893=CARTESIAN_POINT('Ctrl Pts',(-11.2899797608508,0.932450584135701,0.));
#894=CARTESIAN_POINT('Ctrl Pts',(-11.2899797608508,0.932450584135701,-80.));
#895=CARTESIAN_POINT('Ctrl Pts',(-11.248350095112,0.90196160183714,0.));
#896=CARTESIAN_POINT('Ctrl Pts',(-11.248350095112,0.90196160183714,-80.));
#897=CARTESIAN_POINT('Ctrl Pts',(-11.1884774650563,0.849805037153598,0.));
#898=CARTESIAN_POINT('Ctrl Pts',(-11.1884774650563,0.849805037153598,-80.));
#899=CARTESIAN_POINT('Ctrl Pts',(-11.1314132903882,0.78981385092624,0.));
#900=CARTESIAN_POINT('Ctrl Pts',(-11.1314132903882,0.78981385092624,-80.));
#901=CARTESIAN_POINT('Ctrl Pts',(-11.0487736968615,0.689238127938764,0.));
#902=CARTESIAN_POINT('Ctrl Pts',(-11.0487736968615,0.689238127938764,-80.));
#903=CARTESIAN_POINT('Ctrl Pts',(-10.9775844139073,0.591554283586087,0.));
#904=CARTESIAN_POINT('Ctrl Pts',(-10.9775844139073,0.591554283586087,-80.));
#905=CARTESIAN_POINT('Ctrl Pts',(-10.8904178184689,0.468035936661897,0.));
#906=CARTESIAN_POINT('Ctrl Pts',(-10.8904178184689,0.468035936661897,-80.));
#907=CARTESIAN_POINT('Ctrl Pts',(-10.8220912883134,0.372104623543354,0.));
#908=CARTESIAN_POINT('Ctrl Pts',(-10.8220912883134,0.372104623543354,-80.));
#909=CARTESIAN_POINT('Ctrl Pts',(-10.7390911382295,0.265647487758475,0.));
#910=CARTESIAN_POINT('Ctrl Pts',(-10.7390911382295,0.265647487758475,-80.));
#911=CARTESIAN_POINT('Ctrl Pts',(-10.6752156715872,0.195303132403872,0.));
#912=CARTESIAN_POINT('Ctrl Pts',(-10.6752156715872,0.195303132403872,-80.));
#913=CARTESIAN_POINT('Ctrl Pts',(-10.6129069482623,0.14290739620394,0.));
#914=CARTESIAN_POINT('Ctrl Pts',(-10.6129069482623,0.14290739620394,-80.));
#915=CARTESIAN_POINT('Ctrl Pts',(-10.5800272621337,0.122757195430238,0.));
#916=CARTESIAN_POINT('Ctrl Pts',(-10.5800272621337,0.122757195430238,-80.));
#917=CARTESIAN_POINT('Ctrl Pts',(-10.5562415652982,0.111831870039321,0.));
#918=CARTESIAN_POINT('Ctrl Pts',(-10.5562415652982,0.111831870039321,-80.));
#919=CARTESIAN_POINT('Ctrl Pts',(-10.5449774201431,0.107603248439962,0.));
#920=CARTESIAN_POINT('Ctrl Pts',(-10.5449774201431,0.107603248439962,-80.));
#921=CARTESIAN_POINT('Ctrl Pts',(-10.5316172994913,0.103699005642762,0.));
#922=CARTESIAN_POINT('Ctrl Pts',(-10.5316172994913,0.103699005642762,-80.));
#923=CARTESIAN_POINT('Ctrl Pts',(-10.5214466337452,0.101603785151646,0.));
#924=CARTESIAN_POINT('Ctrl Pts',(-10.5214466337452,0.101603785151646,-80.));
#925=CARTESIAN_POINT('Ctrl Pts',(-10.5091538481324,0.100117042644898,0.));
#926=CARTESIAN_POINT('Ctrl Pts',(-10.5091538481324,0.100117042644898,-80.));
#927=CARTESIAN_POINT('Ctrl Pts',(-10.4995310200249,0.0997862883878807,0.));
#928=CARTESIAN_POINT('Ctrl Pts',(-10.4995310200249,0.0997862883878807,-80.));
#929=CARTESIAN_POINT('Ctrl Pts',(-10.4874378614056,0.100414318427838,0.));
#930=CARTESIAN_POINT('Ctrl Pts',(-10.4874378614056,0.100414318427838,-80.));
#931=CARTESIAN_POINT('Ctrl Pts',(-10.4775717904259,0.101771583260453,0.));
#932=CARTESIAN_POINT('Ctrl Pts',(-10.4775717904259,0.101771583260453,-80.));
#933=CARTESIAN_POINT('Ctrl Pts',(-10.4647184122493,0.10465255842636,0.));
#934=CARTESIAN_POINT('Ctrl Pts',(-10.4647184122493,0.10465255842636,-80.));
#935=CARTESIAN_POINT('Ctrl Pts',(-10.4539314751782,0.10797658634732,0.));
#936=CARTESIAN_POINT('Ctrl Pts',(-10.4539314751782,0.10797658634732,-80.));
#937=CARTESIAN_POINT('Ctrl Pts',(-10.436840470566,0.114697713277368,0.));
#938=CARTESIAN_POINT('Ctrl Pts',(-10.436840470566,0.114697713277368,-80.));
#939=CARTESIAN_POINT('Ctrl Pts',(-10.4184947009974,0.12387598399063,0.));
#940=CARTESIAN_POINT('Ctrl Pts',(-10.4184947009974,0.12387598399063,-80.));
#941=CARTESIAN_POINT('Ctrl Pts',(-10.3820925762069,0.146963296258384,0.));
#942=CARTESIAN_POINT('Ctrl Pts',(-10.3820925762069,0.146963296258384,-80.));
#943=CARTESIAN_POINT('Ctrl Pts',(-10.3381706944598,0.183414283712549,0.));
#944=CARTESIAN_POINT('Ctrl Pts',(-10.3381706944598,0.183414283712549,-80.));
#945=CARTESIAN_POINT('Ctrl Pts',(-10.2675482524994,0.257564471842057,0.));
#946=CARTESIAN_POINT('Ctrl Pts',(-10.2675482524994,0.257564471842057,-80.));
#947=CARTESIAN_POINT('Ctrl Pts',(-10.2013986734983,0.340929214929323,0.));
#948=CARTESIAN_POINT('Ctrl Pts',(-10.2013986734983,0.340929214929323,-80.));
#949=CARTESIAN_POINT('Ctrl Pts',(-10.1164887557963,0.457796024093844,0.));
#950=CARTESIAN_POINT('Ctrl Pts',(-10.1164887557963,0.457796024093844,-80.));
#951=CARTESIAN_POINT('Ctrl Pts',(-10.0470441648891,0.557272493581789,0.));
#952=CARTESIAN_POINT('Ctrl Pts',(-10.0470441648891,0.557272493581789,-80.));
#953=CARTESIAN_POINT('Ctrl Pts',(-9.95834252165578,0.679335164174905,0.));
#954=CARTESIAN_POINT('Ctrl Pts',(-9.95834252165578,0.679335164174905,-80.));
#955=CARTESIAN_POINT('Ctrl Pts',(-9.88560271531797,0.771437957049432,0.));
#956=CARTESIAN_POINT('Ctrl Pts',(-9.88560271531797,0.771437957049432,-80.));
#957=CARTESIAN_POINT('Ctrl Pts',(-9.79997416463722,0.861512912614895,0.));
#958=CARTESIAN_POINT('Ctrl Pts',(-9.79997416463722,0.861512912614895,-80.));
#959=CARTESIAN_POINT('Ctrl Pts',(-9.73972829806412,0.912444091906202,0.));
#960=CARTESIAN_POINT('Ctrl Pts',(-9.73972829806412,0.912444091906202,-80.));
#961=CARTESIAN_POINT('Ctrl Pts',(-9.68064296674646,0.950095072995883,0.));
#962=CARTESIAN_POINT('Ctrl Pts',(-9.68064296674646,0.950095072995883,-80.));
#963=CARTESIAN_POINT('Ctrl Pts',(-9.64690457693461,0.967182900150104,0.));
#964=CARTESIAN_POINT('Ctrl Pts',(-9.64690457693461,0.967182900150104,-80.));
#965=CARTESIAN_POINT('Ctrl Pts',(-9.61191144732018,0.980973104265015,0.));
#966=CARTESIAN_POINT('Ctrl Pts',(-9.61191144732018,0.980973104265015,-80.));
#967=CARTESIAN_POINT('Ctrl Pts',(-9.58797566771607,0.988412965484541,0.));
#968=CARTESIAN_POINT('Ctrl Pts',(-9.58797566771607,0.988412965484541,-80.));
#969=CARTESIAN_POINT('Ctrl Pts',(-9.55742576908285,0.99528093935442,0.));
#970=CARTESIAN_POINT('Ctrl Pts',(-9.55742576908285,0.99528093935442,-80.));
#971=CARTESIAN_POINT('Ctrl Pts',(-9.53256934487149,0.998738638222024,0.));
#972=CARTESIAN_POINT('Ctrl Pts',(-9.53256934487149,0.998738638222024,-80.));
#973=CARTESIAN_POINT('Ctrl Pts',(-9.50125959379201,1.00036890456329,0.));
#974=CARTESIAN_POINT('Ctrl Pts',(-9.50125959379201,1.00036890456329,-80.));
#975=CARTESIAN_POINT('Ctrl Pts',(-9.47616027162674,0.999493468370384,0.));
#976=CARTESIAN_POINT('Ctrl Pts',(-9.47616027162674,0.999493468370384,-80.));
#977=CARTESIAN_POINT('Ctrl Pts',(-9.44505057676556,0.995714074576611,0.));
#978=CARTESIAN_POINT('Ctrl Pts',(-9.44505057676556,0.995714074576611,-80.));
#979=CARTESIAN_POINT('Ctrl Pts',(-9.42049940250018,0.990600259289454,0.));
#980=CARTESIAN_POINT('Ctrl Pts',(-9.42049940250018,0.990600259289454,-80.));
#981=CARTESIAN_POINT('Ctrl Pts',(-9.39045733760994,0.981793371953666,0.));
#982=CARTESIAN_POINT('Ctrl Pts',(-9.39045733760994,0.981793371953666,-80.));
#983=CARTESIAN_POINT('Ctrl Pts',(-9.3669997942399,0.972918484550715,0.));
#984=CARTESIAN_POINT('Ctrl Pts',(-9.3669997942399,0.972918484550715,-80.));
#985=CARTESIAN_POINT('Ctrl Pts',(-9.32134213417641,0.951901017770559,0.));
#986=CARTESIAN_POINT('Ctrl Pts',(-9.32134213417641,0.951901017770559,-80.));
#987=CARTESIAN_POINT('Ctrl Pts',(-9.26741756239612,0.917967232464885,0.));
#988=CARTESIAN_POINT('Ctrl Pts',(-9.26741756239612,0.917967232464885,-80.));
#989=CARTESIAN_POINT('Ctrl Pts',(-9.18215830877654,0.845691048449708,0.));
#990=CARTESIAN_POINT('Ctrl Pts',(-9.18215830877654,0.845691048449708,-80.));
#991=CARTESIAN_POINT('Ctrl Pts',(-9.10714564736424,0.762232919543011,0.));
#992=CARTESIAN_POINT('Ctrl Pts',(-9.10714564736424,0.762232919543011,-80.));
#993=CARTESIAN_POINT('Ctrl Pts',(-9.01653528612877,0.646030916173232,0.));
#994=CARTESIAN_POINT('Ctrl Pts',(-9.01653528612877,0.646030916173232,-80.));
#995=CARTESIAN_POINT('Ctrl Pts',(-8.94597324850196,0.546832776055387,0.));
#996=CARTESIAN_POINT('Ctrl Pts',(-8.94597324850196,0.546832776055387,-80.));
#997=CARTESIAN_POINT('Ctrl Pts',(-8.85952912565411,0.42433738766962,0.));
#998=CARTESIAN_POINT('Ctrl Pts',(-8.85952912565411,0.42433738766962,-80.));
#999=CARTESIAN_POINT('Ctrl Pts',(-8.79182987788024,0.331630638815409,0.));
#1000=CARTESIAN_POINT('Ctrl Pts',(-8.79182987788024,0.331630638815409,-80.));
#1001=CARTESIAN_POINT('Ctrl Pts',(-8.71822012320614,0.242089742249906,0.));
#1002=CARTESIAN_POINT('Ctrl Pts',(-8.71822012320614,0.242089742249906,-80.));
#1003=CARTESIAN_POINT('Ctrl Pts',(-8.67111830258674,0.192988055373092,0.));
#1004=CARTESIAN_POINT('Ctrl Pts',(-8.67111830258674,0.192988055373092,-80.));
#1005=CARTESIAN_POINT('Ctrl Pts',(-8.62682527313986,0.15447107630695,0.));
#1006=CARTESIAN_POINT('Ctrl Pts',(-8.62682527313986,0.15447107630695,-80.));
#1007=CARTESIAN_POINT('Ctrl Pts',(-8.59901136474818,0.134318446786809,0.));
#1008=CARTESIAN_POINT('Ctrl Pts',(-8.59901136474818,0.134318446786809,-80.));
#1009=CARTESIAN_POINT('Ctrl Pts',(-8.57028076637686,0.117905469222083,0.));
#1010=CARTESIAN_POINT('Ctrl Pts',(-8.57028076637686,0.117905469222083,-80.));
#1011=CARTESIAN_POINT('Ctrl Pts',(-8.55270661041608,0.11027005084533,0.));
#1012=CARTESIAN_POINT('Ctrl Pts',(-8.55270661041608,0.11027005084533,-80.));
#1013=CARTESIAN_POINT('Ctrl Pts',(-8.53633699416239,0.104932230087743,0.));
#1014=CARTESIAN_POINT('Ctrl Pts',(-8.53633699416239,0.104932230087743,-80.));
#1015=CARTESIAN_POINT('Ctrl Pts',(-8.52597878945469,0.102444673239377,0.));
#1016=CARTESIAN_POINT('Ctrl Pts',(-8.52597878945469,0.102444673239377,-80.));
#1017=CARTESIAN_POINT('Ctrl Pts',(-8.51353107699182,0.100510152125851,0.));
#1018=CARTESIAN_POINT('Ctrl Pts',(-8.51353107699182,0.100510152125851,-80.));
#1019=CARTESIAN_POINT('Ctrl Pts',(-8.5038586100664,0.0998448820029942,0.));
#1020=CARTESIAN_POINT('Ctrl Pts',(-8.5038586100664,0.0998448820029942,-80.));
#1021=CARTESIAN_POINT('Ctrl Pts',(-8.49180631605605,0.100053783234647,0.));
#1022=CARTESIAN_POINT('Ctrl Pts',(-8.49180631605605,0.100053783234647,-80.));
#1023=CARTESIAN_POINT('Ctrl Pts',(-8.4820521338465,0.1010606008647,0.));
#1024=CARTESIAN_POINT('Ctrl Pts',(-8.4820521338465,0.1010606008647,-80.));
#1025=CARTESIAN_POINT('Ctrl Pts',(-8.46941609795264,0.103459655418369,0.));
#1026=CARTESIAN_POINT('Ctrl Pts',(-8.46941609795264,0.103459655418369,-80.));
#1027=CARTESIAN_POINT('Ctrl Pts',(-8.45885134115542,0.106356917108211,0.));
#1028=CARTESIAN_POINT('Ctrl Pts',(-8.45885134115542,0.106356917108211,-80.));
#1029=CARTESIAN_POINT('Ctrl Pts',(-8.44491327970174,0.111372130271507,0.));
#1030=CARTESIAN_POINT('Ctrl Pts',(-8.44491327970174,0.111372130271507,-80.));
#1031=CARTESIAN_POINT('Ctrl Pts',(-8.43314675109405,0.1165724925769,0.));
#1032=CARTESIAN_POINT('Ctrl Pts',(-8.43314675109405,0.1165724925769,-80.));
#1033=CARTESIAN_POINT('Ctrl Pts',(-8.4145564650315,0.126324010232736,0.));
#1034=CARTESIAN_POINT('Ctrl Pts',(-8.4145564650315,0.126324010232736,-80.));
#1035=CARTESIAN_POINT('Ctrl Pts',(-8.39474913608822,0.138767861638109,0.));
#1036=CARTESIAN_POINT('Ctrl Pts',(-8.39474913608822,0.138767861638109,-80.));
#1037=CARTESIAN_POINT('Ctrl Pts',(-8.35604969139076,0.168009602982162,0.));
#1038=CARTESIAN_POINT('Ctrl Pts',(-8.35604969139076,0.168009602982162,-80.));
#1039=CARTESIAN_POINT('Ctrl Pts',(-8.31034727554461,0.21101698943618,0.));
#1040=CARTESIAN_POINT('Ctrl Pts',(-8.31034727554461,0.21101698943618,-80.));
#1041=CARTESIAN_POINT('Ctrl Pts',(-8.23807452606792,0.293322366272786,0.));
#1042=CARTESIAN_POINT('Ctrl Pts',(-8.23807452606792,0.293322366272786,-80.));
#1043=CARTESIAN_POINT('Ctrl Pts',(-8.17108618172352,0.38183481216745,0.));
#1044=CARTESIAN_POINT('Ctrl Pts',(-8.17108618172352,0.38183481216745,-80.));
#1045=CARTESIAN_POINT('Ctrl Pts',(-8.08538380219563,0.502116498067338,0.));
#1046=CARTESIAN_POINT('Ctrl Pts',(-8.08538380219563,0.502116498067338,-80.));
#1047=CARTESIAN_POINT('Ctrl Pts',(-8.01539106347801,0.601922306002941,0.));
#1048=CARTESIAN_POINT('Ctrl Pts',(-8.01539106347801,0.601922306002941,-80.));
#1049=CARTESIAN_POINT('Ctrl Pts',(-7.93477173340183,0.709613158103524,0.));
#1050=CARTESIAN_POINT('Ctrl Pts',(-7.93477173340183,0.709613158103524,-80.));
#1051=CARTESIAN_POINT('Ctrl Pts',(-7.87970187647638,0.776666624910131,0.));
#1052=CARTESIAN_POINT('Ctrl Pts',(-7.87970187647638,0.776666624910131,-80.));
#1053=CARTESIAN_POINT('Ctrl Pts',(-7.82283720734571,0.83760493151017,0.));
#1054=CARTESIAN_POINT('Ctrl Pts',(-7.82283720734571,0.83760493151017,-80.));
#1055=CARTESIAN_POINT('Ctrl Pts',(-7.78383667954409,0.87483138683195,0.));
#1056=CARTESIAN_POINT('Ctrl Pts',(-7.78383667954409,0.87483138683195,-80.));
#1057=CARTESIAN_POINT('Ctrl Pts',(-7.73312102699156,0.916183300625683,0.));
#1058=CARTESIAN_POINT('Ctrl Pts',(-7.73312102699156,0.916183300625683,-80.));
#1059=CARTESIAN_POINT('Ctrl Pts',(-7.69064763874,0.944726428439734,0.));
#1060=CARTESIAN_POINT('Ctrl Pts',(-7.69064763874,0.944726428439734,-80.));
#1061=CARTESIAN_POINT('Ctrl Pts',(-7.64014533767519,0.970505500358112,0.));
#1062=CARTESIAN_POINT('Ctrl Pts',(-7.64014533767519,0.970505500358112,-80.));
#1063=CARTESIAN_POINT('Ctrl Pts',(-7.60487015846317,0.983703450030566,0.));
#1064=CARTESIAN_POINT('Ctrl Pts',(-7.60487015846317,0.983703450030566,-80.));
#1065=CARTESIAN_POINT('Ctrl Pts',(-7.56850065231901,0.993124082070738,0.));
#1066=CARTESIAN_POINT('Ctrl Pts',(-7.56850065231901,0.993124082070738,-80.));
#1067=CARTESIAN_POINT('Ctrl Pts',(-7.54378426352466,0.99741805870001,0.));
#1068=CARTESIAN_POINT('Ctrl Pts',(-7.54378426352466,0.99741805870001,-80.));
#1069=CARTESIAN_POINT('Ctrl Pts',(-7.51255517431929,1.0001280040124,0.));
#1070=CARTESIAN_POINT('Ctrl Pts',(-7.51255517431929,1.0001280040124,-80.));
#1071=CARTESIAN_POINT('Ctrl Pts',(-7.48743918770776,1.00012729432119,0.));
#1072=CARTESIAN_POINT('Ctrl Pts',(-7.48743918770776,1.00012729432119,-80.));
#1073=CARTESIAN_POINT('Ctrl Pts',(-7.45621026112323,0.997415606893484,0.));
#1074=CARTESIAN_POINT('Ctrl Pts',(-7.45621026112323,0.997415606893484,-80.));
#1075=CARTESIAN_POINT('Ctrl Pts',(-7.43149412034689,0.993120288056448,0.));
#1076=CARTESIAN_POINT('Ctrl Pts',(-7.43149412034689,0.993120288056448,-80.));
#1077=CARTESIAN_POINT('Ctrl Pts',(-7.39512510935776,0.983697770586849,0.));
#1078=CARTESIAN_POINT('Ctrl Pts',(-7.39512510935776,0.983697770586849,-80.));
#1079=CARTESIAN_POINT('Ctrl Pts',(-7.35985054085055,0.97049812507766,0.));
#1080=CARTESIAN_POINT('Ctrl Pts',(-7.35985054085055,0.97049812507766,-80.));
#1081=CARTESIAN_POINT('Ctrl Pts',(-7.309349154945,0.9447168700466,0.));
#1082=CARTESIAN_POINT('Ctrl Pts',(-7.309349154945,0.9447168700466,-80.));
#1083=CARTESIAN_POINT('Ctrl Pts',(-7.26687648116387,0.91617211610692,0.));
#1084=CARTESIAN_POINT('Ctrl Pts',(-7.26687648116387,0.91617211610692,-80.));
#1085=CARTESIAN_POINT('Ctrl Pts',(-7.21616152816274,0.874818442567317,0.));
#1086=CARTESIAN_POINT('Ctrl Pts',(-7.21616152816274,0.874818442567317,-80.));
#1087=CARTESIAN_POINT('Ctrl Pts',(-7.17716142410741,0.837590768543525,0.));
#1088=CARTESIAN_POINT('Ctrl Pts',(-7.17716142410741,0.837590768543525,-80.));
#1089=CARTESIAN_POINT('Ctrl Pts',(-7.12029723797483,0.776650890272984,0.));
#1090=CARTESIAN_POINT('Ctrl Pts',(-7.12029723797483,0.776650890272984,-80.));
#1091=CARTESIAN_POINT('Ctrl Pts',(-7.06522770399154,0.70959620517276,0.));
#1092=CARTESIAN_POINT('Ctrl Pts',(-7.06522770399154,0.70959620517276,-80.));
#1093=CARTESIAN_POINT('Ctrl Pts',(-6.98460871941041,0.601904281082939,0.));
#1094=CARTESIAN_POINT('Ctrl Pts',(-6.98460871941041,0.601904281082939,-80.));
#1095=CARTESIAN_POINT('Ctrl Pts',(-6.91461620542902,0.502098414751805,0.));
#1096=CARTESIAN_POINT('Ctrl Pts',(-6.91461620542902,0.502098414751805,-80.));
#1097=CARTESIAN_POINT('Ctrl Pts',(-6.82891413454094,0.381817870123026,0.));
#1098=CARTESIAN_POINT('Ctrl Pts',(-6.82891413454094,0.381817870123026,-80.));
#1099=CARTESIAN_POINT('Ctrl Pts',(-6.76192610137379,0.29330732002825,0.));
#1100=CARTESIAN_POINT('Ctrl Pts',(-6.76192610137379,0.29330732002825,-80.));
#1101=CARTESIAN_POINT('Ctrl Pts',(-6.68965395193322,0.211005069033713,0.));
#1102=CARTESIAN_POINT('Ctrl Pts',(-6.68965395193322,0.211005069033713,-80.));
#1103=CARTESIAN_POINT('Ctrl Pts',(-6.64395217492261,0.168000257004731,0.));
#1104=CARTESIAN_POINT('Ctrl Pts',(-6.64395217492261,0.168000257004731,-80.));
#1105=CARTESIAN_POINT('Ctrl Pts',(-6.60525358151404,0.138761008129076,0.));
#1106=CARTESIAN_POINT('Ctrl Pts',(-6.60525358151404,0.138761008129076,-80.));
#1107=CARTESIAN_POINT('Ctrl Pts',(-6.58544681064339,0.126318512878333,0.));
#1108=CARTESIAN_POINT('Ctrl Pts',(-6.58544681064339,0.126318512878333,-80.));
#1109=CARTESIAN_POINT('Ctrl Pts',(-6.56685712556063,0.11656828281563,0.));
#1110=CARTESIAN_POINT('Ctrl Pts',(-6.56685712556063,0.11656828281563,-80.));
#1111=CARTESIAN_POINT('Ctrl Pts',(-6.55509100789409,0.111368732173799,0.));
#1112=CARTESIAN_POINT('Ctrl Pts',(-6.55509100789409,0.111368732173799,-80.));
#1113=CARTESIAN_POINT('Ctrl Pts',(-6.54115343425218,0.106354453187221,0.));
#1114=CARTESIAN_POINT('Ctrl Pts',(-6.54115343425218,0.106354453187221,-80.));
#1115=CARTESIAN_POINT('Ctrl Pts',(-6.53058902569517,0.103457868949916,0.));
#1116=CARTESIAN_POINT('Ctrl Pts',(-6.53058902569517,0.103457868949916,-80.));
#1117=CARTESIAN_POINT('Ctrl Pts',(-6.51795331939451,0.101059580537337,0.));
#1118=CARTESIAN_POINT('Ctrl Pts',(-6.51795331939451,0.101059580537337,-80.));
#1119=CARTESIAN_POINT('Ctrl Pts',(-6.50819929455487,0.100053322702972,0.));
#1120=CARTESIAN_POINT('Ctrl Pts',(-6.50819929455487,0.100053322702972,-80.));
#1121=CARTESIAN_POINT('Ctrl Pts',(-6.49614703376083,0.099845098334568,0.));
#1122=CARTESIAN_POINT('Ctrl Pts',(-6.49614703376083,0.099845098334568,-80.));
#1123=CARTESIAN_POINT('Ctrl Pts',(-6.48647446006061,0.100510915270391,0.));
#1124=CARTESIAN_POINT('Ctrl Pts',(-6.48647446006061,0.100510915270391,-80.));
#1125=CARTESIAN_POINT('Ctrl Pts',(-6.4740264686521,0.102446174675706,0.));
#1126=CARTESIAN_POINT('Ctrl Pts',(-6.4740264686521,0.102446174675706,-80.));
#1127=CARTESIAN_POINT('Ctrl Pts',(-6.46366794383283,0.104934381025378,0.));
#1128=CARTESIAN_POINT('Ctrl Pts',(-6.46366794383283,0.104934381025378,-80.));
#1129=CARTESIAN_POINT('Ctrl Pts',(-6.44729776438509,0.11027328160008,0.));
#1130=CARTESIAN_POINT('Ctrl Pts',(-6.44729776438509,0.11027328160008,-80.));
#1131=CARTESIAN_POINT('Ctrl Pts',(-6.42972298128545,0.117909915928796,0.));
#1132=CARTESIAN_POINT('Ctrl Pts',(-6.42972298128545,0.117909915928796,-80.));
#1133=CARTESIAN_POINT('Ctrl Pts',(-6.40099150488524,0.134324881755815,0.));
#1134=CARTESIAN_POINT('Ctrl Pts',(-6.40099150488524,0.134324881755815,-80.));
#1135=CARTESIAN_POINT('Ctrl Pts',(-6.37317694374968,0.154479345727844,0.));
#1136=CARTESIAN_POINT('Ctrl Pts',(-6.37317694374968,0.154479345727844,-80.));
#1137=CARTESIAN_POINT('Ctrl Pts',(-6.32888315891871,0.192998955017336,0.));
#1138=CARTESIAN_POINT('Ctrl Pts',(-6.32888315891871,0.192998955017336,-80.));
#1139=CARTESIAN_POINT('Ctrl Pts',(-6.28178083475689,0.242103007204991,0.));
#1140=CARTESIAN_POINT('Ctrl Pts',(-6.28178083475689,0.242103007204991,-80.));
#1141=CARTESIAN_POINT('Ctrl Pts',(-6.20817059122688,0.33164664159939,0.));
#1142=CARTESIAN_POINT('Ctrl Pts',(-6.20817059122688,0.33164664159939,-80.));
#1143=CARTESIAN_POINT('Ctrl Pts',(-6.14047107483005,0.424354896643217,0.));
#1144=CARTESIAN_POINT('Ctrl Pts',(-6.14047107483005,0.424354896643217,-80.));
#1145=CARTESIAN_POINT('Ctrl Pts',(-6.05402665736308,0.546850939852687,0.));
#1146=CARTESIAN_POINT('Ctrl Pts',(-6.05402665736308,0.546850939852687,-80.));
#1147=CARTESIAN_POINT('Ctrl Pts',(-5.98346437890782,0.646048647736598,0.));
#1148=CARTESIAN_POINT('Ctrl Pts',(-5.98346437890782,0.646048647736598,-80.));
#1149=CARTESIAN_POINT('Ctrl Pts',(-5.89285356783384,0.762249042550313,0.));
#1150=CARTESIAN_POINT('Ctrl Pts',(-5.89285356783384,0.762249042550313,-80.));
#1151=CARTESIAN_POINT('Ctrl Pts',(-5.81784033580476,0.845705137388541,0.));
#1152=CARTESIAN_POINT('Ctrl Pts',(-5.81784033580476,0.845705137388541,-80.));
#1153=CARTESIAN_POINT('Ctrl Pts',(-5.73257998157638,0.917978430608614,0.));
#1154=CARTESIAN_POINT('Ctrl Pts',(-5.73257998157638,0.917978430608614,-80.));
#1155=CARTESIAN_POINT('Ctrl Pts',(-5.67865443657161,0.951910094414332,0.));
#1156=CARTESIAN_POINT('Ctrl Pts',(-5.67865443657161,0.951910094414332,-80.));
#1157=CARTESIAN_POINT('Ctrl Pts',(-5.63299596084914,0.972925506646219,0.));
#1158=CARTESIAN_POINT('Ctrl Pts',(-5.63299596084914,0.972925506646219,-80.));
#1159=CARTESIAN_POINT('Ctrl Pts',(-5.60953801720372,0.981799271127234,0.));
#1160=CARTESIAN_POINT('Ctrl Pts',(-5.60953801720372,0.981799271127234,-80.));
#1161=CARTESIAN_POINT('Ctrl Pts',(-5.57949550812899,0.990604633729136,0.));
#1162=CARTESIAN_POINT('Ctrl Pts',(-5.57949550812899,0.990604633729136,-80.));
#1163=CARTESIAN_POINT('Ctrl Pts',(-5.55494404719582,0.995717137585216,0.));
#1164=CARTESIAN_POINT('Ctrl Pts',(-5.55494404719582,0.995717137585216,-80.));
#1165=CARTESIAN_POINT('Ctrl Pts',(-5.52383412934101,0.99949481223898,0.));
#1166=CARTESIAN_POINT('Ctrl Pts',(-5.52383412934101,0.99949481223898,-80.));
#1167=CARTESIAN_POINT('Ctrl Pts',(-5.49873475319916,1.00036883233529,0.));
#1168=CARTESIAN_POINT('Ctrl Pts',(-5.49873475319916,1.00036883233529,-80.));
#1169=CARTESIAN_POINT('Ctrl Pts',(-5.46742510104289,0.998736808179291,0.));
#1170=CARTESIAN_POINT('Ctrl Pts',(-5.46742510104289,0.998736808179291,-80.));
#1171=CARTESIAN_POINT('Ctrl Pts',(-5.4425688815459,0.995277740480987,0.));
#1172=CARTESIAN_POINT('Ctrl Pts',(-5.4425688815459,0.995277740480987,-80.));
#1173=CARTESIAN_POINT('Ctrl Pts',(-5.41201935717547,0.988408152002654,0.));
#1174=CARTESIAN_POINT('Ctrl Pts',(-5.41201935717547,0.988408152002654,-80.));
#1175=CARTESIAN_POINT('Ctrl Pts',(-5.38808394840571,0.980967088781789,0.));
#1176=CARTESIAN_POINT('Ctrl Pts',(-5.38808394840571,0.980967088781789,-80.));
#1177=CARTESIAN_POINT('Ctrl Pts',(-5.35309141945812,0.967175229544714,0.));
#1178=CARTESIAN_POINT('Ctrl Pts',(-5.35309141945812,0.967175229544714,-80.));
#1179=CARTESIAN_POINT('Ctrl Pts',(-5.31935364918394,0.950085938587003,0.));
#1180=CARTESIAN_POINT('Ctrl Pts',(-5.31935364918394,0.950085938587003,-80.));
#1181=CARTESIAN_POINT('Ctrl Pts',(-5.26026932662375,0.912432634170003,0.));
#1182=CARTESIAN_POINT('Ctrl Pts',(-5.26026932662375,0.912432634170003,-80.));
#1183=CARTESIAN_POINT('Ctrl Pts',(-5.20002427130369,0.861499413778535,0.));
#1184=CARTESIAN_POINT('Ctrl Pts',(-5.20002427130369,0.861499413778535,-80.));
#1185=CARTESIAN_POINT('Ctrl Pts',(-5.11439646511488,0.771422012862113,0.));
#1186=CARTESIAN_POINT('Ctrl Pts',(-5.11439646511488,0.771422012862113,-80.));
#1187=CARTESIAN_POINT('Ctrl Pts',(-5.04165703111946,0.679317764014371,0.));
#1188=CARTESIAN_POINT('Ctrl Pts',(-5.04165703111946,0.679317764014371,-80.));
#1189=CARTESIAN_POINT('Ctrl Pts',(-4.95295572525679,0.557254339143366,0.));
#1190=CARTESIAN_POINT('Ctrl Pts',(-4.95295572525679,0.557254339143366,-80.));
#1191=CARTESIAN_POINT('Ctrl Pts',(-4.8835113540437,0.457778196229766,0.));
#1192=CARTESIAN_POINT('Ctrl Pts',(-4.8835113540437,0.457778196229766,-80.));
#1193=CARTESIAN_POINT('Ctrl Pts',(-4.79860177370738,0.340913015086884,0.));
#1194=CARTESIAN_POINT('Ctrl Pts',(-4.79860177370738,0.340913015086884,-80.));
#1195=CARTESIAN_POINT('Ctrl Pts',(-4.73245256703893,0.257550548848285,0.));
#1196=CARTESIAN_POINT('Ctrl Pts',(-4.73245256703893,0.257550548848285,-80.));
#1197=CARTESIAN_POINT('Ctrl Pts',(-4.66183086954833,0.183403841789022,0.));
#1198=CARTESIAN_POINT('Ctrl Pts',(-4.66183086954833,0.183403841789022,-80.));
#1199=CARTESIAN_POINT('Ctrl Pts',(-4.6179097990285,0.146955585822739,0.));
#1200=CARTESIAN_POINT('Ctrl Pts',(-4.6179097990285,0.146955585822739,-80.));
#1201=CARTESIAN_POINT('Ctrl Pts',(-4.58150868297606,0.123870753926152,0.));
#1202=CARTESIAN_POINT('Ctrl Pts',(-4.58150868297606,0.123870753926152,-80.));
#1203=CARTESIAN_POINT('Ctrl Pts',(-4.56316353294045,0.114693763297457,0.));
#1204=CARTESIAN_POINT('Ctrl Pts',(-4.56316353294045,0.114693763297457,-80.));
#1205=CARTESIAN_POINT('Ctrl Pts',(-4.54607312900138,0.107973796697807,0.));
#1206=CARTESIAN_POINT('Ctrl Pts',(-4.54607312900138,0.107973796697807,-80.));
#1207=CARTESIAN_POINT('Ctrl Pts',(-4.53528656277541,0.104650474776036,0.));
#1208=CARTESIAN_POINT('Ctrl Pts',(-4.53528656277541,0.104650474776036,-80.));
#1209=CARTESIAN_POINT('Ctrl Pts',(-4.52243355888407,0.10177029684577,0.));
#1210=CARTESIAN_POINT('Ctrl Pts',(-4.52243355888407,0.10177029684577,-80.));
#1211=CARTESIAN_POINT('Ctrl Pts',(-4.51256769264328,0.100413609276359,0.));
#1212=CARTESIAN_POINT('Ctrl Pts',(-4.51256769264328,0.100413609276359,-80.));
#1213=CARTESIAN_POINT('Ctrl Pts',(-4.50047463298228,0.0997862626166542,
0.));
#1214=CARTESIAN_POINT('Ctrl Pts',(-4.50047463298228,0.0997862626166542,
-80.));
#1215=CARTESIAN_POINT('Ctrl Pts',(-4.49085175092718,0.100117555683636,0.));
#1216=CARTESIAN_POINT('Ctrl Pts',(-4.49085175092718,0.100117555683636,-80.));
#1217=CARTESIAN_POINT('Ctrl Pts',(-4.47855874235229,0.101605012874754,0.));
#1218=CARTESIAN_POINT('Ctrl Pts',(-4.47855874235229,0.101605012874754,-80.));
#1219=CARTESIAN_POINT('Ctrl Pts',(-4.46838778995789,0.103700856252499,0.));
#1220=CARTESIAN_POINT('Ctrl Pts',(-4.46838778995789,0.103700856252499,-80.));
#1221=CARTESIAN_POINT('Ctrl Pts',(-4.45502722513695,0.107605964173298,0.));
#1222=CARTESIAN_POINT('Ctrl Pts',(-4.45502722513695,0.107605964173298,-80.));
#1223=CARTESIAN_POINT('Ctrl Pts',(-4.44376267971166,0.11183534749237,0.));
#1224=CARTESIAN_POINT('Ctrl Pts',(-4.44376267971166,0.11183534749237,-80.));
#1225=CARTESIAN_POINT('Ctrl Pts',(-4.41997616721692,0.12276231429023,0.));
#1226=CARTESIAN_POINT('Ctrl Pts',(-4.41997616721692,0.12276231429023,-80.));
#1227=CARTESIAN_POINT('Ctrl Pts',(-4.38709550784279,0.142914806563502,0.));
#1228=CARTESIAN_POINT('Ctrl Pts',(-4.38709550784279,0.142914806563502,-80.));
#1229=CARTESIAN_POINT('Ctrl Pts',(-4.32478568387675,0.195314346285525,0.));
#1230=CARTESIAN_POINT('Ctrl Pts',(-4.32478568387675,0.195314346285525,-80.));
#1231=CARTESIAN_POINT('Ctrl Pts',(-4.26090964659979,0.265661691183925,0.));
#1232=CARTESIAN_POINT('Ctrl Pts',(-4.26090964659979,0.265661691183925,-80.));
#1233=CARTESIAN_POINT('Ctrl Pts',(-4.17790904666681,0.3721214103607,0.));
#1234=CARTESIAN_POINT('Ctrl Pts',(-4.17790904666681,0.3721214103607,-80.));
#1235=CARTESIAN_POINT('Ctrl Pts',(-4.1095822756799,0.468053836194455,0.));
#1236=CARTESIAN_POINT('Ctrl Pts',(-4.1095822756799,0.468053836194455,-80.));
#1237=CARTESIAN_POINT('Ctrl Pts',(-4.02241538562333,0.591572356809762,0.));
#1238=CARTESIAN_POINT('Ctrl Pts',(-4.02241538562333,0.591572356809762,-80.));
#1239=CARTESIAN_POINT('Ctrl Pts',(-3.95122583405086,0.689255408822864,0.));
#1240=CARTESIAN_POINT('Ctrl Pts',(-3.95122583405086,0.689255408822864,-80.));
#1241=CARTESIAN_POINT('Ctrl Pts',(-3.86858575168125,0.789829332387743,0.));
#1242=CARTESIAN_POINT('Ctrl Pts',(-3.86858575168125,0.789829332387743,-80.));
#1243=CARTESIAN_POINT('Ctrl Pts',(-3.81152107348681,0.849818881571786,0.));
#1244=CARTESIAN_POINT('Ctrl Pts',(-3.81152107348681,0.849818881571786,-80.));
#1245=CARTESIAN_POINT('Ctrl Pts',(-3.75164768806907,0.901973451405131,0.));
#1246=CARTESIAN_POINT('Ctrl Pts',(-3.75164768806907,0.901973451405131,-80.));
#1247=CARTESIAN_POINT('Ctrl Pts',(-3.71001736960324,0.932460905254549,0.));
#1248=CARTESIAN_POINT('Ctrl Pts',(-3.71001736960324,0.932460905254549,-80.));
#1249=CARTESIAN_POINT('Ctrl Pts',(-3.66062326065504,0.960839445281212,0.));
#1250=CARTESIAN_POINT('Ctrl Pts',(-3.66062326065504,0.960839445281212,-80.));
#1251=CARTESIAN_POINT('Ctrl Pts',(-3.62611429232847,0.976054721999484,0.));
#1252=CARTESIAN_POINT('Ctrl Pts',(-3.62611429232847,0.976054721999484,-80.));
#1253=CARTESIAN_POINT('Ctrl Pts',(-3.59040076297547,0.987732120879506,0.));
#1254=CARTESIAN_POINT('Ctrl Pts',(-3.59040076297547,0.987732120879506,-80.));
#1255=CARTESIAN_POINT('Ctrl Pts',(-3.56603685215924,0.993643037696488,0.));
#1256=CARTESIAN_POINT('Ctrl Pts',(-3.56603685215924,0.993643037696488,-80.));
#1257=CARTESIAN_POINT('Ctrl Pts',(-3.53508187981659,0.998472235991567,0.));
#1258=CARTESIAN_POINT('Ctrl Pts',(-3.53508187981659,0.998472235991567,-80.));
#1259=CARTESIAN_POINT('Ctrl Pts',(-3.51003216010204,1.00021694737347,0.));
#1260=CARTESIAN_POINT('Ctrl Pts',(-3.51003216010204,1.00021694737347,-80.));
#1261=CARTESIAN_POINT('Ctrl Pts',(-3.47868166525056,0.99967192169615,0.));
#1262=CARTESIAN_POINT('Ctrl Pts',(-3.47868166525056,0.99967192169615,-80.));
#1263=CARTESIAN_POINT('Ctrl Pts',(-3.4537135727724,0.997063992435389,0.));
#1264=CARTESIAN_POINT('Ctrl Pts',(-3.4537135727724,0.997063992435389,-80.));
#1265=CARTESIAN_POINT('Ctrl Pts',(-3.42294672101548,0.99120273951551,0.));
#1266=CARTESIAN_POINT('Ctrl Pts',(-3.42294672101548,0.99120273951551,-80.));
#1267=CARTESIAN_POINT('Ctrl Pts',(-3.39878913950584,0.984514856861047,0.));
#1268=CARTESIAN_POINT('Ctrl Pts',(-3.39878913950584,0.984514856861047,-80.));
#1269=CARTESIAN_POINT('Ctrl Pts',(-3.36932426057502,0.973887616903301,0.));
#1270=CARTESIAN_POINT('Ctrl Pts',(-3.36932426057502,0.973887616903301,-80.));
#1271=CARTESIAN_POINT('Ctrl Pts',(-3.34636842997989,0.963676539668702,0.));
#1272=CARTESIAN_POINT('Ctrl Pts',(-3.34636842997989,0.963676539668702,-80.));
#1273=CARTESIAN_POINT('Ctrl Pts',(-3.31287518238424,0.946081198341273,0.));
#1274=CARTESIAN_POINT('Ctrl Pts',(-3.31287518238424,0.946081198341273,-80.));
#1275=CARTESIAN_POINT('Ctrl Pts',(-3.28059899197362,0.925627554361281,0.));
#1276=CARTESIAN_POINT('Ctrl Pts',(-3.28059899197362,0.925627554361281,-80.));
#1277=CARTESIAN_POINT('Ctrl Pts',(-3.22381204180434,0.882592785360676,0.));
#1278=CARTESIAN_POINT('Ctrl Pts',(-3.22381204180434,0.882592785360676,-80.));
#1279=CARTESIAN_POINT('Ctrl Pts',(-3.16534757804557,0.826884985895373,0.));
#1280=CARTESIAN_POINT('Ctrl Pts',(-3.16534757804557,0.826884985895373,-80.));
#1281=CARTESIAN_POINT('Ctrl Pts',(-3.08137012751592,0.731160931601528,0.));
#1282=CARTESIAN_POINT('Ctrl Pts',(-3.08137012751592,0.731160931601528,-80.));
#1283=CARTESIAN_POINT('Ctrl Pts',(-3.00946947924799,0.635857564843313,0.));
#1284=CARTESIAN_POINT('Ctrl Pts',(-3.00946947924799,0.635857564843313,-80.));
#1285=CARTESIAN_POINT('Ctrl Pts',(-2.92156064478578,0.512495656328444,0.));
#1286=CARTESIAN_POINT('Ctrl Pts',(-2.92156064478578,0.512495656328444,-80.));
#1287=CARTESIAN_POINT('Ctrl Pts',(-2.85266441970197,0.414302646785465,0.));
#1288=CARTESIAN_POINT('Ctrl Pts',(-2.85266441970197,0.414302646785465,-80.));
#1289=CARTESIAN_POINT('Ctrl Pts',(-2.77703363461085,0.313292219734916,0.));
#1290=CARTESIAN_POINT('Ctrl Pts',(-2.77703363461085,0.313292219734916,-80.));
#1291=CARTESIAN_POINT('Ctrl Pts',(-2.72793671721928,0.253733173553657,0.));
#1292=CARTESIAN_POINT('Ctrl Pts',(-2.72793671721928,0.253733173553657,-80.));
#1293=CARTESIAN_POINT('Ctrl Pts',(-2.68063455867905,0.20307226300836,0.));
#1294=CARTESIAN_POINT('Ctrl Pts',(-2.68063455867905,0.20307226300836,-80.));
#1295=CARTESIAN_POINT('Ctrl Pts',(-2.65019050078309,0.174148987555489,0.));
#1296=CARTESIAN_POINT('Ctrl Pts',(-2.65019050078309,0.174148987555489,-80.));
#1297=CARTESIAN_POINT('Ctrl Pts',(-2.61410036458977,0.144780236862681,0.));
#1298=CARTESIAN_POINT('Ctrl Pts',(-2.61410036458977,0.144780236862681,-80.));
#1299=CARTESIAN_POINT('Ctrl Pts',(-2.58712907023465,0.126890241314844,0.));
#1300=CARTESIAN_POINT('Ctrl Pts',(-2.58712907023465,0.126890241314844,-80.));
#1301=CARTESIAN_POINT('Ctrl Pts',(-2.55950606624401,0.112889996252848,0.));
#1302=CARTESIAN_POINT('Ctrl Pts',(-2.55950606624401,0.112889996252848,-80.));
#1303=CARTESIAN_POINT('Ctrl Pts',(-2.54269770855717,0.106706418298433,0.));
#1304=CARTESIAN_POINT('Ctrl Pts',(-2.54269770855717,0.106706418298433,-80.));
#1305=CARTESIAN_POINT('Ctrl Pts',(-2.52698371632389,0.10264828567108,0.));
#1306=CARTESIAN_POINT('Ctrl Pts',(-2.52698371632389,0.10264828567108,-80.));
#1307=CARTESIAN_POINT('Ctrl Pts',(-2.51697780023075,0.10092913446823,0.));
#1308=CARTESIAN_POINT('Ctrl Pts',(-2.51697780023075,0.10092913446823,-80.));
#1309=CARTESIAN_POINT('Ctrl Pts',(-2.5048040574626,0.0998767144649616,0.));
#1310=CARTESIAN_POINT('Ctrl Pts',(-2.5048040574626,0.0998767144649616,-80.));
#1311=CARTESIAN_POINT('Ctrl Pts',(-2.49519782186167,0.0998768038176553,
0.));
#1312=CARTESIAN_POINT('Ctrl Pts',(-2.49519782186167,0.0998768038176553,
-80.));
#1313=CARTESIAN_POINT('Ctrl Pts',(-2.48302402488658,0.100929455865063,0.));
#1314=CARTESIAN_POINT('Ctrl Pts',(-2.48302402488658,0.100929455865063,-80.));
#1315=CARTESIAN_POINT('Ctrl Pts',(-2.47301802612076,0.102648806595869,0.));
#1316=CARTESIAN_POINT('Ctrl Pts',(-2.47301802612076,0.102648806595869,-80.));
#1317=CARTESIAN_POINT('Ctrl Pts',(-2.4573038688358,0.106707271377881,0.));
#1318=CARTESIAN_POINT('Ctrl Pts',(-2.4573038688358,0.106707271377881,-80.));
#1319=CARTESIAN_POINT('Ctrl Pts',(-2.4404953075807,0.112891228433407,0.));
#1320=CARTESIAN_POINT('Ctrl Pts',(-2.4404953075807,0.112891228433407,-80.));
#1321=CARTESIAN_POINT('Ctrl Pts',(-2.41287199853696,0.126892114168508,0.));
#1322=CARTESIAN_POINT('Ctrl Pts',(-2.41287199853696,0.126892114168508,-80.));
#1323=CARTESIAN_POINT('Ctrl Pts',(-2.38590046602503,0.144782720276498,0.));
#1324=CARTESIAN_POINT('Ctrl Pts',(-2.38590046602503,0.144782720276498,-80.));
#1325=CARTESIAN_POINT('Ctrl Pts',(-2.34981009664792,0.174152216735823,0.));
#1326=CARTESIAN_POINT('Ctrl Pts',(-2.34981009664792,0.174152216735823,-80.));
#1327=CARTESIAN_POINT('Ctrl Pts',(-2.31936589750319,0.203076054309397,0.));
#1328=CARTESIAN_POINT('Ctrl Pts',(-2.31936589750319,0.203076054309397,-80.));
#1329=CARTESIAN_POINT('Ctrl Pts',(-2.2720635779636,0.253737718334348,0.));
#1330=CARTESIAN_POINT('Ctrl Pts',(-2.2720635779636,0.253737718334348,-80.));
#1331=CARTESIAN_POINT('Ctrl Pts',(-2.22296655292464,0.313297384525936,0.));
#1332=CARTESIAN_POINT('Ctrl Pts',(-2.22296655292464,0.313297384525936,-80.));
#1333=CARTESIAN_POINT('Ctrl Pts',(-2.14733565266851,0.414308445501856,0.));
#1334=CARTESIAN_POINT('Ctrl Pts',(-2.14733565266851,0.414308445501856,-80.));
#1335=CARTESIAN_POINT('Ctrl Pts',(-2.07843935267263,0.512501694232783,0.));
#1336=CARTESIAN_POINT('Ctrl Pts',(-2.07843935267263,0.512501694232783,-80.));
#1337=CARTESIAN_POINT('Ctrl Pts',(-1.99053041533048,0.635863503658056,0.));
#1338=CARTESIAN_POINT('Ctrl Pts',(-1.99053041533048,0.635863503658056,-80.));
#1339=CARTESIAN_POINT('Ctrl Pts',(-1.91862966333679,0.731166492253322,0.));
#1340=CARTESIAN_POINT('Ctrl Pts',(-1.91862966333679,0.731166492253322,-80.));
#1341=CARTESIAN_POINT('Ctrl Pts',(-1.8346520127951,0.826889836110267,0.));
#1342=CARTESIAN_POINT('Ctrl Pts',(-1.8346520127951,0.826889836110267,-80.));
#1343=CARTESIAN_POINT('Ctrl Pts',(-1.77618733609116,0.882597024157294,0.));
#1344=CARTESIAN_POINT('Ctrl Pts',(-1.77618733609116,0.882597024157294,-80.));
#1345=CARTESIAN_POINT('Ctrl Pts',(-1.71940010215892,0.925631109457052,0.));
#1346=CARTESIAN_POINT('Ctrl Pts',(-1.71940010215892,0.925631109457052,-80.));
#1347=CARTESIAN_POINT('Ctrl Pts',(-1.68712372572408,0.946084329430133,0.));
#1348=CARTESIAN_POINT('Ctrl Pts',(-1.68712372572408,0.946084329430133,-80.));
#1349=CARTESIAN_POINT('Ctrl Pts',(-1.65363027780183,0.963679192674393,0.));
#1350=CARTESIAN_POINT('Ctrl Pts',(-1.65363027780183,0.963679192674393,-80.));
#1351=CARTESIAN_POINT('Ctrl Pts',(-1.63067431022632,0.97388992153089,0.));
#1352=CARTESIAN_POINT('Ctrl Pts',(-1.63067431022632,0.97388992153089,-80.));
#1353=CARTESIAN_POINT('Ctrl Pts',(-1.60120926869158,0.984516685490076,0.));
#1354=CARTESIAN_POINT('Ctrl Pts',(-1.60120926869158,0.984516685490076,-80.));
#1355=CARTESIAN_POINT('Ctrl Pts',(-1.57705157110187,0.991204154654298,0.));
#1356=CARTESIAN_POINT('Ctrl Pts',(-1.57705157110187,0.991204154654298,-80.));
#1357=CARTESIAN_POINT('Ctrl Pts',(-1.54628460948055,0.997064856081114,0.));
#1358=CARTESIAN_POINT('Ctrl Pts',(-1.54628460948055,0.997064856081114,-80.));
#1359=CARTESIAN_POINT('Ctrl Pts',(-1.52131646454575,0.999672321873827,0.));
#1360=CARTESIAN_POINT('Ctrl Pts',(-1.52131646454575,0.999672321873827,-80.));
#1361=CARTESIAN_POINT('Ctrl Pts',(-1.48996595862217,1.00021675895206,0.));
#1362=CARTESIAN_POINT('Ctrl Pts',(-1.48996595862217,1.00021675895206,-80.));
#1363=CARTESIAN_POINT('Ctrl Pts',(-1.46491627449922,0.998471578793338,0.));
#1364=CARTESIAN_POINT('Ctrl Pts',(-1.46491627449922,0.998471578793338,-80.));
#1365=CARTESIAN_POINT('Ctrl Pts',(-1.43396139513844,0.993641817275075,0.));
#1366=CARTESIAN_POINT('Ctrl Pts',(-1.43396139513844,0.993641817275075,-80.));
#1367=CARTESIAN_POINT('Ctrl Pts',(-1.40959759102608,0.987730474722165,0.));
#1368=CARTESIAN_POINT('Ctrl Pts',(-1.40959759102608,0.987730474722165,-80.));
#1369=CARTESIAN_POINT('Ctrl Pts',(-1.37388424940442,0.976052485082249,0.));
#1370=CARTESIAN_POINT('Ctrl Pts',(-1.37388424940442,0.976052485082249,-80.));
#1371=CARTESIAN_POINT('Ctrl Pts',(-1.33937549012414,0.960836683056923,0.));
#1372=CARTESIAN_POINT('Ctrl Pts',(-1.33937549012414,0.960836683056923,-80.));
#1373=CARTESIAN_POINT('Ctrl Pts',(-1.28998167385225,0.932457464948072,0.));
#1374=CARTESIAN_POINT('Ctrl Pts',(-1.28998167385225,0.932457464948072,-80.));
#1375=CARTESIAN_POINT('Ctrl Pts',(-1.2483515729677,0.901969501607322,0.));
#1376=CARTESIAN_POINT('Ctrl Pts',(-1.2483515729677,0.901969501607322,-80.));
#1377=CARTESIAN_POINT('Ctrl Pts',(-1.18847843934467,0.849814266813779,0.));
#1378=CARTESIAN_POINT('Ctrl Pts',(-1.18847843934467,0.849814266813779,-80.));
#1379=CARTESIAN_POINT('Ctrl Pts',(-1.13141392899769,0.789824171939697,0.));
#1380=CARTESIAN_POINT('Ctrl Pts',(-1.13141392899769,0.789824171939697,-80.));
#1381=CARTESIAN_POINT('Ctrl Pts',(-1.04877400958005,0.68924964855187,0.));
#1382=CARTESIAN_POINT('Ctrl Pts',(-1.04877400958005,0.68924964855187,-80.));
#1383=CARTESIAN_POINT('Ctrl Pts',(-0.977584547548569,0.591566332409741,
0.));
#1384=CARTESIAN_POINT('Ctrl Pts',(-0.977584547548569,0.591566332409741,
-80.));
#1385=CARTESIAN_POINT('Ctrl Pts',(-0.890417755698373,0.468047869669991,
0.));
#1386=CARTESIAN_POINT('Ctrl Pts',(-0.890417755698373,0.468047869669991,
-80.));
#1387=CARTESIAN_POINT('Ctrl Pts',(-0.822091064987609,0.372115814723516,
0.));
#1388=CARTESIAN_POINT('Ctrl Pts',(-0.822091064987609,0.372115814723516,
-80.));
#1389=CARTESIAN_POINT('Ctrl Pts',(-0.739090615000806,0.265656956656395,
0.));
#1390=CARTESIAN_POINT('Ctrl Pts',(-0.739090615000806,0.265656956656395,
-80.));
#1391=CARTESIAN_POINT('Ctrl Pts',(-0.675214767929437,0.195310608257632,
0.));
#1392=CARTESIAN_POINT('Ctrl Pts',(-0.675214767929437,0.195310608257632,
-80.));
#1393=CARTESIAN_POINT('Ctrl Pts',(-0.612905310832991,0.142912336368189,
0.));
#1394=CARTESIAN_POINT('Ctrl Pts',(-0.612905310832991,0.142912336368189,
-80.));
#1395=CARTESIAN_POINT('Ctrl Pts',(-0.580024975867021,0.122760607931764,
0.));
#1396=CARTESIAN_POINT('Ctrl Pts',(-0.580024975867021,0.122760607931764,
-80.));
#1397=CARTESIAN_POINT('Ctrl Pts',(-0.556238735258615,0.111834188277271,
0.));
#1398=CARTESIAN_POINT('Ctrl Pts',(-0.556238735258615,0.111834188277271,
-80.));
#1399=CARTESIAN_POINT('Ctrl Pts',(-0.544974323258451,0.107605058869593,
0.));
#1400=CARTESIAN_POINT('Ctrl Pts',(-0.544974323258451,0.107605058869593,
-80.));
#1401=CARTESIAN_POINT('Ctrl Pts',(-0.531613906499011,0.103700239329609,
0.));
#1402=CARTESIAN_POINT('Ctrl Pts',(-0.531613906499011,0.103700239329609,
-80.));
#1403=CARTESIAN_POINT('Ctrl Pts',(-0.521443049660538,0.101604603585354,
0.));
#1404=CARTESIAN_POINT('Ctrl Pts',(-0.521443049660538,0.101604603585354,
-80.));
#1405=CARTESIAN_POINT('Ctrl Pts',(-0.509150115416859,0.100117384626181,
0.));
#1406=CARTESIAN_POINT('Ctrl Pts',(-0.509150115416859,0.100117384626181,
-80.));
#1407=CARTESIAN_POINT('Ctrl Pts',(-0.499527251353949,0.0997862711634913,
0.));
#1408=CARTESIAN_POINT('Ctrl Pts',(-0.499527251353949,0.0997862711634913,
-80.));
#1409=CARTESIAN_POINT('Ctrl Pts',(-0.487434158718549,0.100413845614864,
0.));
#1410=CARTESIAN_POINT('Ctrl Pts',(-0.487434158718549,0.100413845614864,
-80.));
#1411=CARTESIAN_POINT('Ctrl Pts',(-0.477568224239633,0.101770725601831,
0.));
#1412=CARTESIAN_POINT('Ctrl Pts',(-0.477568224239633,0.101770725601831,
-80.));
#1413=CARTESIAN_POINT('Ctrl Pts',(-0.464715095594035,0.104651169271474,
0.));
#1414=CARTESIAN_POINT('Ctrl Pts',(-0.464715095594035,0.104651169271474,
-80.));
#1415=CARTESIAN_POINT('Ctrl Pts',(-0.453928405756614,0.107974726521164,
0.));
#1416=CARTESIAN_POINT('Ctrl Pts',(-0.453928405756614,0.107974726521164,
-80.));
#1417=CARTESIAN_POINT('Ctrl Pts',(-0.436837801595251,0.114695079890717,
0.));
#1418=CARTESIAN_POINT('Ctrl Pts',(-0.436837801595251,0.114695079890717,
-80.));
#1419=CARTESIAN_POINT('Ctrl Pts',(-0.418492445047091,0.123872497209238,
0.));
#1420=CARTESIAN_POINT('Ctrl Pts',(-0.418492445047091,0.123872497209238,
-80.));
#1421=CARTESIAN_POINT('Ctrl Pts',(-0.38209099274215,0.146958155893149,0.));
#1422=CARTESIAN_POINT('Ctrl Pts',(-0.38209099274215,0.146958155893149,-80.));
#1423=CARTESIAN_POINT('Ctrl Pts',(-0.33816965180465,0.183407322360878,0.));
#1424=CARTESIAN_POINT('Ctrl Pts',(-0.33816965180465,0.183407322360878,-80.));
#1425=CARTESIAN_POINT('Ctrl Pts',(-0.267547706150074,0.257555189791965,
0.));
#1426=CARTESIAN_POINT('Ctrl Pts',(-0.267547706150074,0.257555189791965,
-80.));
#1427=CARTESIAN_POINT('Ctrl Pts',(-0.201398375367495,0.340918414997016,
0.));
#1428=CARTESIAN_POINT('Ctrl Pts',(-0.201398375367495,0.340918414997016,
-80.));
#1429=CARTESIAN_POINT('Ctrl Pts',(-0.116488682574286,0.45778413883565,0.));
#1430=CARTESIAN_POINT('Ctrl Pts',(-0.116488682574286,0.45778413883565,-80.));
#1431=CARTESIAN_POINT('Ctrl Pts',(-0.0470442381298413,0.557260390624877,
0.));
#1432=CARTESIAN_POINT('Ctrl Pts',(-0.0470442381298413,0.557260390624877,
-80.));
#1433=CARTESIAN_POINT('Ctrl Pts',(0.0416571801880607,0.679323564090105,
0.));
#1434=CARTESIAN_POINT('Ctrl Pts',(0.0416571801880607,0.679323564090105,
-80.));
#1435=CARTESIAN_POINT('Ctrl Pts',(0.114396738294371,0.771427327627435,0.));
#1436=CARTESIAN_POINT('Ctrl Pts',(0.114396738294371,0.771427327627435,-80.));
#1437=CARTESIAN_POINT('Ctrl Pts',(0.200024792639795,0.861503913440708,0.));
#1438=CARTESIAN_POINT('Ctrl Pts',(0.200024792639795,0.861503913440708,-80.));
#1439=CARTESIAN_POINT('Ctrl Pts',(0.260270118368962,0.912436453475354,0.));
#1440=CARTESIAN_POINT('Ctrl Pts',(0.260270118368962,0.912436453475354,-80.));
#1441=CARTESIAN_POINT('Ctrl Pts',(0.319354777175131,0.950088983463669,0.));
#1442=CARTESIAN_POINT('Ctrl Pts',(0.319354777175131,0.950088983463669,-80.));
#1443=CARTESIAN_POINT('Ctrl Pts',(0.353092753960304,0.967177786496537,0.));
#1444=CARTESIAN_POINT('Ctrl Pts',(0.353092753960304,0.967177786496537,-80.));
#1445=CARTESIAN_POINT('Ctrl Pts',(0.388085483132275,0.980969094036732,0.));
#1446=CARTESIAN_POINT('Ctrl Pts',(0.388085483132275,0.980969094036732,-80.));
#1447=CARTESIAN_POINT('Ctrl Pts',(0.412021015517077,0.988409756597523,0.));
#1448=CARTESIAN_POINT('Ctrl Pts',(0.412021015517077,0.988409756597523,-80.));
#1449=CARTESIAN_POINT('Ctrl Pts',(0.442570664649255,0.995278806880589,0.));
#1450=CARTESIAN_POINT('Ctrl Pts',(0.442570664649255,0.995278806880589,-80.));
#1451=CARTESIAN_POINT('Ctrl Pts',(0.467426952392561,0.998737418306353,0.));
#1452=CARTESIAN_POINT('Ctrl Pts',(0.467426952392561,0.998737418306353,-80.));
#1453=CARTESIAN_POINT('Ctrl Pts',(0.49873663753494,1.00036885652625,0.));
#1454=CARTESIAN_POINT('Ctrl Pts',(0.49873663753494,1.00036885652625,-80.));
#1455=CARTESIAN_POINT('Ctrl Pts',(0.523835995694253,0.999494364396564,0.));
#1456=CARTESIAN_POINT('Ctrl Pts',(0.523835995694253,0.999494364396564,-80.));
#1457=CARTESIAN_POINT('Ctrl Pts',(0.55494583922835,0.995716116691381,0.));
#1458=CARTESIAN_POINT('Ctrl Pts',(0.55494583922835,0.995716116691381,-80.));
#1459=CARTESIAN_POINT('Ctrl Pts',(0.579497204612099,0.990603175685725,0.));
#1460=CARTESIAN_POINT('Ctrl Pts',(0.579497204612099,0.990603175685725,-80.));
#1461=CARTESIAN_POINT('Ctrl Pts',(0.609539565630438,0.981797304830676,0.));
#1462=CARTESIAN_POINT('Ctrl Pts',(0.609539565630438,0.981797304830676,-80.));
#1463=CARTESIAN_POINT('Ctrl Pts',(0.632997375852496,0.972923166035219,0.));
#1464=CARTESIAN_POINT('Ctrl Pts',(0.632997375852496,0.972923166035219,-80.));
#1465=CARTESIAN_POINT('Ctrl Pts',(0.678655579688534,0.951907068940568,0.));
#1466=CARTESIAN_POINT('Ctrl Pts',(0.678655579688534,0.951907068940568,-80.));
#1467=CARTESIAN_POINT('Ctrl Pts',(0.732580800278121,0.917974697955018,0.));
#1468=CARTESIAN_POINT('Ctrl Pts',(0.732580800278121,0.917974697955018,-80.));
#1469=CARTESIAN_POINT('Ctrl Pts',(0.817840787626118,0.845700441122748,0.));
#1470=CARTESIAN_POINT('Ctrl Pts',(0.817840787626118,0.845700441122748,-80.));
#1471=CARTESIAN_POINT('Ctrl Pts',(0.892853829443638,0.762243668249583,0.));
#1472=CARTESIAN_POINT('Ctrl Pts',(0.892853829443638,0.762243668249583,-80.));
#1473=CARTESIAN_POINT('Ctrl Pts',(0.983464490567946,0.646042737232297,0.));
#1474=CARTESIAN_POINT('Ctrl Pts',(0.983464490567946,0.646042737232297,-80.));
#1475=CARTESIAN_POINT('Ctrl Pts',(1.05402668874607,0.546844885253847,0.));
#1476=CARTESIAN_POINT('Ctrl Pts',(1.05402668874607,0.546844885253847,-80.));
#1477=CARTESIAN_POINT('Ctrl Pts',(1.14047100800698,0.424349060297119,0.));
#1478=CARTESIAN_POINT('Ctrl Pts',(1.14047100800698,0.424349060297119,-80.));
#1479=CARTESIAN_POINT('Ctrl Pts',(1.20817043486439,0.331641307298816,0.));
#1480=CARTESIAN_POINT('Ctrl Pts',(1.20817043486439,0.331641307298816,-80.));
#1481=CARTESIAN_POINT('Ctrl Pts',(1.28178051544675,0.242098585495996,0.));
#1482=CARTESIAN_POINT('Ctrl Pts',(1.28178051544675,0.242098585495996,-80.));
#1483=CARTESIAN_POINT('Ctrl Pts',(1.32888267176645,0.192995321735017,0.));
#1484=CARTESIAN_POINT('Ctrl Pts',(1.32888267176645,0.192995321735017,-80.));
#1485=CARTESIAN_POINT('Ctrl Pts',(1.37317620481008,0.154476589180813,0.));
#1486=CARTESIAN_POINT('Ctrl Pts',(1.37317620481008,0.154476589180813,-80.));
#1487=CARTESIAN_POINT('Ctrl Pts',(1.40099054836998,0.134322736692116,0.));
#1488=CARTESIAN_POINT('Ctrl Pts',(1.40099054836998,0.134322736692116,-80.));
#1489=CARTESIAN_POINT('Ctrl Pts',(1.42972173209808,0.117908433623989,0.));
#1490=CARTESIAN_POINT('Ctrl Pts',(1.42972173209808,0.117908433623989,-80.));
#1491=CARTESIAN_POINT('Ctrl Pts',(1.44729630615113,0.11027220461909,0.));
#1492=CARTESIAN_POINT('Ctrl Pts',(1.44729630615113,0.11027220461909,-80.));
#1493=CARTESIAN_POINT('Ctrl Pts',(1.46366629786281,0.104933663990927,0.));
#1494=CARTESIAN_POINT('Ctrl Pts',(1.46366629786281,0.104933663990927,-80.));
#1495=CARTESIAN_POINT('Ctrl Pts',(1.47402471597267,0.10244567414663,0.));
#1496=CARTESIAN_POINT('Ctrl Pts',(1.47402471597267,0.10244567414663,-80.));
#1497=CARTESIAN_POINT('Ctrl Pts',(1.48647261438967,0.100510660843241,0.));
#1498=CARTESIAN_POINT('Ctrl Pts',(1.48647261438967,0.100510660843241,-80.));
#1499=CARTESIAN_POINT('Ctrl Pts',(1.49614515248894,0.0998450261803095,0.));
#1500=CARTESIAN_POINT('Ctrl Pts',(1.49614515248894,0.0998450261803095,-80.));
#1501=CARTESIAN_POINT('Ctrl Pts',(1.50819742434314,0.100053476169206,0.));
#1502=CARTESIAN_POINT('Ctrl Pts',(1.50819742434314,0.100053476169206,-80.));
#1503=CARTESIAN_POINT('Ctrl Pts',(1.51795150163056,0.101059920599373,0.));
#1504=CARTESIAN_POINT('Ctrl Pts',(1.51795150163056,0.101059920599373,-80.));
#1505=CARTESIAN_POINT('Ctrl Pts',(1.53058731778702,0.103458464386977,0.));
#1506=CARTESIAN_POINT('Ctrl Pts',(1.53058731778702,0.103458464386977,-80.));
#1507=CARTESIAN_POINT('Ctrl Pts',(1.54115184241953,0.106355274436679,0.));
#1508=CARTESIAN_POINT('Ctrl Pts',(1.54115184241953,0.106355274436679,-80.));
#1509=CARTESIAN_POINT('Ctrl Pts',(1.55508957866257,0.111369864809437,0.));
#1510=CARTESIAN_POINT('Ctrl Pts',(1.55508957866257,0.111369864809437,-80.));
#1511=CARTESIAN_POINT('Ctrl Pts',(1.56685583330928,0.116569686001667,0.));
#1512=CARTESIAN_POINT('Ctrl Pts',(1.56685583330928,0.116569686001667,-80.));
#1513=CARTESIAN_POINT('Ctrl Pts',(1.58544571872036,0.126320345257707,0.));
#1514=CARTESIAN_POINT('Ctrl Pts',(1.58544571872036,0.126320345257707,-80.));
#1515=CARTESIAN_POINT('Ctrl Pts',(1.60525267561886,0.138763292558153,0.));
#1516=CARTESIAN_POINT('Ctrl Pts',(1.60525267561886,0.138763292558153,-80.));
#1517=CARTESIAN_POINT('Ctrl Pts',(1.64395155279773,0.168003372258378,0.));
#1518=CARTESIAN_POINT('Ctrl Pts',(1.64395155279773,0.168003372258378,-80.));
#1519=CARTESIAN_POINT('Ctrl Pts',(1.68965354276045,0.211009042437475,0.));
#1520=CARTESIAN_POINT('Ctrl Pts',(1.68965354276045,0.211009042437475,-80.));
#1521=CARTESIAN_POINT('Ctrl Pts',(1.76192589221876,0.293312335396195,0.));
#1522=CARTESIAN_POINT('Ctrl Pts',(1.76192589221876,0.293312335396195,-80.));
#1523=CARTESIAN_POINT('Ctrl Pts',(1.82891402911396,0.381823517441662,0.));
#1524=CARTESIAN_POINT('Ctrl Pts',(1.82891402911396,0.381823517441662,-80.));
#1525=CARTESIAN_POINT('Ctrl Pts',(1.91461620288293,0.502104442516102,0.));
#1526=CARTESIAN_POINT('Ctrl Pts',(1.91461620288293,0.502104442516102,-80.));
#1527=CARTESIAN_POINT('Ctrl Pts',(1.98460879177593,0.601910289399183,0.));
#1528=CARTESIAN_POINT('Ctrl Pts',(1.98460879177593,0.601910289399183,-80.));
#1529=CARTESIAN_POINT('Ctrl Pts',(2.0652278915198,0.709601856176582,0.));
#1530=CARTESIAN_POINT('Ctrl Pts',(2.0652278915198,0.709601856176582,-80.));
#1531=CARTESIAN_POINT('Ctrl Pts',(2.12029753314751,0.776656135189008,0.));
#1532=CARTESIAN_POINT('Ctrl Pts',(2.12029753314751,0.776656135189008,-80.));
#1533=CARTESIAN_POINT('Ctrl Pts',(2.17716188027459,0.837595489578787,0.));
#1534=CARTESIAN_POINT('Ctrl Pts',(2.17716188027459,0.837595489578787,-80.));
#1535=CARTESIAN_POINT('Ctrl Pts',(2.2161621255743,0.874822757374799,0.));
#1536=CARTESIAN_POINT('Ctrl Pts',(2.2161621255743,0.874822757374799,-80.));
#1537=CARTESIAN_POINT('Ctrl Pts',(2.26687731175275,0.916175844341514,0.));
#1538=CARTESIAN_POINT('Ctrl Pts',(2.26687731175275,0.916175844341514,-80.));
#1539=CARTESIAN_POINT('Ctrl Pts',(2.30935022368526,0.944720056248686,0.));
#1540=CARTESIAN_POINT('Ctrl Pts',(2.30935022368526,0.944720056248686,-80.));
#1541=CARTESIAN_POINT('Ctrl Pts',(2.35985191464152,0.970500583589649,0.));
#1542=CARTESIAN_POINT('Ctrl Pts',(2.35985191464152,0.970500583589649,-80.));
#1543=CARTESIAN_POINT('Ctrl Pts',(2.39512668671975,0.983699663830934,0.));
#1544=CARTESIAN_POINT('Ctrl Pts',(2.39512668671975,0.983699663830934,-80.));
#1545=CARTESIAN_POINT('Ctrl Pts',(2.43149586276813,0.993121552833815,0.));
#1546=CARTESIAN_POINT('Ctrl Pts',(2.43149586276813,0.993121552833815,-80.));
#1547=CARTESIAN_POINT('Ctrl Pts',(2.45621208622454,0.997416424273457,0.));
#1548=CARTESIAN_POINT('Ctrl Pts',(2.45621208622454,0.997416424273457,-80.));
#1549=CARTESIAN_POINT('Ctrl Pts',(2.48744106702722,1.00012753099956,0.));
#1550=CARTESIAN_POINT('Ctrl Pts',(2.48744106702722,1.00012753099956,-80.));
#1551=CARTESIAN_POINT('Ctrl Pts',(2.51255705364851,1.0001277675633,0.));
#1552=CARTESIAN_POINT('Ctrl Pts',(2.51255705364851,1.0001277675633,-80.));
#1553=CARTESIAN_POINT('Ctrl Pts',(2.54378608865814,0.997417241542299,0.));
#1554=CARTESIAN_POINT('Ctrl Pts',(2.54378608865814,0.997417241542299,-80.));
#1555=CARTESIAN_POINT('Ctrl Pts',(2.56850239478722,0.993122817505246,0.));
#1556=CARTESIAN_POINT('Ctrl Pts',(2.56850239478722,0.993122817505246,-80.));
#1557=CARTESIAN_POINT('Ctrl Pts',(2.60487173588727,0.983701556978838,0.));
#1558=CARTESIAN_POINT('Ctrl Pts',(2.60487173588727,0.983701556978838,-80.));
#1559=CARTESIAN_POINT('Ctrl Pts',(2.64014671153377,0.970503042016466,0.));
#1560=CARTESIAN_POINT('Ctrl Pts',(2.64014671153377,0.970503042016466,-80.));
#1561=CARTESIAN_POINT('Ctrl Pts',(2.69064870754313,0.94472324237973,0.));
#1562=CARTESIAN_POINT('Ctrl Pts',(2.69064870754313,0.94472324237973,-80.));
#1563=CARTESIAN_POINT('Ctrl Pts',(2.73312185763245,0.916179572514434,0.));
#1564=CARTESIAN_POINT('Ctrl Pts',(2.73312185763245,0.916179572514434,-80.));
#1565=CARTESIAN_POINT('Ctrl Pts',(2.78383727699469,0.874827072129677,0.));
#1566=CARTESIAN_POINT('Ctrl Pts',(2.78383727699469,0.874827072129677,-80.));
#1567=CARTESIAN_POINT('Ctrl Pts',(2.82283766354317,0.837600210567669,0.));
#1568=CARTESIAN_POINT('Ctrl Pts',(2.82283766354317,0.837600210567669,-80.));
#1569=CARTESIAN_POINT('Ctrl Pts',(2.87970217166961,0.776661380068059,0.));
#1570=CARTESIAN_POINT('Ctrl Pts',(2.87970217166961,0.776661380068059,-80.));
#1571=CARTESIAN_POINT('Ctrl Pts',(2.9347719209447,0.709607507153504,0.));
#1572=CARTESIAN_POINT('Ctrl Pts',(2.9347719209447,0.709607507153504,-80.));
#1573=CARTESIAN_POINT('Ctrl Pts',(3.01539113585358,0.60191629770585,0.));
#1574=CARTESIAN_POINT('Ctrl Pts',(3.01539113585358,0.60191629770585,-80.));
#1575=CARTESIAN_POINT('Ctrl Pts',(3.08538379965867,0.502110470287947,0.));
#1576=CARTESIAN_POINT('Ctrl Pts',(3.08538379965867,0.502110470287947,-80.));
#1577=CARTESIAN_POINT('Ctrl Pts',(3.17108607630757,0.381829164789804,0.));
#1578=CARTESIAN_POINT('Ctrl Pts',(3.17108607630757,0.381829164789804,-80.));
#1579=CARTESIAN_POINT('Ctrl Pts',(3.23807431692852,0.293317350811041,0.));
#1580=CARTESIAN_POINT('Ctrl Pts',(3.23807431692852,0.293317350811041,-80.));
#1581=CARTESIAN_POINT('Ctrl Pts',(3.31034686639887,0.211013015904964,0.));
#1582=CARTESIAN_POINT('Ctrl Pts',(3.31034686639887,0.211013015904964,-80.));
#1583=CARTESIAN_POINT('Ctrl Pts',(3.35604906930677,0.168006487584189,0.));
#1584=CARTESIAN_POINT('Ctrl Pts',(3.35604906930677,0.168006487584189,-80.));
#1585=CARTESIAN_POINT('Ctrl Pts',(3.3947482302486,0.138765577061164,0.));
#1586=CARTESIAN_POINT('Ctrl Pts',(3.3947482302486,0.138765577061164,-80.));
#1587=CARTESIAN_POINT('Ctrl Pts',(3.41455537317131,0.126322177709174,0.));
#1588=CARTESIAN_POINT('Ctrl Pts',(3.41455537317131,0.126322177709174,-80.));
#1589=CARTESIAN_POINT('Ctrl Pts',(3.43314545890899,0.116571089255424,0.));
#1590=CARTESIAN_POINT('Ctrl Pts',(3.43314545890899,0.116571089255424,-80.));
#1591=CARTESIAN_POINT('Ctrl Pts',(3.44491185053609,0.111370997508673,0.));
#1592=CARTESIAN_POINT('Ctrl Pts',(3.44491185053609,0.111370997508673,-80.));
#1593=CARTESIAN_POINT('Ctrl Pts',(3.45884974938305,0.106356095743675,0.));
#1594=CARTESIAN_POINT('Ctrl Pts',(3.45884974938305,0.106356095743675,-80.));
#1595=CARTESIAN_POINT('Ctrl Pts',(3.46941439009563,0.103459059876461,0.));
#1596=CARTESIAN_POINT('Ctrl Pts',(3.46941439009563,0.103459059876461,-80.));
#1597=CARTESIAN_POINT('Ctrl Pts',(3.48205031611649,0.101060260708494,0.));
#1598=CARTESIAN_POINT('Ctrl Pts',(3.48205031611649,0.101060260708494,-80.));
#1599=CARTESIAN_POINT('Ctrl Pts',(3.49180444586055,0.100053629679764,0.));
#1600=CARTESIAN_POINT('Ctrl Pts',(3.49180444586055,0.100053629679764,-80.));
#1601=CARTESIAN_POINT('Ctrl Pts',(3.50385672878685,0.099844954069785,0.));
#1602=CARTESIAN_POINT('Ctrl Pts',(3.50385672878685,0.099844954069785,-80.));
#1603=CARTESIAN_POINT('Ctrl Pts',(3.51352923129452,0.100510406461728,0.));
#1604=CARTESIAN_POINT('Ctrl Pts',(3.51352923129452,0.100510406461728,-80.));
#1605=CARTESIAN_POINT('Ctrl Pts',(3.52597703672964,0.102445173667854,0.));
#1606=CARTESIAN_POINT('Ctrl Pts',(3.52597703672964,0.102445173667854,-80.));
#1607=CARTESIAN_POINT('Ctrl Pts',(3.53633534813564,0.104932947011716,0.));
#1608=CARTESIAN_POINT('Ctrl Pts',(3.53633534813564,0.104932947011716,-80.));
#1609=CARTESIAN_POINT('Ctrl Pts',(3.55270515211597,0.11027112770084,0.));
#1610=CARTESIAN_POINT('Ctrl Pts',(3.55270515211597,0.11027112770084,-80.));
#1611=CARTESIAN_POINT('Ctrl Pts',(3.57027951712274,0.117906951388418,0.));
#1612=CARTESIAN_POINT('Ctrl Pts',(3.57027951712274,0.117906951388418,-80.));
#1613=CARTESIAN_POINT('Ctrl Pts',(3.59901040817454,0.134320591702448,0.));
#1614=CARTESIAN_POINT('Ctrl Pts',(3.59901040817454,0.134320591702448,-80.));
#1615=CARTESIAN_POINT('Ctrl Pts',(3.62682453415315,0.154473832707182,0.));
#1616=CARTESIAN_POINT('Ctrl Pts',(3.62682453415315,0.154473832707182,-80.));
#1617=CARTESIAN_POINT('Ctrl Pts',(3.67111781540207,0.192991688520269,0.));
#1618=CARTESIAN_POINT('Ctrl Pts',(3.67111781540207,0.192991688520269,-80.));
#1619=CARTESIAN_POINT('Ctrl Pts',(3.7182198038743,0.242094163844302,0.));
#1620=CARTESIAN_POINT('Ctrl Pts',(3.7182198038743,0.242094163844302,-80.));
#1621=CARTESIAN_POINT('Ctrl Pts',(3.79182972150469,0.331635973037488,0.));
#1622=CARTESIAN_POINT('Ctrl Pts',(3.79182972150469,0.331635973037488,-80.));
#1623=CARTESIAN_POINT('Ctrl Pts',(3.85952905882112,0.424343223972587,0.));
#1624=CARTESIAN_POINT('Ctrl Pts',(3.85952905882112,0.424343223972587,-80.));
#1625=CARTESIAN_POINT('Ctrl Pts',(3.94597327987566,0.546838830654746,0.));
#1626=CARTESIAN_POINT('Ctrl Pts',(3.94597327987566,0.546838830654746,-80.));
#1627=CARTESIAN_POINT('Ctrl Pts',(4.01653539777764,0.646036826711174,0.));
#1628=CARTESIAN_POINT('Ctrl Pts',(4.01653539777764,0.646036826711174,-80.));
#1629=CARTESIAN_POINT('Ctrl Pts',(4.10714590895577,0.762238293913816,0.));
#1630=CARTESIAN_POINT('Ctrl Pts',(4.10714590895577,0.762238293913816,-80.));
#1631=CARTESIAN_POINT('Ctrl Pts',(4.1821587605677,0.845695744809804,0.));
#1632=CARTESIAN_POINT('Ctrl Pts',(4.1821587605677,0.845695744809804,-80.));
#1633=CARTESIAN_POINT('Ctrl Pts',(4.26741838104609,0.917970965240441,0.));
#1634=CARTESIAN_POINT('Ctrl Pts',(4.26741838104609,0.917970965240441,-80.));
#1635=CARTESIAN_POINT('Ctrl Pts',(4.32134327722753,0.951904043392643,0.));
#1636=CARTESIAN_POINT('Ctrl Pts',(4.32134327722753,0.951904043392643,-80.));
#1637=CARTESIAN_POINT('Ctrl Pts',(4.36700120917723,0.972920825336717,0.));
#1638=CARTESIAN_POINT('Ctrl Pts',(4.36700120917723,0.972920825336717,-80.));
#1639=CARTESIAN_POINT('Ctrl Pts',(4.39045888597416,0.981795338439486,0.));
#1640=CARTESIAN_POINT('Ctrl Pts',(4.39045888597416,0.981795338439486,-80.));
#1641=CARTESIAN_POINT('Ctrl Pts',(4.420501098931,0.990601717539164,0.));
#1642=CARTESIAN_POINT('Ctrl Pts',(4.420501098931,0.990601717539164,-80.));
#1643=CARTESIAN_POINT('Ctrl Pts',(4.44505236875882,0.995715095688512,0.));
#1644=CARTESIAN_POINT('Ctrl Pts',(4.44505236875882,0.995715095688512,-80.));
#1645=CARTESIAN_POINT('Ctrl Pts',(4.47616213796171,0.999493916440364,0.));
#1646=CARTESIAN_POINT('Ctrl Pts',(4.47616213796171,0.999493916440364,-80.));
#1647=CARTESIAN_POINT('Ctrl Pts',(4.50126147812883,1.00036888060225,0.));
#1648=CARTESIAN_POINT('Ctrl Pts',(4.50126147812883,1.00036888060225,-80.));
#1649=CARTESIAN_POINT('Ctrl Pts',(4.53257119624561,0.998738028320598,0.));
#1650=CARTESIAN_POINT('Ctrl Pts',(4.53257119624561,0.998738028320598,-80.));
#1651=CARTESIAN_POINT('Ctrl Pts',(4.55742755222704,0.995279873171734,0.));
#1652=CARTESIAN_POINT('Ctrl Pts',(4.55742755222704,0.995279873171734,-80.));
#1653=CARTESIAN_POINT('Ctrl Pts',(4.58797732611348,0.988411361091486,0.));
#1654=CARTESIAN_POINT('Ctrl Pts',(4.58797732611348,0.988411361091486,-80.));
#1655=CARTESIAN_POINT('Ctrl Pts',(4.61191298210973,0.980971099197809,0.));
#1656=CARTESIAN_POINT('Ctrl Pts',(4.61191298210973,0.980971099197809,-80.));
#1657=CARTESIAN_POINT('Ctrl Pts',(4.64690591150399,0.967180343365,0.));
#1658=CARTESIAN_POINT('Ctrl Pts',(4.64690591150399,0.967180343365,-80.));
#1659=CARTESIAN_POINT('Ctrl Pts',(4.68064409480172,0.95009202826663,0.));
#1660=CARTESIAN_POINT('Ctrl Pts',(4.68064409480172,0.95009202826663,-80.));
#1661=CARTESIAN_POINT('Ctrl Pts',(4.73972908986039,0.912440272720754,0.));
#1662=CARTESIAN_POINT('Ctrl Pts',(4.73972908986039,0.912440272720754,-80.));
#1663=CARTESIAN_POINT('Ctrl Pts',(4.79997468600723,0.861508413052828,0.));
#1664=CARTESIAN_POINT('Ctrl Pts',(4.79997468600723,0.861508413052828,-80.));
#1665=CARTESIAN_POINT('Ctrl Pts',(4.88560298851663,0.771432642356542,0.));
#1666=CARTESIAN_POINT('Ctrl Pts',(4.88560298851663,0.771432642356542,-80.));
#1667=CARTESIAN_POINT('Ctrl Pts',(4.95834267073707,0.679329364143616,0.));
#1668=CARTESIAN_POINT('Ctrl Pts',(4.95834267073707,0.679329364143616,-80.));
#1669=CARTESIAN_POINT('Ctrl Pts',(5.04704420151185,0.557266442104352,0.));
#1670=CARTESIAN_POINT('Ctrl Pts',(5.04704420151185,0.557266442104352,-80.));
#1671=CARTESIAN_POINT('Ctrl Pts',(5.11648871918766,0.457790081457009,0.));
#1672=CARTESIAN_POINT('Ctrl Pts',(5.11648871918766,0.457790081457009,-80.));
#1673=CARTESIAN_POINT('Ctrl Pts',(5.2013985244361,0.340923814944496,0.));
#1674=CARTESIAN_POINT('Ctrl Pts',(5.2013985244361,0.340923814944496,-80.));
#1675=CARTESIAN_POINT('Ctrl Pts',(5.26754797932956,0.257559830789889,0.));
#1676=CARTESIAN_POINT('Ctrl Pts',(5.26754797932956,0.257559830789889,-80.));
#1677=CARTESIAN_POINT('Ctrl Pts',(5.33817017314076,0.183410803002054,0.));
#1678=CARTESIAN_POINT('Ctrl Pts',(5.33817017314076,0.183410803002054,-80.));
#1679=CARTESIAN_POINT('Ctrl Pts',(5.38209178448735,0.146960726038363,0.));
#1680=CARTESIAN_POINT('Ctrl Pts',(5.38209178448735,0.146960726038363,-80.));
#1681=CARTESIAN_POINT('Ctrl Pts',(5.41849357303829,0.123874240564064,0.));
#1682=CARTESIAN_POINT('Ctrl Pts',(5.41849357303829,0.123874240564064,-80.));
#1683=CARTESIAN_POINT('Ctrl Pts',(5.43683913609744,0.114696396550687,0.));
#1684=CARTESIAN_POINT('Ctrl Pts',(5.43683913609744,0.114696396550687,-80.));
#1685=CARTESIAN_POINT('Ctrl Pts',(5.45392994048319,0.107975656404335,0.));
#1686=CARTESIAN_POINT('Ctrl Pts',(5.45392994048319,0.107975656404335,-80.));
#1687=CARTESIAN_POINT('Ctrl Pts',(5.46471675393565,0.104651863821581,0.));
#1688=CARTESIAN_POINT('Ctrl Pts',(5.46471675393565,0.104651863821581,-80.));
#1689=CARTESIAN_POINT('Ctrl Pts',(5.47757000734299,0.101771154406724,0.));
#1690=CARTESIAN_POINT('Ctrl Pts',(5.47757000734299,0.101771154406724,-80.));
#1691=CARTESIAN_POINT('Ctrl Pts',(5.48743601006822,0.10041408199869,0.));
#1692=CARTESIAN_POINT('Ctrl Pts',(5.48743601006822,0.10041408199869,-80.));
#1693=CARTESIAN_POINT('Ctrl Pts',(5.49952913568972,0.0997862797539,0.));
#1694=CARTESIAN_POINT('Ctrl Pts',(5.49952913568972,0.0997862797539,-80.));
#1695=CARTESIAN_POINT('Ctrl Pts',(5.50915198177009,0.100117213613269,0.));
#1696=CARTESIAN_POINT('Ctrl Pts',(5.50915198177009,0.100117213613269,-80.));
#1697=CARTESIAN_POINT('Ctrl Pts',(5.52144484169308,0.101604194344319,0.));
#1698=CARTESIAN_POINT('Ctrl Pts',(5.52144484169308,0.101604194344319,-80.));
#1699=CARTESIAN_POINT('Ctrl Pts',(5.53161560298213,0.103699622459697,0.));
#1700=CARTESIAN_POINT('Ctrl Pts',(5.53161560298213,0.103699622459697,-80.));
#1701=CARTESIAN_POINT('Ctrl Pts',(5.54497587168517,0.107604153625148,0.));
#1702=CARTESIAN_POINT('Ctrl Pts',(5.54497587168517,0.107604153625148,-80.));
#1703=CARTESIAN_POINT('Ctrl Pts',(5.55624015026196,0.111833029126255,0.));
#1704=CARTESIAN_POINT('Ctrl Pts',(5.55624015026196,0.111833029126255,-80.));
#1705=CARTESIAN_POINT('Ctrl Pts',(5.58002611898393,0.1227589016451,0.));
#1706=CARTESIAN_POINT('Ctrl Pts',(5.58002611898393,0.1227589016451,-80.));
#1707=CARTESIAN_POINT('Ctrl Pts',(5.61290612953473,0.142909866248335,0.));
#1708=CARTESIAN_POINT('Ctrl Pts',(5.61290612953473,0.142909866248335,-80.));
#1709=CARTESIAN_POINT('Ctrl Pts',(5.6752152197508,0.19530687029708,0.));
#1710=CARTESIAN_POINT('Ctrl Pts',(5.6752152197508,0.19530687029708,-80.));
#1711=CARTESIAN_POINT('Ctrl Pts',(5.73909087661061,0.265652222181244,0.));
#1712=CARTESIAN_POINT('Ctrl Pts',(5.73909087661061,0.265652222181244,-80.));
#1713=CARTESIAN_POINT('Ctrl Pts',(5.82209117664773,0.372110219117734,0.));
#1714=CARTESIAN_POINT('Ctrl Pts',(5.82209117664773,0.372110219117734,-80.));
#1715=CARTESIAN_POINT('Ctrl Pts',(5.89041778708136,0.468041903159139,0.));
#1716=CARTESIAN_POINT('Ctrl Pts',(5.89041778708136,0.468041903159139,-80.));
#1717=CARTESIAN_POINT('Ctrl Pts',(5.9775844807255,0.59156030800185,0.));
#1718=CARTESIAN_POINT('Ctrl Pts',(5.9775844807255,0.59156030800185,-80.));
#1719=CARTESIAN_POINT('Ctrl Pts',(6.04877385321756,0.689243888257171,0.));
#1720=CARTESIAN_POINT('Ctrl Pts',(6.04877385321756,0.689243888257171,-80.));
#1721=CARTESIAN_POINT('Ctrl Pts',(6.13141360968756,0.78981901145253,0.));
#1722=CARTESIAN_POINT('Ctrl Pts',(6.13141360968756,0.78981901145253,-80.));
#1723=CARTESIAN_POINT('Ctrl Pts',(6.1884779521924,0.849809652007715,0.));
#1724=CARTESIAN_POINT('Ctrl Pts',(6.1884779521924,0.849809652007715,-80.));
#1725=CARTESIAN_POINT('Ctrl Pts',(6.24835083402811,0.901965551751327,0.));
#1726=CARTESIAN_POINT('Ctrl Pts',(6.24835083402811,0.901965551751327,-80.));
#1727=CARTESIAN_POINT('Ctrl Pts',(6.28998071733699,0.932454024575123,0.));
#1728=CARTESIAN_POINT('Ctrl Pts',(6.28998071733699,0.932454024575123,-80.));
#1729=CARTESIAN_POINT('Ctrl Pts',(6.33937424093677,0.960833920753483,0.));
#1730=CARTESIAN_POINT('Ctrl Pts',(6.33937424093677,0.960833920753483,-80.));
#1731=CARTESIAN_POINT('Ctrl Pts',(6.37388279117046,0.976050248075345,0.));
#1732=CARTESIAN_POINT('Ctrl Pts',(6.37388279117046,0.976050248075345,-80.));
#1733=CARTESIAN_POINT('Ctrl Pts',(6.40959594505606,0.987728828464658,0.));
#1734=CARTESIAN_POINT('Ctrl Pts',(6.40959594505606,0.987728828464658,-80.));
#1735=CARTESIAN_POINT('Ctrl Pts',(6.43395964245902,0.993640596747078,0.));
#1736=CARTESIAN_POINT('Ctrl Pts',(6.43395964245902,0.993640596747078,-80.));
#1737=CARTESIAN_POINT('Ctrl Pts',(6.46491442882829,0.99847092148267,0.));
#1738=CARTESIAN_POINT('Ctrl Pts',(6.46491442882829,0.99847092148267,-80.));
#1739=CARTESIAN_POINT('Ctrl Pts',(6.48996407735029,1.00021657041588,0.));
#1740=CARTESIAN_POINT('Ctrl Pts',(6.48996407735029,1.00021657041588,-80.));
#1741=CARTESIAN_POINT('Ctrl Pts',(6.52131459433402,0.99967272193746,0.));
#1742=CARTESIAN_POINT('Ctrl Pts',(6.52131459433402,0.99967272193746,-80.));
#1743=CARTESIAN_POINT('Ctrl Pts',(6.54628279171661,0.997065719616191,0.));
#1744=CARTESIAN_POINT('Ctrl Pts',(6.54628279171661,0.997065719616191,-80.));
#1745=CARTESIAN_POINT('Ctrl Pts',(6.57704986319373,0.991205569689235,0.));
#1746=CARTESIAN_POINT('Ctrl Pts',(6.57704986319373,0.991205569689235,-80.));
#1747=CARTESIAN_POINT('Ctrl Pts',(6.60120767685894,0.984518514022055,0.));
#1748=CARTESIAN_POINT('Ctrl Pts',(6.60120767685894,0.984518514022055,-80.));
#1749=CARTESIAN_POINT('Ctrl Pts',(6.63067288099479,0.973892226070239,0.));
#1750=CARTESIAN_POINT('Ctrl Pts',(6.63067288099479,0.973892226070239,-80.));
#1751=CARTESIAN_POINT('Ctrl Pts',(6.65362898555048,0.963681845598681,0.));
#1752=CARTESIAN_POINT('Ctrl Pts',(6.65362898555048,0.963681845598681,-80.));
#1753=CARTESIAN_POINT('Ctrl Pts',(6.68712263380105,0.946087460446779,0.));
#1754=CARTESIAN_POINT('Ctrl Pts',(6.68712263380105,0.946087460446779,-80.));
#1755=CARTESIAN_POINT('Ctrl Pts',(6.71939919626373,0.92563466448824,0.));
#1756=CARTESIAN_POINT('Ctrl Pts',(6.71939919626373,0.92563466448824,-80.));
#1757=CARTESIAN_POINT('Ctrl Pts',(6.77618671396629,0.882601262900281,0.));
#1758=CARTESIAN_POINT('Ctrl Pts',(6.77618671396629,0.882601262900281,-80.));
#1759=CARTESIAN_POINT('Ctrl Pts',(6.83465160362234,0.826894686280472,0.));
#1760=CARTESIAN_POINT('Ctrl Pts',(6.83465160362234,0.826894686280472,-80.));
#1761=CARTESIAN_POINT('Ctrl Pts',(6.91862945418175,0.731172052874935,0.));
#1762=CARTESIAN_POINT('Ctrl Pts',(6.91862945418175,0.731172052874935,-80.));
#1763=CARTESIAN_POINT('Ctrl Pts',(6.9905303099035,0.635869442457583,0.));
#1764=CARTESIAN_POINT('Ctrl Pts',(6.9905303099035,0.635869442457583,-80.));
#1765=CARTESIAN_POINT('Ctrl Pts',(7.07843935012654,0.512507732142841,0.));
#1766=CARTESIAN_POINT('Ctrl Pts',(7.07843935012654,0.512507732142841,-80.));
#1767=CARTESIAN_POINT('Ctrl Pts',(7.14733572503404,0.414314244241698,0.));
#1768=CARTESIAN_POINT('Ctrl Pts',(7.14733572503404,0.414314244241698,-80.));
#1769=CARTESIAN_POINT('Ctrl Pts',(7.22296674045291,0.31330254935982,0.));
#1770=CARTESIAN_POINT('Ctrl Pts',(7.22296674045291,0.31330254935982,-80.));
#1771=CARTESIAN_POINT('Ctrl Pts',(7.27206387313627,0.253742263170115,0.));
#1772=CARTESIAN_POINT('Ctrl Pts',(7.27206387313627,0.253742263170115,-80.));
#1773=CARTESIAN_POINT('Ctrl Pts',(7.31936635367037,0.203079845675753,0.));
#1774=CARTESIAN_POINT('Ctrl Pts',(7.31936635367037,0.203079845675753,-80.));
#1775=CARTESIAN_POINT('Ctrl Pts',(7.34981069405949,0.174155445986897,0.));
#1776=CARTESIAN_POINT('Ctrl Pts',(7.34981069405949,0.174155445986897,-80.));
#1777=CARTESIAN_POINT('Ctrl Pts',(7.38590129661389,0.144785203764436,0.));
#1778=CARTESIAN_POINT('Ctrl Pts',(7.38590129661389,0.144785203764436,-80.));
#1779=CARTESIAN_POINT('Ctrl Pts',(7.4128730672772,0.1268939870951,0.));
#1780=CARTESIAN_POINT('Ctrl Pts',(7.4128730672772,0.1268939870951,-80.));
#1781=CARTESIAN_POINT('Ctrl Pts',(7.44049668137168,0.112892460679768,0.));
#1782=CARTESIAN_POINT('Ctrl Pts',(7.44049668137168,0.112892460679768,-80.));
#1783=CARTESIAN_POINT('Ctrl Pts',(7.4573054461978,0.106708124515534,0.));
#1784=CARTESIAN_POINT('Ctrl Pts',(7.4573054461978,0.106708124515534,-80.));
#1785=CARTESIAN_POINT('Ctrl Pts',(7.473019768542,0.102649327571479,0.));
#1786=CARTESIAN_POINT('Ctrl Pts',(7.473019768542,0.102649327571479,-80.));
#1787=CARTESIAN_POINT('Ctrl Pts',(7.48302584998788,0.100929777308582,0.));
#1788=CARTESIAN_POINT('Ctrl Pts',(7.48302584998788,0.100929777308582,-80.));
#1789=CARTESIAN_POINT('Ctrl Pts',(7.49519970118113,0.0998768932141943,0.));
#1790=CARTESIAN_POINT('Ctrl Pts',(7.49519970118113,0.0998768932141943,-80.));
#1791=CARTESIAN_POINT('Ctrl Pts',(7.50480593679182,0.0998766251561127,0.));
#1792=CARTESIAN_POINT('Ctrl Pts',(7.50480593679182,0.0998766251561127,-80.));
#1793=CARTESIAN_POINT('Ctrl Pts',(7.51697962536423,0.100928813118081,0.));
#1794=CARTESIAN_POINT('Ctrl Pts',(7.51697962536423,0.100928813118081,-80.));
#1795=CARTESIAN_POINT('Ctrl Pts',(7.5269854587921,0.10264776479711,0.));
#1796=CARTESIAN_POINT('Ctrl Pts',(7.5269854587921,0.10264776479711,-80.));
#1797=CARTESIAN_POINT('Ctrl Pts',(7.54269928598127,0.106705565277189,0.));
#1798=CARTESIAN_POINT('Ctrl Pts',(7.54269928598127,0.106705565277189,-80.));
#1799=CARTESIAN_POINT('Ctrl Pts',(7.55950744010259,0.112888764138088,0.));
#1800=CARTESIAN_POINT('Ctrl Pts',(7.55950744010259,0.112888764138088,-80.));
#1801=CARTESIAN_POINT('Ctrl Pts',(7.58713013903777,0.126888368534108,0.));
#1802=CARTESIAN_POINT('Ctrl Pts',(7.58713013903777,0.126888368534108,-80.));
#1803=CARTESIAN_POINT('Ctrl Pts',(7.61410119523066,0.144777753522986,0.));
#1804=CARTESIAN_POINT('Ctrl Pts',(7.61410119523066,0.144777753522986,-80.));
#1805=CARTESIAN_POINT('Ctrl Pts',(7.65019109823369,0.174145758445897,0.));
#1806=CARTESIAN_POINT('Ctrl Pts',(7.65019109823369,0.174145758445897,-80.));
#1807=CARTESIAN_POINT('Ctrl Pts',(7.68063501487651,0.203068471772643,0.));
#1808=CARTESIAN_POINT('Ctrl Pts',(7.68063501487651,0.203068471772643,-80.));
#1809=CARTESIAN_POINT('Ctrl Pts',(7.7279370124125,0.253728628828047,0.));
#1810=CARTESIAN_POINT('Ctrl Pts',(7.7279370124125,0.253728628828047,-80.));
#1811=CARTESIAN_POINT('Ctrl Pts',(7.77703382215372,0.313287054986761,0.));
#1812=CARTESIAN_POINT('Ctrl Pts',(7.77703382215372,0.313287054986761,-80.));
#1813=CARTESIAN_POINT('Ctrl Pts',(7.85266449207755,0.414296848092524,0.));
#1814=CARTESIAN_POINT('Ctrl Pts',(7.85266449207755,0.414296848092524,-80.));
#1815=CARTESIAN_POINT('Ctrl Pts',(7.92156064224882,0.512489618429824,0.));
#1816=CARTESIAN_POINT('Ctrl Pts',(7.92156064224882,0.512489618429824,-80.));
#1817=CARTESIAN_POINT('Ctrl Pts',(8.00946937383203,0.635851626013355,0.));
#1818=CARTESIAN_POINT('Ctrl Pts',(8.00946937383203,0.635851626013355,-80.));
#1819=CARTESIAN_POINT('Ctrl Pts',(8.08136991837652,0.731155370919557,0.));
#1820=CARTESIAN_POINT('Ctrl Pts',(8.08136991837652,0.731155370919557,-80.));
#1821=CARTESIAN_POINT('Ctrl Pts',(8.16534716889983,0.826880135635787,0.));
#1822=CARTESIAN_POINT('Ctrl Pts',(8.16534716889983,0.826880135635787,-80.));
#1823=CARTESIAN_POINT('Ctrl Pts',(8.22381141972034,0.882588546510423,0.));
#1824=CARTESIAN_POINT('Ctrl Pts',(8.22381141972034,0.882588546510423,-80.));
#1825=CARTESIAN_POINT('Ctrl Pts',(8.28059808613401,0.925623999200927,0.));
#1826=CARTESIAN_POINT('Ctrl Pts',(8.28059808613401,0.925623999200927,-80.));
#1827=CARTESIAN_POINT('Ctrl Pts',(8.31287409052407,0.946078067180198,0.));
#1828=CARTESIAN_POINT('Ctrl Pts',(8.31287409052407,0.946078067180198,-80.));
#1829=CARTESIAN_POINT('Ctrl Pts',(8.34636713779484,0.963673886581607,0.));
#1830=CARTESIAN_POINT('Ctrl Pts',(8.34636713779484,0.963673886581607,-80.));
#1831=CARTESIAN_POINT('Ctrl Pts',(8.36932283140938,0.973885312187475,0.));
#1832=CARTESIAN_POINT('Ctrl Pts',(8.36932283140938,0.973885312187475,-80.));
#1833=CARTESIAN_POINT('Ctrl Pts',(8.39878754773347,0.984513028134968,0.));
#1834=CARTESIAN_POINT('Ctrl Pts',(8.39878754773347,0.984513028134968,-80.));
#1835=CARTESIAN_POINT('Ctrl Pts',(8.42294501315848,0.99120132427287,0.));
#1836=CARTESIAN_POINT('Ctrl Pts',(8.42294501315848,0.99120132427287,-80.));
#1837=CARTESIAN_POINT('Ctrl Pts',(8.45371175504237,0.997063128679019,0.));
#1838=CARTESIAN_POINT('Ctrl Pts',(8.45371175504237,0.997063128679019,-80.));
#1839=CARTESIAN_POINT('Ctrl Pts',(8.47867979505505,0.999671521404431,0.));
#1840=CARTESIAN_POINT('Ctrl Pts',(8.47867979505505,0.999671521404431,-80.));
#1841=CARTESIAN_POINT('Ctrl Pts',(8.51003027882249,1.00021713568012,0.));
#1842=CARTESIAN_POINT('Ctrl Pts',(8.51003027882249,1.00021713568012,-80.));
#1843=CARTESIAN_POINT('Ctrl Pts',(8.53508003411929,0.998472893077357,0.));
#1844=CARTESIAN_POINT('Ctrl Pts',(8.53508003411929,0.998472893077357,-80.));
#1845=CARTESIAN_POINT('Ctrl Pts',(8.5660350994342,0.993644258011316,0.));
#1846=CARTESIAN_POINT('Ctrl Pts',(8.5660350994342,0.993644258011316,-80.));
#1847=CARTESIAN_POINT('Ctrl Pts',(8.59039911694872,0.987733766936679,0.));
#1848=CARTESIAN_POINT('Ctrl Pts',(8.59039911694872,0.987733766936679,-80.));
#1849=CARTESIAN_POINT('Ctrl Pts',(8.62611283402838,0.976056958827048,0.));
#1850=CARTESIAN_POINT('Ctrl Pts',(8.62611283402838,0.976056958827048,-80.));
#1851=CARTESIAN_POINT('Ctrl Pts',(8.66062201140092,0.960842207426348,0.));
#1852=CARTESIAN_POINT('Ctrl Pts',(8.66062201140092,0.960842207426348,-80.));
#1853=CARTESIAN_POINT('Ctrl Pts',(8.7100164130296,0.932464345494552,0.));
#1854=CARTESIAN_POINT('Ctrl Pts',(8.7100164130296,0.932464345494552,-80.));
#1855=CARTESIAN_POINT('Ctrl Pts',(8.75164694908237,0.90197740114475,0.));
#1856=CARTESIAN_POINT('Ctrl Pts',(8.75164694908237,0.90197740114475,-80.));
#1857=CARTESIAN_POINT('Ctrl Pts',(8.81152058630216,0.84982349628174,0.));
#1858=CARTESIAN_POINT('Ctrl Pts',(8.81152058630216,0.84982349628174,-80.));
#1859=CARTESIAN_POINT('Ctrl Pts',(8.86858543234942,0.789834492796666,0.));
#1860=CARTESIAN_POINT('Ctrl Pts',(8.86858543234942,0.789834492796666,-80.));
#1861=CARTESIAN_POINT('Ctrl Pts',(8.95122567767532,0.689261169070152,0.));
#1862=CARTESIAN_POINT('Ctrl Pts',(8.95122567767532,0.689261169070152,-80.));
#1863=CARTESIAN_POINT('Ctrl Pts',(9.02241531879034,0.591578381201912,0.));
#1864=CARTESIAN_POINT('Ctrl Pts',(9.02241531879034,0.591578381201912,-80.));
#1865=CARTESIAN_POINT('Ctrl Pts',(9.10958230705359,0.468059802732528,0.));
#1866=CARTESIAN_POINT('Ctrl Pts',(9.10958230705359,0.468059802732528,-80.));
#1867=CARTESIAN_POINT('Ctrl Pts',(9.17790915831566,0.372127006029284,0.));
#1868=CARTESIAN_POINT('Ctrl Pts',(9.17790915831566,0.372127006029284,-80.));
#1869=CARTESIAN_POINT('Ctrl Pts',(9.26090990819131,0.265666425763832,0.));
#1870=CARTESIAN_POINT('Ctrl Pts',(9.26090990819131,0.265666425763832,-80.));
#1871=CARTESIAN_POINT('Ctrl Pts',(9.3247861356679,0.195318084380759,0.));
#1872=CARTESIAN_POINT('Ctrl Pts',(9.3247861356679,0.195318084380759,-80.));
#1873=CARTESIAN_POINT('Ctrl Pts',(9.38709632649275,0.142917276834273,0.));
#1874=CARTESIAN_POINT('Ctrl Pts',(9.38709632649275,0.142917276834273,-80.));
#1875=CARTESIAN_POINT('Ctrl Pts',(9.41997731026805,0.122764020720497,0.));
#1876=CARTESIAN_POINT('Ctrl Pts',(9.41997731026805,0.122764020720497,-80.));
#1877=CARTESIAN_POINT('Ctrl Pts',(9.44376409464899,0.111836506771553,0.));
#1878=CARTESIAN_POINT('Ctrl Pts',(9.44376409464899,0.111836506771553,-80.));
#1879=CARTESIAN_POINT('Ctrl Pts',(9.45502877350117,0.107606869536264,0.));
#1880=CARTESIAN_POINT('Ctrl Pts',(9.45502877350117,0.107606869536264,-80.));
#1881=CARTESIAN_POINT('Ctrl Pts',(9.46838948638871,0.103701473228369,0.));
#1882=CARTESIAN_POINT('Ctrl Pts',(9.46838948638871,0.103701473228369,-80.));
#1883=CARTESIAN_POINT('Ctrl Pts',(9.47856053434555,0.101605422212518,0.));
#1884=CARTESIAN_POINT('Ctrl Pts',(9.47856053434555,0.101605422212518,-80.));
#1885=CARTESIAN_POINT('Ctrl Pts',(9.49085361726216,0.100117726785635,0.));
#1886=CARTESIAN_POINT('Ctrl Pts',(9.49085361726216,0.100117726785635,-80.));
#1887=CARTESIAN_POINT('Ctrl Pts',(9.50047651731911,0.0997862541133889,0.));
#1888=CARTESIAN_POINT('Ctrl Pts',(9.50047651731911,0.0997862541133889,-80.));
#1889=CARTESIAN_POINT('Ctrl Pts',(9.5125695440174,0.100413372983174,0.));
#1890=CARTESIAN_POINT('Ctrl Pts',(9.5125695440174,0.100413372983174,-80.));
#1891=CARTESIAN_POINT('Ctrl Pts',(9.52243534202826,0.101769868138543,0.));
#1892=CARTESIAN_POINT('Ctrl Pts',(9.52243534202826,0.101769868138543,-80.));
#1893=CARTESIAN_POINT('Ctrl Pts',(9.53528822117282,0.104649780335266,0.));
#1894=CARTESIAN_POINT('Ctrl Pts',(9.53528822117282,0.104649780335266,-80.));
#1895=CARTESIAN_POINT('Ctrl Pts',(9.54607466379093,0.107972866934261,0.));
#1896=CARTESIAN_POINT('Ctrl Pts',(9.54607466379093,0.107972866934261,-80.));
#1897=CARTESIAN_POINT('Ctrl Pts',(9.56316486750982,0.114692446770906,0.));
#1898=CARTESIAN_POINT('Ctrl Pts',(9.56316486750982,0.114692446770906,-80.));
#1899=CARTESIAN_POINT('Ctrl Pts',(9.58150981103131,0.123869010714804,0.));
#1900=CARTESIAN_POINT('Ctrl Pts',(9.58150981103131,0.123869010714804,-80.));
#1901=CARTESIAN_POINT('Ctrl Pts',(9.61791059082474,0.146953015827135,0.));
#1902=CARTESIAN_POINT('Ctrl Pts',(9.61791059082474,0.146953015827135,-80.));
#1903=CARTESIAN_POINT('Ctrl Pts',(9.66183139091832,0.183400361286487,0.));
#1904=CARTESIAN_POINT('Ctrl Pts',(9.66183139091832,0.183400361286487,-80.));
#1905=CARTESIAN_POINT('Ctrl Pts',(9.73245284023758,0.257545907958851,0.));
#1906=CARTESIAN_POINT('Ctrl Pts',(9.73245284023758,0.257545907958851,-80.));
#1907=CARTESIAN_POINT('Ctrl Pts',(9.79860192278865,0.340907615214102,0.));
#1908=CARTESIAN_POINT('Ctrl Pts',(9.79860192278865,0.340907615214102,-80.));
#1909=CARTESIAN_POINT('Ctrl Pts',(9.88351139066644,0.457772253639358,0.));
#1910=CARTESIAN_POINT('Ctrl Pts',(9.88351139066644,0.457772253639358,-80.));
#1911=CARTESIAN_POINT('Ctrl Pts',(9.95295568864816,0.55724828765982,0.));
#1912=CARTESIAN_POINT('Ctrl Pts',(9.95295568864816,0.55724828765982,-80.));
#1913=CARTESIAN_POINT('Ctrl Pts',(10.0416568820573,0.679311963916415,0.));
#1914=CARTESIAN_POINT('Ctrl Pts',(10.0416568820573,0.679311963916415,-80.));
#1915=CARTESIAN_POINT('Ctrl Pts',(10.1143961919451,0.771416698060573,0.));
#1916=CARTESIAN_POINT('Ctrl Pts',(10.1143961919451,0.771416698060573,-80.));
#1917=CARTESIAN_POINT('Ctrl Pts',(10.2000237499846,0.861494914066314,0.));
#1918=CARTESIAN_POINT('Ctrl Pts',(10.2000237499846,0.861494914066314,-80.));
#1919=CARTESIAN_POINT('Ctrl Pts',(10.2602685349041,0.912428814804709,0.));
#1920=CARTESIAN_POINT('Ctrl Pts',(10.2602685349041,0.912428814804709,-80.));
#1921=CARTESIAN_POINT('Ctrl Pts',(10.3193525212248,0.950082893636632,0.));
#1922=CARTESIAN_POINT('Ctrl Pts',(10.3193525212248,0.950082893636632,-80.));
#1923=CARTESIAN_POINT('Ctrl Pts',(10.3530900849896,0.967172672509533,0.));
#1924=CARTESIAN_POINT('Ctrl Pts',(10.3530900849896,0.967172672509533,-80.));
#1925=CARTESIAN_POINT('Ctrl Pts',(10.3880824137107,0.98096508343298,0.));
#1926=CARTESIAN_POINT('Ctrl Pts',(10.3880824137107,0.98096508343298,-80.));
#1927=CARTESIAN_POINT('Ctrl Pts',(10.4120176988618,0.988406547306881,0.));
#1928=CARTESIAN_POINT('Ctrl Pts',(10.4120176988618,0.988406547306881,-80.));
#1929=CARTESIAN_POINT('Ctrl Pts',(10.442567098463,0.995276673972927,0.));
#1930=CARTESIAN_POINT('Ctrl Pts',(10.442567098463,0.995276673972927,-80.));
#1931=CARTESIAN_POINT('Ctrl Pts',(10.4674232497055,0.998736197939409,0.));
#1932=CARTESIAN_POINT('Ctrl Pts',(10.4674232497055,0.998736197939409,-80.));
#1933=CARTESIAN_POINT('Ctrl Pts',(10.498732868864,1.00036880802936,0.));
#1934=CARTESIAN_POINT('Ctrl Pts',(10.498732868864,1.00036880802936,-80.));
#1935=CARTESIAN_POINT('Ctrl Pts',(10.5238322629787,0.999495259967615,0.));
#1936=CARTESIAN_POINT('Ctrl Pts',(10.5238322629787,0.999495259967615,-80.));
#1937=CARTESIAN_POINT('Ctrl Pts',(10.5549422551437,0.995718158370015,0.));
#1938=CARTESIAN_POINT('Ctrl Pts',(10.5549422551437,0.995718158370015,-80.));
#1939=CARTESIAN_POINT('Ctrl Pts',(10.5794938116198,0.990606091669394,0.));
#1940=CARTESIAN_POINT('Ctrl Pts',(10.5794938116198,0.990606091669394,-80.));
#1941=CARTESIAN_POINT('Ctrl Pts',(10.6095364687458,0.981801237329161,0.));
#1942=CARTESIAN_POINT('Ctrl Pts',(10.6095364687458,0.981801237329161,-80.));
#1943=CARTESIAN_POINT('Ctrl Pts',(10.6329945458129,0.972927847169717,0.));
#1944=CARTESIAN_POINT('Ctrl Pts',(10.6329945458129,0.972927847169717,-80.));
#1945=CARTESIAN_POINT('Ctrl Pts',(10.6786532934219,0.951913119813936,0.));
#1946=CARTESIAN_POINT('Ctrl Pts',(10.6786532934219,0.951913119813936,-80.));
#1947=CARTESIAN_POINT('Ctrl Pts',(10.7325791628488,0.917982163201225,0.));
#1948=CARTESIAN_POINT('Ctrl Pts',(10.7325791628488,0.917982163201225,-80.));
#1949=CARTESIAN_POINT('Ctrl Pts',(10.8178398839684,0.84570983360718,0.));
#1950=CARTESIAN_POINT('Ctrl Pts',(10.8178398839684,0.84570983360718,-80.));
#1951=CARTESIAN_POINT('Ctrl Pts',(10.892853306215,0.762254416816002,0.));
#1952=CARTESIAN_POINT('Ctrl Pts',(10.892853306215,0.762254416816002,-80.));
#1953=CARTESIAN_POINT('Ctrl Pts',(10.9834642672421,0.646054558224081,0.));
#1954=CARTESIAN_POINT('Ctrl Pts',(10.9834642672421,0.646054558224081,-80.));
#1955=CARTESIAN_POINT('Ctrl Pts',(11.0540266259755,0.546856994451269,0.));
#1956=CARTESIAN_POINT('Ctrl Pts',(11.0540266259755,0.546856994451269,-80.));
#1957=CARTESIAN_POINT('Ctrl Pts',(11.1404711416482,0.424360733010881,0.));
#1958=CARTESIAN_POINT('Ctrl Pts',(11.1404711416482,0.424360733010881,-80.));
#1959=CARTESIAN_POINT('Ctrl Pts',(11.2081707475829,0.331651975939212,0.));
#1960=CARTESIAN_POINT('Ctrl Pts',(11.2081707475829,0.331651975939212,-80.));
#1961=CARTESIAN_POINT('Ctrl Pts',(11.2817811540562,0.242107428971285,0.));
#1962=CARTESIAN_POINT('Ctrl Pts',(11.2817811540562,0.242107428971285,-80.));
#1963=CARTESIAN_POINT('Ctrl Pts',(11.3288836460548,0.193002588367227,0.));
#1964=CARTESIAN_POINT('Ctrl Pts',(11.3288836460548,0.193002588367227,-80.));
#1965=CARTESIAN_POINT('Ctrl Pts',(11.3731776826658,0.154482102348274,0.));
#1966=CARTESIAN_POINT('Ctrl Pts',(11.3731776826658,0.154482102348274,-80.));
#1967=CARTESIAN_POINT('Ctrl Pts',(11.4009924613714,0.134327026893544,0.));
#1968=CARTESIAN_POINT('Ctrl Pts',(11.4009924613714,0.134327026893544,-80.));
#1969=CARTESIAN_POINT('Ctrl Pts',(11.4297242304395,0.117911398302839,0.));
#1970=CARTESIAN_POINT('Ctrl Pts',(11.4297242304395,0.117911398302839,-80.));
#1971=CARTESIAN_POINT('Ctrl Pts',(11.4472992225861,0.110274358643813,0.));
#1972=CARTESIAN_POINT('Ctrl Pts',(11.4472992225861,0.110274358643813,-80.));
#1973=CARTESIAN_POINT('Ctrl Pts',(11.4636695897746,0.104935098115069,0.));
#1974=CARTESIAN_POINT('Ctrl Pts',(11.4636695897746,0.104935098115069,-80.));
#1975=CARTESIAN_POINT('Ctrl Pts',(11.4740282213088,0.102446675255084,0.));
#1976=CARTESIAN_POINT('Ctrl Pts',(11.4740282213088,0.102446675255084,-80.));
#1977=CARTESIAN_POINT('Ctrl Pts',(11.4864763057184,0.100511169743178,0.));
#1978=CARTESIAN_POINT('Ctrl Pts',(11.4864763057184,0.100511169743178,-80.));
#1979=CARTESIAN_POINT('Ctrl Pts',(11.4961489150289,0.0998451705325601,0.));
#1980=CARTESIAN_POINT('Ctrl Pts',(11.4961489150289,0.0998451705325601,-80.));
#1981=CARTESIAN_POINT('Ctrl Pts',(11.5082011647748,0.100053169281062,0.));
#1982=CARTESIAN_POINT('Ctrl Pts',(11.5082011647748,0.100053169281062,-80.));
#1983=CARTESIAN_POINT('Ctrl Pts',(11.5179551371755,0.101059240522385,0.));
#1984=CARTESIAN_POINT('Ctrl Pts',(11.5179551371755,0.101059240522385,-80.));
#1985=CARTESIAN_POINT('Ctrl Pts',(11.530590733629,0.103457273565278,0.));
#1986=CARTESIAN_POINT('Ctrl Pts',(11.530590733629,0.103457273565278,-80.));
#1987=CARTESIAN_POINT('Ctrl Pts',(11.541155026115,0.106353631995299,0.));
#1988=CARTESIAN_POINT('Ctrl Pts',(11.541155026115,0.106353631995299,-80.));
#1989=CARTESIAN_POINT('Ctrl Pts',(11.5550924371586,0.111367599601757,0.));
#1990=CARTESIAN_POINT('Ctrl Pts',(11.5550924371586,0.111367599601757,-80.));
#1991=CARTESIAN_POINT('Ctrl Pts',(11.5668584178452,0.116566879697311,0.));
#1992=CARTESIAN_POINT('Ctrl Pts',(11.5668584178452,0.116566879697311,-80.));
#1993=CARTESIAN_POINT('Ctrl Pts',(11.5854479025979,0.126316680571055,0.));
#1994=CARTESIAN_POINT('Ctrl Pts',(11.5854479025979,0.126316680571055,-80.));
#1995=CARTESIAN_POINT('Ctrl Pts',(11.6052544874371,0.138758723773936,0.));
#1996=CARTESIAN_POINT('Ctrl Pts',(11.6052544874371,0.138758723773936,-80.));
#1997=CARTESIAN_POINT('Ctrl Pts',(11.643952797068,0.16799714182325,0.));
#1998=CARTESIAN_POINT('Ctrl Pts',(11.643952797068,0.16799714182325,-80.));
#1999=CARTESIAN_POINT('Ctrl Pts',(11.6896543611196,0.211001095693683,0.));
#2000=CARTESIAN_POINT('Ctrl Pts',(11.6896543611196,0.211001095693683,-80.));
#2001=CARTESIAN_POINT('Ctrl Pts',(11.7619263105367,0.293302304707207,0.));
#2002=CARTESIAN_POINT('Ctrl Pts',(11.7619263105367,0.293302304707207,-80.));
#2003=CARTESIAN_POINT('Ctrl Pts',(11.8289142399735,0.381812222833894,0.));
#2004=CARTESIAN_POINT('Ctrl Pts',(11.8289142399735,0.381812222833894,-80.));
#2005=CARTESIAN_POINT('Ctrl Pts',(11.9146162079797,0.50209238699506,0.));
#2006=CARTESIAN_POINT('Ctrl Pts',(11.9146162079797,0.50209238699506,-80.));
#2007=CARTESIAN_POINT('Ctrl Pts',(11.98460864705,0.601898272757121,0.));
#2008=CARTESIAN_POINT('Ctrl Pts',(11.98460864705,0.601898272757121,-80.));
#2009=CARTESIAN_POINT('Ctrl Pts',(12.0652275164706,0.709590554142037,0.));
#2010=CARTESIAN_POINT('Ctrl Pts',(12.0652275164706,0.709590554142037,-80.));
#2011=CARTESIAN_POINT('Ctrl Pts',(12.1202969428125,0.776645645319987,0.));
#2012=CARTESIAN_POINT('Ctrl Pts',(12.1202969428125,0.776645645319987,-80.));
#2013=CARTESIAN_POINT('Ctrl Pts',(12.1771609679554,0.837586047461881,0.));
#2014=CARTESIAN_POINT('Ctrl Pts',(12.1771609679554,0.837586047461881,-80.));
#2015=CARTESIAN_POINT('Ctrl Pts',(12.2161609307708,0.874814127707232,0.));
#2016=CARTESIAN_POINT('Ctrl Pts',(12.2161609307708,0.874814127707232,-80.));
#2017=CARTESIAN_POINT('Ctrl Pts',(12.2668756506011,0.916168387810654,0.));
#2018=CARTESIAN_POINT('Ctrl Pts',(12.2668756506011,0.916168387810654,-80.));
#2019=CARTESIAN_POINT('Ctrl Pts',(12.3093480862363,0.944713683773475,0.));
#2020=CARTESIAN_POINT('Ctrl Pts',(12.3093480862363,0.944713683773475,-80.));
#2021=CARTESIAN_POINT('Ctrl Pts',(12.3598491670935,0.970495666480502,0.));
#2022=CARTESIAN_POINT('Ctrl Pts',(12.3598491670935,0.970495666480502,-80.));
#2023=CARTESIAN_POINT('Ctrl Pts',(12.3951235320269,0.983695877246584,0.));
#2024=CARTESIAN_POINT('Ctrl Pts',(12.3951235320269,0.983695877246584,-80.));
#2025=CARTESIAN_POINT('Ctrl Pts',(12.4314923779492,0.993119023173146,0.));
#2026=CARTESIAN_POINT('Ctrl Pts',(12.4314923779492,0.993119023173146,-80.));
#2027=CARTESIAN_POINT('Ctrl Pts',(12.4562084360381,0.997414789402382,0.));
#2028=CARTESIAN_POINT('Ctrl Pts',(12.4562084360381,0.997414789402382,-80.));
#2029=CARTESIAN_POINT('Ctrl Pts',(12.4874373083932,1.00012705752819,0.));
#2030=CARTESIAN_POINT('Ctrl Pts',(12.4874373083932,1.00012705752819,-80.));
#2031=CARTESIAN_POINT('Ctrl Pts',(12.5125532949853,1.00012824034687,0.));
#2032=CARTESIAN_POINT('Ctrl Pts',(12.5125532949853,1.00012824034687,-80.));
#2033=CARTESIAN_POINT('Ctrl Pts',(12.5437824383752,0.997418875746587,0.));
#2034=CARTESIAN_POINT('Ctrl Pts',(12.5437824383752,0.997418875746587,-80.));
#2035=CARTESIAN_POINT('Ctrl Pts',(12.5684989098274,0.993125346530289,0.));
#2036=CARTESIAN_POINT('Ctrl Pts',(12.5684989098274,0.993125346530289,-80.));
#2037=CARTESIAN_POINT('Ctrl Pts',(12.6048685810081,0.983705342986111,0.));
#2038=CARTESIAN_POINT('Ctrl Pts',(12.6048685810081,0.983705342986111,-80.));
#2039=CARTESIAN_POINT('Ctrl Pts',(12.6401439637829,0.970507958614583,0.));
#2040=CARTESIAN_POINT('Ctrl Pts',(12.6401439637829,0.970507958614583,-80.));
#2041=CARTESIAN_POINT('Ctrl Pts',(12.6906465699055,0.944729614428688,0.));
#2042=CARTESIAN_POINT('Ctrl Pts',(12.6906465699055,0.944729614428688,-80.));
#2043=CARTESIAN_POINT('Ctrl Pts',(12.7331201963247,0.916187028675249,0.));
#2044=CARTESIAN_POINT('Ctrl Pts',(12.7331201963247,0.916187028675249,-80.));
#2045=CARTESIAN_POINT('Ctrl Pts',(12.783836082074,0.874835701481619,0.));
#2046=CARTESIAN_POINT('Ctrl Pts',(12.783836082074,0.874835701481619,-80.));
#2047=CARTESIAN_POINT('Ctrl Pts',(12.8228367511332,0.837609652406287,0.));
#2048=CARTESIAN_POINT('Ctrl Pts',(12.8228367511332,0.837609652406287,-80.));
#2049=CARTESIAN_POINT('Ctrl Pts',(12.8797015812729,0.776671869715229,0.));
#2050=CARTESIAN_POINT('Ctrl Pts',(12.8797015812729,0.776671869715229,-80.));
#2051=CARTESIAN_POINT('Ctrl Pts',(12.9347715458517,0.70961880902664,0.));
#2052=CARTESIAN_POINT('Ctrl Pts',(12.9347715458517,0.70961880902664,-80.));
#2053=CARTESIAN_POINT('Ctrl Pts',(13.0153909910975,0.601928314290457,0.));
#2054=CARTESIAN_POINT('Ctrl Pts',(13.0153909910975,0.601928314290457,-80.));
#2055=CARTESIAN_POINT('Ctrl Pts',(13.0853838047281,0.502122525854278,0.));
#2056=CARTESIAN_POINT('Ctrl Pts',(13.0853838047281,0.502122525854278,-80.));
#2057=CARTESIAN_POINT('Ctrl Pts',(13.171086287134,0.381840459574599,0.));
#2058=CARTESIAN_POINT('Ctrl Pts',(13.171086287134,0.381840459574599,-80.));
#2059=CARTESIAN_POINT('Ctrl Pts',(13.2380747351996,0.29332738178143,0.));
#2060=CARTESIAN_POINT('Ctrl Pts',(13.2380747351996,0.29332738178143,-80.));
#2061=CARTESIAN_POINT('Ctrl Pts',(13.3103476846769,0.211020963031124,0.));
#2062=CARTESIAN_POINT('Ctrl Pts',(13.3103476846769,0.211020963031124,-80.));
#2063=CARTESIAN_POINT('Ctrl Pts',(13.3560503134544,0.1680127184523,0.));
#2064=CARTESIAN_POINT('Ctrl Pts',(13.3560503134544,0.1680127184523,-80.));
#2065=CARTESIAN_POINT('Ctrl Pts',(13.3947500419001,0.138770146288991,0.));
#2066=CARTESIAN_POINT('Ctrl Pts',(13.3947500419001,0.138770146288991,-80.));
#2067=CARTESIAN_POINT('Ctrl Pts',(13.4145575568603,0.126325842828393,0.));
#2068=CARTESIAN_POINT('Ctrl Pts',(13.4145575568603,0.126325842828393,-80.));
#2069=CARTESIAN_POINT('Ctrl Pts',(13.433148043246,0.116573895966098,0.));
#2070=CARTESIAN_POINT('Ctrl Pts',(13.433148043246,0.116573895966098,-80.));
#2071=CARTESIAN_POINT('Ctrl Pts',(13.4449147088345,0.11137326309794,0.));
#2072=CARTESIAN_POINT('Ctrl Pts',(13.4449147088345,0.11137326309794,-80.));
#2073=CARTESIAN_POINT('Ctrl Pts',(13.4588529328977,0.106357738530287,0.));
#2074=CARTESIAN_POINT('Ctrl Pts',(13.4588529328977,0.106357738530287,-80.));
#2075=CARTESIAN_POINT('Ctrl Pts',(13.4694178057841,0.103460251012704,0.));
#2076=CARTESIAN_POINT('Ctrl Pts',(13.4694178057841,0.103460251012704,-80.));
#2077=CARTESIAN_POINT('Ctrl Pts',(13.4820539515596,0.101060941067992,0.));
#2078=CARTESIAN_POINT('Ctrl Pts',(13.4820539515596,0.101060941067992,-80.));
#2079=CARTESIAN_POINT('Ctrl Pts',(13.4918081862435,0.100053936833855,0.));
#2080=CARTESIAN_POINT('Ctrl Pts',(13.4918081862435,0.100053936833855,-80.));
#2081=CARTESIAN_POINT('Ctrl Pts',(13.5038604913499,0.0998448099799366,0.));
#2082=CARTESIAN_POINT('Ctrl Pts',(13.5038604913499,0.0998448099799366,-80.));
#2083=CARTESIAN_POINT('Ctrl Pts',(13.5135329227024,0.100509897835609,0.));
#2084=CARTESIAN_POINT('Ctrl Pts',(13.5135329227024,0.100509897835609,-80.));
#2085=CARTESIAN_POINT('Ctrl Pts',(13.5259805422026,0.102444172861198,0.));
#2086=CARTESIAN_POINT('Ctrl Pts',(13.5259805422026,0.102444172861198,-80.));
#2087=CARTESIAN_POINT('Ctrl Pts',(13.5363386402176,0.104931513219006,0.));
#2088=CARTESIAN_POINT('Ctrl Pts',(13.5363386402176,0.104931513219006,-80.));
#2089=CARTESIAN_POINT('Ctrl Pts',(13.5527080687493,0.110268974052559,0.));
#2090=CARTESIAN_POINT('Ctrl Pts',(13.5527080687493,0.110268974052559,-80.));
#2091=CARTESIAN_POINT('Ctrl Pts',(13.5702820156644,0.117903987124981,0.));
#2092=CARTESIAN_POINT('Ctrl Pts',(13.5702820156644,0.117903987124981,-80.));
#2093=CARTESIAN_POINT('Ctrl Pts',(13.5990123213511,0.1343163019452,0.));
#2094=CARTESIAN_POINT('Ctrl Pts',(13.5990123213511,0.1343163019452,-80.));
#2095=CARTESIAN_POINT('Ctrl Pts',(13.6268260121502,0.154468319980117,0.));
#2096=CARTESIAN_POINT('Ctrl Pts',(13.6268260121502,0.154468319980117,-80.));
#2097=CARTESIAN_POINT('Ctrl Pts',(13.6711187897877,0.192984422293491,0.));
#2098=CARTESIAN_POINT('Ctrl Pts',(13.6711187897877,0.192984422293491,-80.));
#2099=CARTESIAN_POINT('Ctrl Pts',(13.7182204425489,0.242085320712813,0.));
#2100=CARTESIAN_POINT('Ctrl Pts',(13.7182204425489,0.242085320712813,-80.));
#2101=CARTESIAN_POINT('Ctrl Pts',(13.7918300342624,0.33162530463258,0.));
#2102=CARTESIAN_POINT('Ctrl Pts',(13.7918300342624,0.33162530463258,-80.));
#2103=CARTESIAN_POINT('Ctrl Pts',(13.8595291924921,0.424331551388224,0.));
#2104=CARTESIAN_POINT('Ctrl Pts',(13.8595291924921,0.424331551388224,-80.));
#2105=CARTESIAN_POINT('Ctrl Pts',(13.945973217133,0.546826721455769,0.));
#2106=CARTESIAN_POINT('Ctrl Pts',(13.945973217133,0.546826721455769,-80.));
#2107=CARTESIAN_POINT('Ctrl Pts',(14.0165351744856,0.646025005618473,0.));
#2108=CARTESIAN_POINT('Ctrl Pts',(14.0165351744856,0.646025005618473,-80.));
#2109=CARTESIAN_POINT('Ctrl Pts',(14.1071453857819,0.76222754513717,0.));
#2110=CARTESIAN_POINT('Ctrl Pts',(14.1071453857819,0.76222754513717,-80.));
#2111=CARTESIAN_POINT('Ctrl Pts',(14.1821578570006,0.845686352042463,0.));
#2112=CARTESIAN_POINT('Ctrl Pts',(14.1821578570006,0.845686352042463,-80.));
#2113=CARTESIAN_POINT('Ctrl Pts',(14.2674167437721,0.917963499628345,0.));
#2114=CARTESIAN_POINT('Ctrl Pts',(14.2674167437721,0.917963499628345,-80.));
#2115=CARTESIAN_POINT('Ctrl Pts',(14.3213409911583,0.95189799207432,0.));
#2116=CARTESIAN_POINT('Ctrl Pts',(14.3213409911583,0.95189799207432,-80.));
#2117=CARTESIAN_POINT('Ctrl Pts',(14.3669983793356,0.972916143677214,0.));
#2118=CARTESIAN_POINT('Ctrl Pts',(14.3669983793356,0.972916143677214,-80.));
#2119=CARTESIAN_POINT('Ctrl Pts',(14.390455789277,0.981791405373218,0.));
#2120=CARTESIAN_POINT('Ctrl Pts',(14.390455789277,0.981791405373218,-80.));
#2121=CARTESIAN_POINT('Ctrl Pts',(14.4204977060956,0.990598800936595,0.));
#2122=CARTESIAN_POINT('Ctrl Pts',(14.4204977060956,0.990598800936595,-80.));
#2123=CARTESIAN_POINT('Ctrl Pts',(14.445048784792,0.995713053355677,0.));
#2124=CARTESIAN_POINT('Ctrl Pts',(14.445048784792,0.995713053355677,-80.));
#2125=CARTESIAN_POINT('Ctrl Pts',(14.476158405301,0.999493020186622,0.));
#2126=CARTESIAN_POINT('Ctrl Pts',(14.476158405301,0.999493020186622,-80.));
#2127=CARTESIAN_POINT('Ctrl Pts',(14.5012577094547,1.00036892840936,0.));
#2128=CARTESIAN_POINT('Ctrl Pts',(14.5012577094547,1.00036892840936,-80.));
#2129=CARTESIAN_POINT('Ctrl Pts',(14.5325674934852,0.99873924801063,0.));
#2130=CARTESIAN_POINT('Ctrl Pts',(14.5325674934852,0.99873924801063,-80.));
#2131=CARTESIAN_POINT('Ctrl Pts',(14.5574239859183,0.995282005428644,0.));
#2132=CARTESIAN_POINT('Ctrl Pts',(14.5574239859183,0.995282005428644,-80.));
#2133=CARTESIAN_POINT('Ctrl Pts',(14.5879740092908,0.988414569776689,0.));
#2134=CARTESIAN_POINT('Ctrl Pts',(14.5879740092908,0.988414569776689,-80.));
#2135=CARTESIAN_POINT('Ctrl Pts',(14.6119099124992,0.980975109238351,0.));
#2136=CARTESIAN_POINT('Ctrl Pts',(14.6119099124992,0.980975109238351,-80.));
#2137=CARTESIAN_POINT('Ctrl Pts',(14.6469032423317,0.967185456851845,0.));
#2138=CARTESIAN_POINT('Ctrl Pts',(14.6469032423317,0.967185456851845,-80.));
#2139=CARTESIAN_POINT('Ctrl Pts',(14.6806418386593,0.950098117651427,0.));
#2140=CARTESIAN_POINT('Ctrl Pts',(14.6806418386593,0.950098117651427,-80.));
#2141=CARTESIAN_POINT('Ctrl Pts',(14.7397275062424,0.912447911031705,0.));
#2142=CARTESIAN_POINT('Ctrl Pts',(14.7397275062424,0.912447911031705,-80.));
#2143=CARTESIAN_POINT('Ctrl Pts',(14.7999736432504,0.861517412126911,0.));
#2144=CARTESIAN_POINT('Ctrl Pts',(14.7999736432504,0.861517412126911,-80.));
#2145=CARTESIAN_POINT('Ctrl Pts',(14.8856024421098,0.771443271706103,0.));
#2146=CARTESIAN_POINT('Ctrl Pts',(14.8856024421098,0.771443271706103,-80.));
#2147=CARTESIAN_POINT('Ctrl Pts',(14.9583423725682,0.679340964183968,0.));
#2148=CARTESIAN_POINT('Ctrl Pts',(14.9583423725682,0.679340964183968,-80.));
#2149=CARTESIAN_POINT('Ctrl Pts',(15.0470441282618,0.557278545057189,0.));
#2150=CARTESIAN_POINT('Ctrl Pts',(15.0470441282618,0.557278545057189,-80.));
#2151=CARTESIAN_POINT('Ctrl Pts',(15.1164887924003,0.457801966746151,0.));
#2152=CARTESIAN_POINT('Ctrl Pts',(15.1164887924003,0.457801966746151,-80.));
#2153=CARTESIAN_POINT('Ctrl Pts',(15.2013988225542,0.3409346149515,0.));
#2154=CARTESIAN_POINT('Ctrl Pts',(15.2013988225542,0.3409346149515,-80.));
#2155=CARTESIAN_POINT('Ctrl Pts',(15.2675485256597,0.257569112948469,0.));
#2156=CARTESIAN_POINT('Ctrl Pts',(15.2675485256597,0.257569112948469,-80.));
#2157=CARTESIAN_POINT('Ctrl Pts',(15.3381712157621,0.183417764492362,0.));
#2158=CARTESIAN_POINT('Ctrl Pts',(15.3381712157621,0.183417764492362,-80.));
#2159=CARTESIAN_POINT('Ctrl Pts',(15.3820933679011,0.146965866553208,0.));
#2160=CARTESIAN_POINT('Ctrl Pts',(15.3820933679011,0.146965866553208,-80.));
#2161=CARTESIAN_POINT('Ctrl Pts',(15.4184958289245,0.123877727488936,0.));
#2162=CARTESIAN_POINT('Ctrl Pts',(15.4184958289245,0.123877727488936,-80.));
#2163=CARTESIAN_POINT('Ctrl Pts',(15.436841805001,0.114699030070762,0.));
#2164=CARTESIAN_POINT('Ctrl Pts',(15.436841805001,0.114699030070762,-80.));
#2165=CARTESIAN_POINT('Ctrl Pts',(15.4539330098418,0.10797751635012,0.));
#2166=CARTESIAN_POINT('Ctrl Pts',(15.4539330098418,0.10797751635012,-80.));
#2167=CARTESIAN_POINT('Ctrl Pts',(15.4647200705351,0.104653253085811,0.));
#2168=CARTESIAN_POINT('Ctrl Pts',(15.4647200705351,0.104653253085811,-80.));
#2169=CARTESIAN_POINT('Ctrl Pts',(15.4775735734884,0.101772012163017,0.));
#2170=CARTESIAN_POINT('Ctrl Pts',(15.4775735734884,0.101772012163017,-80.));
#2171=CARTESIAN_POINT('Ctrl Pts',(15.4874397127308,0.100414554902308,0.));
#2172=CARTESIAN_POINT('Ctrl Pts',(15.4874397127308,0.100414554902308,-80.));
#2173=CARTESIAN_POINT('Ctrl Pts',(15.4995329043596,0.0997862970654333,0.));
#2174=CARTESIAN_POINT('Ctrl Pts',(15.4995329043596,0.0997862970654333,-80.));
#2175=CARTESIAN_POINT('Ctrl Pts',(15.5091557145038,0.100116871721069,0.));
#2176=CARTESIAN_POINT('Ctrl Pts',(15.5091557145038,0.100116871721069,-80.));
#2177=CARTESIAN_POINT('Ctrl Pts',(15.521448425817,0.101603376007336,0.));
#2178=CARTESIAN_POINT('Ctrl Pts',(15.521448425817,0.101603376007336,-80.));
#2179=CARTESIAN_POINT('Ctrl Pts',(15.5316189960267,0.103698388878804,0.));
#2180=CARTESIAN_POINT('Ctrl Pts',(15.5316189960267,0.103698388878804,-80.));
#2181=CARTESIAN_POINT('Ctrl Pts',(15.5449789686323,0.107602343314034,0.));
#2182=CARTESIAN_POINT('Ctrl Pts',(15.5449789686323,0.107602343314034,-80.));
#2183=CARTESIAN_POINT('Ctrl Pts',(15.5562429803676,0.111830711016467,0.));
#2184=CARTESIAN_POINT('Ctrl Pts',(15.5562429803676,0.111830711016467,-80.));
#2185=CARTESIAN_POINT('Ctrl Pts',(15.5800284053164,0.122755489287176,0.));
#2186=CARTESIAN_POINT('Ctrl Pts',(15.5800284053164,0.122755489287176,-80.));
#2187=CARTESIAN_POINT('Ctrl Pts',(15.6129077670158,0.142904926235004,0.));
#2188=CARTESIAN_POINT('Ctrl Pts',(15.6129077670158,0.142904926235004,-80.));
#2189=CARTESIAN_POINT('Ctrl Pts',(15.6752161234388,0.195299394578006,0.));
#2190=CARTESIAN_POINT('Ctrl Pts',(15.6752161234388,0.195299394578006,-80.));
#2191=CARTESIAN_POINT('Ctrl Pts',(15.7390913998575,0.265642753388086,0.));
#2192=CARTESIAN_POINT('Ctrl Pts',(15.7390913998575,0.265642753388086,-80.));
#2193=CARTESIAN_POINT('Ctrl Pts',(15.8220913999848,0.372099028000381,0.));
#2194=CARTESIAN_POINT('Ctrl Pts',(15.8220913999848,0.372099028000381,-80.));
#2195=CARTESIAN_POINT('Ctrl Pts',(15.8904178498612,0.468029970178273,0.));
#2196=CARTESIAN_POINT('Ctrl Pts',(15.8904178498612,0.468029970178273,-80.));
#2197=CARTESIAN_POINT('Ctrl Pts',(15.9775843470942,0.591548259162458,0.));
#2198=CARTESIAN_POINT('Ctrl Pts',(15.9775843470942,0.591548259162458,-80.));
#2199=CARTESIAN_POINT('Ctrl Pts',(16.0487735405121,0.689232367596658,0.));
#2200=CARTESIAN_POINT('Ctrl Pts',(16.0487735405121,0.689232367596658,-80.));
#2201=CARTESIAN_POINT('Ctrl Pts',(16.1314129710998,0.789808690360832,0.));
#2202=CARTESIAN_POINT('Ctrl Pts',(16.1314129710998,0.789808690360832,-80.));
#2203=CARTESIAN_POINT('Ctrl Pts',(16.1884769779364,0.84980042225143,0.));
#2204=CARTESIAN_POINT('Ctrl Pts',(16.1884769779364,0.84980042225143,-80.));
#2205=CARTESIAN_POINT('Ctrl Pts',(16.2483493562195,0.90195765186477,0.));
#2206=CARTESIAN_POINT('Ctrl Pts',(16.2483493562195,0.90195765186477,-80.));
#2207=CARTESIAN_POINT('Ctrl Pts',(16.2899788043939,0.93244714362981,0.));
#2208=CARTESIAN_POINT('Ctrl Pts',(16.2899788043939,0.93244714362981,-80.));
#2209=CARTESIAN_POINT('Ctrl Pts',(16.3393717426621,0.960828395909154,0.));
#2210=CARTESIAN_POINT('Ctrl Pts',(16.3393717426621,0.960828395909154,-80.));
#2211=CARTESIAN_POINT('Ctrl Pts',(16.3738798748017,0.976045773792534,0.));
#2212=CARTESIAN_POINT('Ctrl Pts',(16.3738798748017,0.976045773792534,-80.));
#2213=CARTESIAN_POINT('Ctrl Pts',(16.409592653201,0.987725535649149,0.));
#2214=CARTESIAN_POINT('Ctrl Pts',(16.409592653201,0.987725535649149,-80.));
#2215=CARTESIAN_POINT('Ctrl Pts',(16.4339561371685,0.993638155371335,0.));
#2216=CARTESIAN_POINT('Ctrl Pts',(16.4339561371685,0.993638155371335,-80.));
#2217=CARTESIAN_POINT('Ctrl Pts',(16.4649107375259,0.998469606524019,0.));
#2218=CARTESIAN_POINT('Ctrl Pts',(16.4649107375259,0.998469606524019,-80.));
#2219=CARTESIAN_POINT('Ctrl Pts',(16.4899603148179,1.00021619299923,0.));
#2220=CARTESIAN_POINT('Ctrl Pts',(16.4899603148179,1.00021619299923,-80.));
#2221=CARTESIAN_POINT('Ctrl Pts',(16.5213108538861,0.999673521722596,0.));
#2222=CARTESIAN_POINT('Ctrl Pts',(16.5213108538861,0.999673521722596,-80.));
#2223=CARTESIAN_POINT('Ctrl Pts',(16.5462791561378,0.997067446354403,0.));
#2224=CARTESIAN_POINT('Ctrl Pts',(16.5462791561378,0.997067446354403,-80.));
#2225=CARTESIAN_POINT('Ctrl Pts',(16.5770464473006,0.991208399447536,0.));
#2226=CARTESIAN_POINT('Ctrl Pts',(16.5770464473006,0.991208399447536,-80.));
#2227=CARTESIAN_POINT('Ctrl Pts',(16.6012044931031,0.984522170794847,0.));
#2228=CARTESIAN_POINT('Ctrl Pts',(16.6012044931031,0.984522170794847,-80.));
#2229=CARTESIAN_POINT('Ctrl Pts',(16.6306700224329,0.973896834884213,0.));
#2230=CARTESIAN_POINT('Ctrl Pts',(16.6306700224329,0.973896834884213,-80.));
#2231=CARTESIAN_POINT('Ctrl Pts',(16.6536264009483,0.963687151203034,0.));
#2232=CARTESIAN_POINT('Ctrl Pts',(16.6536264009483,0.963687151203034,-80.));
#2233=CARTESIAN_POINT('Ctrl Pts',(16.6871204498606,0.946093722263416,0.));
#2234=CARTESIAN_POINT('Ctrl Pts',(16.6871204498606,0.946093722263416,-80.));
#2235=CARTESIAN_POINT('Ctrl Pts',(16.7193973843899,0.925641774356858,0.));
#2236=CARTESIAN_POINT('Ctrl Pts',(16.7193973843899,0.925641774356858,-80.));
#2237=CARTESIAN_POINT('Ctrl Pts',(16.7761854696551,0.882609740225351,0.));
#2238=CARTESIAN_POINT('Ctrl Pts',(16.7761854696551,0.882609740225351,-80.));
#2239=CARTESIAN_POINT('Ctrl Pts',(16.8346507852362,0.826904386486803,0.));
#2240=CARTESIAN_POINT('Ctrl Pts',(16.8346507852362,0.826904386486803,-80.));
#2241=CARTESIAN_POINT('Ctrl Pts',(16.9186290358482,0.731183174027628,0.));
#2242=CARTESIAN_POINT('Ctrl Pts',(16.9186290358482,0.731183174027628,-80.));
#2243=CARTESIAN_POINT('Ctrl Pts',(16.990530099033,0.635881320010988,0.));
#2244=CARTESIAN_POINT('Ctrl Pts',(16.990530099033,0.635881320010988,-80.));
#2245=CARTESIAN_POINT('Ctrl Pts',(17.0784393450206,0.512519807980108,0.));
#2246=CARTESIAN_POINT('Ctrl Pts',(17.0784393450206,0.512519807980108,-80.));
#2247=CARTESIAN_POINT('Ctrl Pts',(17.1473358697499,0.414325841791727,0.));
#2248=CARTESIAN_POINT('Ctrl Pts',(17.1473358697499,0.414325841791727,-80.));
#2249=CARTESIAN_POINT('Ctrl Pts',(17.2229671154875,0.313312879156175,0.));
#2250=CARTESIAN_POINT('Ctrl Pts',(17.2229671154875,0.313312879156175,-80.));
#2251=CARTESIAN_POINT('Ctrl Pts',(17.2720644634508,0.253751353006885,0.));
#2252=CARTESIAN_POINT('Ctrl Pts',(17.2720644634508,0.253751353006885,-80.));
#2253=CARTESIAN_POINT('Ctrl Pts',(17.3193672659592,0.203087428604419,0.));
#2254=CARTESIAN_POINT('Ctrl Pts',(17.3193672659592,0.203087428604419,-80.));
#2255=CARTESIAN_POINT('Ctrl Pts',(17.349811888824,0.174161904701268,0.));
#2256=CARTESIAN_POINT('Ctrl Pts',(17.349811888824,0.174161904701268,-80.));
#2257=CARTESIAN_POINT('Ctrl Pts',(17.3859029577136,0.144790170962676,0.));
#2258=CARTESIAN_POINT('Ctrl Pts',(17.3859029577136,0.144790170962676,-80.));
#2259=CARTESIAN_POINT('Ctrl Pts',(17.4128752046634,0.126897733167071,0.));
#2260=CARTESIAN_POINT('Ctrl Pts',(17.4128752046634,0.126897733167071,-80.));
#2261=CARTESIAN_POINT('Ctrl Pts',(17.4404994288521,0.112894925369897,0.));
#2262=CARTESIAN_POINT('Ctrl Pts',(17.4404994288521,0.112894925369897,-80.));
#2263=CARTESIAN_POINT('Ctrl Pts',(17.4573086008286,0.10670983096546,0.));
#2264=CARTESIAN_POINT('Ctrl Pts',(17.4573086008286,0.10670983096546,-80.));
#2265=CARTESIAN_POINT('Ctrl Pts',(17.4730232533139,0.102650369675164,0.));
#2266=CARTESIAN_POINT('Ctrl Pts',(17.4730232533139,0.102650369675164,-80.));
#2267=CARTESIAN_POINT('Ctrl Pts',(17.4830295001421,0.100930420335678,0.));
#2268=CARTESIAN_POINT('Ctrl Pts',(17.4830295001421,0.100930420335678,-80.));
#2269=CARTESIAN_POINT('Ctrl Pts',(17.4952034598053,0.0998770721388089,0.));
#2270=CARTESIAN_POINT('Ctrl Pts',(17.4952034598053,0.0998770721388089,-80.));
#2271=CARTESIAN_POINT('Ctrl Pts',(17.5048096954648,0.0998764466699488,0.));
#2272=CARTESIAN_POINT('Ctrl Pts',(17.5048096954648,0.0998764466699488,-80.));
#2273=CARTESIAN_POINT('Ctrl Pts',(17.5169832756794,0.100928170557834,0.));
#2274=CARTESIAN_POINT('Ctrl Pts',(17.5169832756794,0.100928170557834,-80.));
#2275=CARTESIAN_POINT('Ctrl Pts',(17.5269889437989,0.102646723201623,0.));
#2276=CARTESIAN_POINT('Ctrl Pts',(17.5269889437989,0.102646723201623,-80.));
#2277=CARTESIAN_POINT('Ctrl Pts',(17.5427024409226,0.106703859409307,0.));
#2278=CARTESIAN_POINT('Ctrl Pts',(17.5427024409226,0.106703859409307,-80.));
#2279=CARTESIAN_POINT('Ctrl Pts',(17.5595101879211,0.112886300105964,0.));
#2280=CARTESIAN_POINT('Ctrl Pts',(17.5595101879211,0.112886300105964,-80.));
#2281=CARTESIAN_POINT('Ctrl Pts',(17.5871322767383,0.126884623191417,0.));
#2282=CARTESIAN_POINT('Ctrl Pts',(17.5871322767383,0.126884623191417,-80.));
#2283=CARTESIAN_POINT('Ctrl Pts',(17.6141028565904,0.144772787065961,0.));
#2284=CARTESIAN_POINT('Ctrl Pts',(17.6141028565904,0.144772787065961,-80.));
#2285=CARTESIAN_POINT('Ctrl Pts',(17.6501922931934,0.17413930043894,0.));
#2286=CARTESIAN_POINT('Ctrl Pts',(17.6501922931934,0.17413930043894,-80.));
#2287=CARTESIAN_POINT('Ctrl Pts',(17.6806359273168,0.203060889497171,0.));
#2288=CARTESIAN_POINT('Ctrl Pts',(17.6806359273168,0.203060889497171,-80.));
#2289=CARTESIAN_POINT('Ctrl Pts',(17.7279376028297,0.253719539542067,0.));
#2290=CARTESIAN_POINT('Ctrl Pts',(17.7279376028297,0.253719539542067,-80.));
#2291=CARTESIAN_POINT('Ctrl Pts',(17.7770341972613,0.313276725619048,0.));
#2292=CARTESIAN_POINT('Ctrl Pts',(17.7770341972613,0.313276725619048,-80.));
#2293=CARTESIAN_POINT('Ctrl Pts',(17.8526646368437,0.414285250776997,0.));
#2294=CARTESIAN_POINT('Ctrl Pts',(17.8526646368437,0.414285250776997,-80.));
#2295=CARTESIAN_POINT('Ctrl Pts',(17.9215606371885,0.512477542649746,0.));
#2296=CARTESIAN_POINT('Ctrl Pts',(17.9215606371885,0.512477542649746,-80.));
#2297=CARTESIAN_POINT('Ctrl Pts',(18.0094691630166,0.635839748307796,0.));
#2298=CARTESIAN_POINT('Ctrl Pts',(18.0094691630166,0.635839748307796,-80.));
#2299=CARTESIAN_POINT('Ctrl Pts',(18.0813695001211,0.731144249465085,0.));
#2300=CARTESIAN_POINT('Ctrl Pts',(18.0813695001211,0.731144249465085,-80.));
#2301=CARTESIAN_POINT('Ctrl Pts',(18.1653463506488,0.826870434982555,0.));
#2302=CARTESIAN_POINT('Ctrl Pts',(18.1653463506488,0.826870434982555,-80.));
#2303=CARTESIAN_POINT('Ctrl Pts',(18.2238101756136,0.882580068649039,0.));
#2304=CARTESIAN_POINT('Ctrl Pts',(18.2238101756136,0.882580068649039,-80.));
#2305=CARTESIAN_POINT('Ctrl Pts',(18.2805962745381,0.925616888686474,0.));
#2306=CARTESIAN_POINT('Ctrl Pts',(18.2805962745381,0.925616888686474,-80.));
#2307=CARTESIAN_POINT('Ctrl Pts',(18.3128719068979,0.946071804641408,0.));
#2308=CARTESIAN_POINT('Ctrl Pts',(18.3128719068979,0.946071804641408,-80.));
#2309=CARTESIAN_POINT('Ctrl Pts',(18.3463645535241,0.963668580163216,0.));
#2310=CARTESIAN_POINT('Ctrl Pts',(18.3463645535241,0.963668580163216,-80.));
#2311=CARTESIAN_POINT('Ctrl Pts',(18.3693199731768,0.973880702491116,0.));
#2312=CARTESIAN_POINT('Ctrl Pts',(18.3693199731768,0.973880702491116,-80.));
#2313=CARTESIAN_POINT('Ctrl Pts',(18.3987843642791,0.984509370391662,0.));
#2314=CARTESIAN_POINT('Ctrl Pts',(18.3987843642791,0.984509370391662,-80.));
#2315=CARTESIAN_POINT('Ctrl Pts',(18.4229415975211,0.991198493476036,0.));
#2316=CARTESIAN_POINT('Ctrl Pts',(18.4229415975211,0.991198493476036,-80.));
#2317=CARTESIAN_POINT('Ctrl Pts',(18.4537081196332,0.997061400834346,0.));
#2318=CARTESIAN_POINT('Ctrl Pts',(18.4537081196332,0.997061400834346,-80.));
#2319=CARTESIAN_POINT('Ctrl Pts',(18.4786760546883,0.999670720478867,0.));
#2320=CARTESIAN_POINT('Ctrl Pts',(18.4786760546883,0.999670720478867,-80.));
#2321=CARTESIAN_POINT('Ctrl Pts',(18.5100265162518,1.00021751194911,0.));
#2322=CARTESIAN_POINT('Ctrl Pts',(18.5100265162518,1.00021751194911,-80.));
#2323=CARTESIAN_POINT('Ctrl Pts',(18.5350763426851,0.998474206911613,0.));
#2324=CARTESIAN_POINT('Ctrl Pts',(18.5350763426851,0.998474206911613,-80.));
#2325=CARTESIAN_POINT('Ctrl Pts',(18.5660315939156,0.993646698321206,0.));
#2326=CARTESIAN_POINT('Ctrl Pts',(18.5660315939156,0.993646698321206,-80.));
#2327=CARTESIAN_POINT('Ctrl Pts',(18.5903958248101,0.987737058750513,0.));
#2328=CARTESIAN_POINT('Ctrl Pts',(18.5903958248101,0.987737058750513,-80.));
#2329=CARTESIAN_POINT('Ctrl Pts',(18.6261099173289,0.97606143221315,0.));
#2330=CARTESIAN_POINT('Ctrl Pts',(18.6261099173289,0.97606143221315,-80.));
#2331=CARTESIAN_POINT('Ctrl Pts',(18.6606195127925,0.96084773147915,0.));
#2332=CARTESIAN_POINT('Ctrl Pts',(18.6606195127925,0.96084773147915,-80.));
#2333=CARTESIAN_POINT('Ctrl Pts',(18.7100144997947,0.932471225775133,0.));
#2334=CARTESIAN_POINT('Ctrl Pts',(18.7100144997947,0.932471225775133,-80.));
#2335=CARTESIAN_POINT('Ctrl Pts',(18.7516454710382,0.901985300449418,0.));
#2336=CARTESIAN_POINT('Ctrl Pts',(18.7516454710382,0.901985300449418,-80.));
#2337=CARTESIAN_POINT('Ctrl Pts',(18.8115196118841,0.849832725557479,0.));
#2338=CARTESIAN_POINT('Ctrl Pts',(18.8115196118841,0.849832725557479,-80.));
#2339=CARTESIAN_POINT('Ctrl Pts',(18.8685847936531,0.789844813497143,0.));
#2340=CARTESIAN_POINT('Ctrl Pts',(18.8685847936531,0.789844813497143,-80.));
#2341=CARTESIAN_POINT('Ctrl Pts',(18.9512253649046,0.689272689493603,0.));
#2342=CARTESIAN_POINT('Ctrl Pts',(18.9512253649046,0.689272689493603,-80.));
#2343=CARTESIAN_POINT('Ctrl Pts',(19.0224151851094,0.591590429962588,0.));
#2344=CARTESIAN_POINT('Ctrl Pts',(19.0224151851094,0.591590429962588,-80.));
#2345=CARTESIAN_POINT('Ctrl Pts',(19.109582369787,0.468071735849505,0.));
#2346=CARTESIAN_POINT('Ctrl Pts',(19.109582369787,0.468071735849505,-80.));
#2347=CARTESIAN_POINT('Ctrl Pts',(19.1779093815964,0.372138197460651,0.));
#2348=CARTESIAN_POINT('Ctrl Pts',(19.1779093815964,0.372138197460651,-80.));
#2349=CARTESIAN_POINT('Ctrl Pts',(19.2609104313469,0.265675895080782,0.));
#2350=CARTESIAN_POINT('Ctrl Pts',(19.2609104313469,0.265675895080782,-80.));
#2351=CARTESIAN_POINT('Ctrl Pts',(19.3247870392048,0.195325560773247,0.));
#2352=CARTESIAN_POINT('Ctrl Pts',(19.3247870392048,0.195325560773247,-80.));
#2353=CARTESIAN_POINT('Ctrl Pts',(19.387097963715,0.142922217602186,0.));
#2354=CARTESIAN_POINT('Ctrl Pts',(19.387097963715,0.142922217602186,-80.));
#2355=CARTESIAN_POINT('Ctrl Pts',(19.4199795962715,0.122767433796444,0.));
#2356=CARTESIAN_POINT('Ctrl Pts',(19.4199795962715,0.122767433796444,-80.));
#2357=CARTESIAN_POINT('Ctrl Pts',(19.4437669244246,0.111838825522175,0.));
#2358=CARTESIAN_POINT('Ctrl Pts',(19.4437669244246,0.111838825522175,-80.));
#2359=CARTESIAN_POINT('Ctrl Pts',(19.4550318701358,0.107608680439989,0.));
#2360=CARTESIAN_POINT('Ctrl Pts',(19.4550318701358,0.107608680439989,-80.));
#2361=CARTESIAN_POINT('Ctrl Pts',(19.4683928791718,0.103702707339025,0.));
#2362=CARTESIAN_POINT('Ctrl Pts',(19.4683928791718,0.103702707339025,-80.));
#2363=CARTESIAN_POINT('Ctrl Pts',(19.4785641182731,0.101606241033195,0.));
#2364=CARTESIAN_POINT('Ctrl Pts',(19.4785641182731,0.101606241033195,-80.));
#2365=CARTESIAN_POINT('Ctrl Pts',(19.4908573499043,0.100118069122961,0.));
#2366=CARTESIAN_POINT('Ctrl Pts',(19.4908573499043,0.100118069122961,-80.));
#2367=CARTESIAN_POINT('Ctrl Pts',(19.5004802859949,0.0997862372381057,0.));
#2368=CARTESIAN_POINT('Ctrl Pts',(19.5004802859949,0.0997862372381057,-80.));
#2369=CARTESIAN_POINT('Ctrl Pts',(19.5125732467987,0.100412900529479,0.));
#2370=CARTESIAN_POINT('Ctrl Pts',(19.5125732467987,0.100412900529479,-80.));
#2371=CARTESIAN_POINT('Ctrl Pts',(19.5224389083841,0.101769010876387,0.));
#2372=CARTESIAN_POINT('Ctrl Pts',(19.5224389083841,0.101769010876387,-80.));
#2373=CARTESIAN_POINT('Ctrl Pts',(19.5352915380124,0.104648391581908,0.));
#2374=CARTESIAN_POINT('Ctrl Pts',(19.5352915380124,0.104648391581908,-80.));
#2375=CARTESIAN_POINT('Ctrl Pts',(19.5460777335332,0.107971007649915,0.));
#2376=CARTESIAN_POINT('Ctrl Pts',(19.5460777335332,0.107971007649915,-80.));
#2377=CARTESIAN_POINT('Ctrl Pts',(19.5631675362262,0.114689813436386,0.));
#2378=CARTESIAN_POINT('Ctrl Pts',(19.5631675362262,0.114689813436386,-80.));
#2379=CARTESIAN_POINT('Ctrl Pts',(19.5815120692613,0.123865526370186,0.));
#2380=CARTESIAN_POINT('Ctrl Pts',(19.5815120692613,0.123865526370186,-80.));
#2381=CARTESIAN_POINT('Ctrl Pts',(19.6179121399238,0.146947844235058,0.));
#2382=CARTESIAN_POINT('Ctrl Pts',(19.6179121399238,0.146947844235058,-80.));
#2383=CARTESIAN_POINT('Ctrl Pts',(19.6618325666385,0.183393522865101,0.));
#2384=CARTESIAN_POINT('Ctrl Pts',(19.6618325666385,0.183393522865101,-80.));
#2385=CARTESIAN_POINT('Ctrl Pts',(19.7324515577523,0.257534942635114,0.));
#2386=CARTESIAN_POINT('Ctrl Pts',(19.7324515577523,0.257534942635114,-80.));
#2387=CARTESIAN_POINT('Ctrl Pts',(19.8151439140971,0.361740991396174,0.));
#2388=CARTESIAN_POINT('Ctrl Pts',(19.8151439140971,0.361740991396174,-80.));
#2389=CARTESIAN_POINT('Ctrl Pts',(19.8836378659333,0.458584509943905,0.));
#2390=CARTESIAN_POINT('Ctrl Pts',(19.8836378659333,0.458584509943905,-80.));
#2391=CARTESIAN_POINT('Ctrl Pts',(19.9183599305371,0.507671630797228,0.));
#2392=CARTESIAN_POINT('Ctrl Pts',(19.9183599305371,0.507671630797228,-80.));
#2393=CARTESIAN_POINT('',(19.9183599305371,0.507671630797228,0.));
#2394=CARTESIAN_POINT('Ctrl Pts',(19.9183599305371,0.507671630797228,0.));
#2395=CARTESIAN_POINT('Ctrl Pts',(19.8836378659333,0.458584509943905,0.));
#2396=CARTESIAN_POINT('Ctrl Pts',(19.8151439140971,0.361740991396174,0.));
#2397=CARTESIAN_POINT('Ctrl Pts',(19.7324515577523,0.257534942635114,0.));
#2398=CARTESIAN_POINT('Ctrl Pts',(19.6618325666385,0.183393522865101,0.));
#2399=CARTESIAN_POINT('Ctrl Pts',(19.6179121399238,0.146947844235058,0.));
#2400=CARTESIAN_POINT('Ctrl Pts',(19.5815120692613,0.123865526370186,0.));
#2401=CARTESIAN_POINT('Ctrl Pts',(19.5631675362262,0.114689813436386,0.));
#2402=CARTESIAN_POINT('Ctrl Pts',(19.5460777335332,0.107971007649915,0.));
#2403=CARTESIAN_POINT('Ctrl Pts',(19.5352915380124,0.104648391581908,0.));
#2404=CARTESIAN_POINT('Ctrl Pts',(19.5224389083841,0.101769010876387,0.));
#2405=CARTESIAN_POINT('Ctrl Pts',(19.5125732467987,0.100412900529479,0.));
#2406=CARTESIAN_POINT('Ctrl Pts',(19.5004802859949,0.0997862372381057,0.));
#2407=CARTESIAN_POINT('Ctrl Pts',(19.4908573499043,0.100118069122961,0.));
#2408=CARTESIAN_POINT('Ctrl Pts',(19.4785641182731,0.101606241033195,0.));
#2409=CARTESIAN_POINT('Ctrl Pts',(19.4683928791718,0.103702707339025,0.));
#2410=CARTESIAN_POINT('Ctrl Pts',(19.4550318701358,0.107608680439989,0.));
#2411=CARTESIAN_POINT('Ctrl Pts',(19.4437669244246,0.111838825522175,0.));
#2412=CARTESIAN_POINT('Ctrl Pts',(19.4199795962715,0.122767433796444,0.));
#2413=CARTESIAN_POINT('Ctrl Pts',(19.387097963715,0.142922217602186,0.));
#2414=CARTESIAN_POINT('Ctrl Pts',(19.3247870392048,0.195325560773247,0.));
#2415=CARTESIAN_POINT('Ctrl Pts',(19.2609104313469,0.265675895080782,0.));
#2416=CARTESIAN_POINT('Ctrl Pts',(19.1779093815964,0.372138197460651,0.));
#2417=CARTESIAN_POINT('Ctrl Pts',(19.109582369787,0.468071735849505,0.));
#2418=CARTESIAN_POINT('Ctrl Pts',(19.0224151851094,0.591590429962588,0.));
#2419=CARTESIAN_POINT('Ctrl Pts',(18.9512253649046,0.689272689493603,0.));
#2420=CARTESIAN_POINT('Ctrl Pts',(18.8685847936531,0.789844813497143,0.));
#2421=CARTESIAN_POINT('Ctrl Pts',(18.8115196118841,0.849832725557479,0.));
#2422=CARTESIAN_POINT('Ctrl Pts',(18.7516454710382,0.901985300449418,0.));
#2423=CARTESIAN_POINT('Ctrl Pts',(18.7100144997947,0.932471225775133,0.));
#2424=CARTESIAN_POINT('Ctrl Pts',(18.6606195127925,0.96084773147915,0.));
#2425=CARTESIAN_POINT('Ctrl Pts',(18.6261099173289,0.97606143221315,0.));
#2426=CARTESIAN_POINT('Ctrl Pts',(18.5903958248101,0.987737058750513,0.));
#2427=CARTESIAN_POINT('Ctrl Pts',(18.5660315939156,0.993646698321206,0.));
#2428=CARTESIAN_POINT('Ctrl Pts',(18.5350763426851,0.998474206911613,0.));
#2429=CARTESIAN_POINT('Ctrl Pts',(18.5100265162518,1.00021751194911,0.));
#2430=CARTESIAN_POINT('Ctrl Pts',(18.4786760546883,0.999670720478867,0.));
#2431=CARTESIAN_POINT('Ctrl Pts',(18.4537081196332,0.997061400834346,0.));
#2432=CARTESIAN_POINT('Ctrl Pts',(18.4229415975211,0.991198493476036,0.));
#2433=CARTESIAN_POINT('Ctrl Pts',(18.3987843642791,0.984509370391662,0.));
#2434=CARTESIAN_POINT('Ctrl Pts',(18.3693199731768,0.973880702491116,0.));
#2435=CARTESIAN_POINT('Ctrl Pts',(18.3463645535241,0.963668580163216,0.));
#2436=CARTESIAN_POINT('Ctrl Pts',(18.3128719068979,0.946071804641408,0.));
#2437=CARTESIAN_POINT('Ctrl Pts',(18.2805962745381,0.925616888686474,0.));
#2438=CARTESIAN_POINT('Ctrl Pts',(18.2238101756136,0.882580068649039,0.));
#2439=CARTESIAN_POINT('Ctrl Pts',(18.1653463506488,0.826870434982555,0.));
#2440=CARTESIAN_POINT('Ctrl Pts',(18.0813695001211,0.731144249465085,0.));
#2441=CARTESIAN_POINT('Ctrl Pts',(18.0094691630166,0.635839748307796,0.));
#2442=CARTESIAN_POINT('Ctrl Pts',(17.9215606371885,0.512477542649746,0.));
#2443=CARTESIAN_POINT('Ctrl Pts',(17.8526646368437,0.414285250776997,0.));
#2444=CARTESIAN_POINT('Ctrl Pts',(17.7770341972613,0.313276725619048,0.));
#2445=CARTESIAN_POINT('Ctrl Pts',(17.7279376028297,0.253719539542067,0.));
#2446=CARTESIAN_POINT('Ctrl Pts',(17.6806359273168,0.203060889497171,0.));
#2447=CARTESIAN_POINT('Ctrl Pts',(17.6501922931934,0.17413930043894,0.));
#2448=CARTESIAN_POINT('Ctrl Pts',(17.6141028565904,0.144772787065961,0.));
#2449=CARTESIAN_POINT('Ctrl Pts',(17.5871322767383,0.126884623191417,0.));
#2450=CARTESIAN_POINT('Ctrl Pts',(17.5595101879211,0.112886300105964,0.));
#2451=CARTESIAN_POINT('Ctrl Pts',(17.5427024409226,0.106703859409307,0.));
#2452=CARTESIAN_POINT('Ctrl Pts',(17.5269889437989,0.102646723201623,0.));
#2453=CARTESIAN_POINT('Ctrl Pts',(17.5169832756794,0.100928170557834,0.));
#2454=CARTESIAN_POINT('Ctrl Pts',(17.5048096954648,0.0998764466699488,0.));
#2455=CARTESIAN_POINT('Ctrl Pts',(17.4952034598053,0.0998770721388089,0.));
#2456=CARTESIAN_POINT('Ctrl Pts',(17.4830295001421,0.100930420335678,0.));
#2457=CARTESIAN_POINT('Ctrl Pts',(17.4730232533139,0.102650369675164,0.));
#2458=CARTESIAN_POINT('Ctrl Pts',(17.4573086008286,0.10670983096546,0.));
#2459=CARTESIAN_POINT('Ctrl Pts',(17.4404994288521,0.112894925369897,0.));
#2460=CARTESIAN_POINT('Ctrl Pts',(17.4128752046634,0.126897733167071,0.));
#2461=CARTESIAN_POINT('Ctrl Pts',(17.3859029577136,0.144790170962676,0.));
#2462=CARTESIAN_POINT('Ctrl Pts',(17.349811888824,0.174161904701268,0.));
#2463=CARTESIAN_POINT('Ctrl Pts',(17.3193672659592,0.203087428604419,0.));
#2464=CARTESIAN_POINT('Ctrl Pts',(17.2720644634508,0.253751353006885,0.));
#2465=CARTESIAN_POINT('Ctrl Pts',(17.2229671154875,0.313312879156175,0.));
#2466=CARTESIAN_POINT('Ctrl Pts',(17.1473358697499,0.414325841791727,0.));
#2467=CARTESIAN_POINT('Ctrl Pts',(17.0784393450206,0.512519807980108,0.));
#2468=CARTESIAN_POINT('Ctrl Pts',(16.990530099033,0.635881320010988,0.));
#2469=CARTESIAN_POINT('Ctrl Pts',(16.9186290358482,0.731183174027628,0.));
#2470=CARTESIAN_POINT('Ctrl Pts',(16.8346507852362,0.826904386486803,0.));
#2471=CARTESIAN_POINT('Ctrl Pts',(16.7761854696551,0.882609740225351,0.));
#2472=CARTESIAN_POINT('Ctrl Pts',(16.7193973843899,0.925641774356858,0.));
#2473=CARTESIAN_POINT('Ctrl Pts',(16.6871204498606,0.946093722263416,0.));
#2474=CARTESIAN_POINT('Ctrl Pts',(16.6536264009483,0.963687151203034,0.));
#2475=CARTESIAN_POINT('Ctrl Pts',(16.6306700224329,0.973896834884213,0.));
#2476=CARTESIAN_POINT('Ctrl Pts',(16.6012044931031,0.984522170794847,0.));
#2477=CARTESIAN_POINT('Ctrl Pts',(16.5770464473006,0.991208399447536,0.));
#2478=CARTESIAN_POINT('Ctrl Pts',(16.5462791561378,0.997067446354403,0.));
#2479=CARTESIAN_POINT('Ctrl Pts',(16.5213108538861,0.999673521722596,0.));
#2480=CARTESIAN_POINT('Ctrl Pts',(16.4899603148179,1.00021619299923,0.));
#2481=CARTESIAN_POINT('Ctrl Pts',(16.4649107375259,0.998469606524019,0.));
#2482=CARTESIAN_POINT('Ctrl Pts',(16.4339561371685,0.993638155371335,0.));
#2483=CARTESIAN_POINT('Ctrl Pts',(16.409592653201,0.987725535649149,0.));
#2484=CARTESIAN_POINT('Ctrl Pts',(16.3738798748017,0.976045773792534,0.));
#2485=CARTESIAN_POINT('Ctrl Pts',(16.3393717426621,0.960828395909154,0.));
#2486=CARTESIAN_POINT('Ctrl Pts',(16.2899788043939,0.93244714362981,0.));
#2487=CARTESIAN_POINT('Ctrl Pts',(16.2483493562195,0.90195765186477,0.));
#2488=CARTESIAN_POINT('Ctrl Pts',(16.1884769779364,0.84980042225143,0.));
#2489=CARTESIAN_POINT('Ctrl Pts',(16.1314129710998,0.789808690360832,0.));
#2490=CARTESIAN_POINT('Ctrl Pts',(16.0487735405121,0.689232367596658,0.));
#2491=CARTESIAN_POINT('Ctrl Pts',(15.9775843470942,0.591548259162458,0.));
#2492=CARTESIAN_POINT('Ctrl Pts',(15.8904178498612,0.468029970178273,0.));
#2493=CARTESIAN_POINT('Ctrl Pts',(15.8220913999848,0.372099028000381,0.));
#2494=CARTESIAN_POINT('Ctrl Pts',(15.7390913998575,0.265642753388086,0.));
#2495=CARTESIAN_POINT('Ctrl Pts',(15.6752161234388,0.195299394578006,0.));
#2496=CARTESIAN_POINT('Ctrl Pts',(15.6129077670158,0.142904926235004,0.));
#2497=CARTESIAN_POINT('Ctrl Pts',(15.5800284053164,0.122755489287176,0.));
#2498=CARTESIAN_POINT('Ctrl Pts',(15.5562429803676,0.111830711016467,0.));
#2499=CARTESIAN_POINT('Ctrl Pts',(15.5449789686323,0.107602343314034,0.));
#2500=CARTESIAN_POINT('Ctrl Pts',(15.5316189960267,0.103698388878804,0.));
#2501=CARTESIAN_POINT('Ctrl Pts',(15.521448425817,0.101603376007336,0.));
#2502=CARTESIAN_POINT('Ctrl Pts',(15.5091557145038,0.100116871721069,0.));
#2503=CARTESIAN_POINT('Ctrl Pts',(15.4995329043596,0.0997862970654333,0.));
#2504=CARTESIAN_POINT('Ctrl Pts',(15.4874397127308,0.100414554902308,0.));
#2505=CARTESIAN_POINT('Ctrl Pts',(15.4775735734884,0.101772012163017,0.));
#2506=CARTESIAN_POINT('Ctrl Pts',(15.4647200705351,0.104653253085811,0.));
#2507=CARTESIAN_POINT('Ctrl Pts',(15.4539330098418,0.10797751635012,0.));
#2508=CARTESIAN_POINT('Ctrl Pts',(15.436841805001,0.114699030070762,0.));
#2509=CARTESIAN_POINT('Ctrl Pts',(15.4184958289245,0.123877727488936,0.));
#2510=CARTESIAN_POINT('Ctrl Pts',(15.3820933679011,0.146965866553208,0.));
#2511=CARTESIAN_POINT('Ctrl Pts',(15.3381712157621,0.183417764492362,0.));
#2512=CARTESIAN_POINT('Ctrl Pts',(15.2675485256597,0.257569112948469,0.));
#2513=CARTESIAN_POINT('Ctrl Pts',(15.2013988225542,0.3409346149515,0.));
#2514=CARTESIAN_POINT('Ctrl Pts',(15.1164887924003,0.457801966746151,0.));
#2515=CARTESIAN_POINT('Ctrl Pts',(15.0470441282618,0.557278545057189,0.));
#2516=CARTESIAN_POINT('Ctrl Pts',(14.9583423725682,0.679340964183968,0.));
#2517=CARTESIAN_POINT('Ctrl Pts',(14.8856024421098,0.771443271706103,0.));
#2518=CARTESIAN_POINT('Ctrl Pts',(14.7999736432504,0.861517412126911,0.));
#2519=CARTESIAN_POINT('Ctrl Pts',(14.7397275062424,0.912447911031705,0.));
#2520=CARTESIAN_POINT('Ctrl Pts',(14.6806418386593,0.950098117651427,0.));
#2521=CARTESIAN_POINT('Ctrl Pts',(14.6469032423317,0.967185456851845,0.));
#2522=CARTESIAN_POINT('Ctrl Pts',(14.6119099124992,0.980975109238351,0.));
#2523=CARTESIAN_POINT('Ctrl Pts',(14.5879740092908,0.988414569776689,0.));
#2524=CARTESIAN_POINT('Ctrl Pts',(14.5574239859183,0.995282005428644,0.));
#2525=CARTESIAN_POINT('Ctrl Pts',(14.5325674934852,0.99873924801063,0.));
#2526=CARTESIAN_POINT('Ctrl Pts',(14.5012577094547,1.00036892840936,0.));
#2527=CARTESIAN_POINT('Ctrl Pts',(14.476158405301,0.999493020186622,0.));
#2528=CARTESIAN_POINT('Ctrl Pts',(14.445048784792,0.995713053355677,0.));
#2529=CARTESIAN_POINT('Ctrl Pts',(14.4204977060956,0.990598800936595,0.));
#2530=CARTESIAN_POINT('Ctrl Pts',(14.390455789277,0.981791405373218,0.));
#2531=CARTESIAN_POINT('Ctrl Pts',(14.3669983793356,0.972916143677214,0.));
#2532=CARTESIAN_POINT('Ctrl Pts',(14.3213409911583,0.95189799207432,0.));
#2533=CARTESIAN_POINT('Ctrl Pts',(14.2674167437721,0.917963499628345,0.));
#2534=CARTESIAN_POINT('Ctrl Pts',(14.1821578570006,0.845686352042463,0.));
#2535=CARTESIAN_POINT('Ctrl Pts',(14.1071453857819,0.76222754513717,0.));
#2536=CARTESIAN_POINT('Ctrl Pts',(14.0165351744856,0.646025005618473,0.));
#2537=CARTESIAN_POINT('Ctrl Pts',(13.945973217133,0.546826721455769,0.));
#2538=CARTESIAN_POINT('Ctrl Pts',(13.8595291924921,0.424331551388224,0.));
#2539=CARTESIAN_POINT('Ctrl Pts',(13.7918300342624,0.33162530463258,0.));
#2540=CARTESIAN_POINT('Ctrl Pts',(13.7182204425489,0.242085320712813,0.));
#2541=CARTESIAN_POINT('Ctrl Pts',(13.6711187897877,0.192984422293491,0.));
#2542=CARTESIAN_POINT('Ctrl Pts',(13.6268260121502,0.154468319980117,0.));
#2543=CARTESIAN_POINT('Ctrl Pts',(13.5990123213511,0.1343163019452,0.));
#2544=CARTESIAN_POINT('Ctrl Pts',(13.5702820156644,0.117903987124981,0.));
#2545=CARTESIAN_POINT('Ctrl Pts',(13.5527080687493,0.110268974052559,0.));
#2546=CARTESIAN_POINT('Ctrl Pts',(13.5363386402176,0.104931513219006,0.));
#2547=CARTESIAN_POINT('Ctrl Pts',(13.5259805422026,0.102444172861198,0.));
#2548=CARTESIAN_POINT('Ctrl Pts',(13.5135329227024,0.100509897835609,0.));
#2549=CARTESIAN_POINT('Ctrl Pts',(13.5038604913499,0.0998448099799366,0.));
#2550=CARTESIAN_POINT('Ctrl Pts',(13.4918081862435,0.100053936833855,0.));
#2551=CARTESIAN_POINT('Ctrl Pts',(13.4820539515596,0.101060941067992,0.));
#2552=CARTESIAN_POINT('Ctrl Pts',(13.4694178057841,0.103460251012704,0.));
#2553=CARTESIAN_POINT('Ctrl Pts',(13.4588529328977,0.106357738530287,0.));
#2554=CARTESIAN_POINT('Ctrl Pts',(13.4449147088345,0.11137326309794,0.));
#2555=CARTESIAN_POINT('Ctrl Pts',(13.433148043246,0.116573895966098,0.));
#2556=CARTESIAN_POINT('Ctrl Pts',(13.4145575568603,0.126325842828393,0.));
#2557=CARTESIAN_POINT('Ctrl Pts',(13.3947500419001,0.138770146288991,0.));
#2558=CARTESIAN_POINT('Ctrl Pts',(13.3560503134544,0.1680127184523,0.));
#2559=CARTESIAN_POINT('Ctrl Pts',(13.3103476846769,0.211020963031124,0.));
#2560=CARTESIAN_POINT('Ctrl Pts',(13.2380747351996,0.29332738178143,0.));
#2561=CARTESIAN_POINT('Ctrl Pts',(13.171086287134,0.381840459574599,0.));
#2562=CARTESIAN_POINT('Ctrl Pts',(13.0853838047281,0.502122525854278,0.));
#2563=CARTESIAN_POINT('Ctrl Pts',(13.0153909910975,0.601928314290457,0.));
#2564=CARTESIAN_POINT('Ctrl Pts',(12.9347715458517,0.70961880902664,0.));
#2565=CARTESIAN_POINT('Ctrl Pts',(12.8797015812729,0.776671869715229,0.));
#2566=CARTESIAN_POINT('Ctrl Pts',(12.8228367511332,0.837609652406287,0.));
#2567=CARTESIAN_POINT('Ctrl Pts',(12.783836082074,0.874835701481619,0.));
#2568=CARTESIAN_POINT('Ctrl Pts',(12.7331201963247,0.916187028675249,0.));
#2569=CARTESIAN_POINT('Ctrl Pts',(12.6906465699055,0.944729614428688,0.));
#2570=CARTESIAN_POINT('Ctrl Pts',(12.6401439637829,0.970507958614583,0.));
#2571=CARTESIAN_POINT('Ctrl Pts',(12.6048685810081,0.983705342986111,0.));
#2572=CARTESIAN_POINT('Ctrl Pts',(12.5684989098274,0.993125346530289,0.));
#2573=CARTESIAN_POINT('Ctrl Pts',(12.5437824383752,0.997418875746587,0.));
#2574=CARTESIAN_POINT('Ctrl Pts',(12.5125532949853,1.00012824034687,0.));
#2575=CARTESIAN_POINT('Ctrl Pts',(12.4874373083932,1.00012705752819,0.));
#2576=CARTESIAN_POINT('Ctrl Pts',(12.4562084360381,0.997414789402382,0.));
#2577=CARTESIAN_POINT('Ctrl Pts',(12.4314923779492,0.993119023173146,0.));
#2578=CARTESIAN_POINT('Ctrl Pts',(12.3951235320269,0.983695877246584,0.));
#2579=CARTESIAN_POINT('Ctrl Pts',(12.3598491670935,0.970495666480502,0.));
#2580=CARTESIAN_POINT('Ctrl Pts',(12.3093480862363,0.944713683773475,0.));
#2581=CARTESIAN_POINT('Ctrl Pts',(12.2668756506011,0.916168387810654,0.));
#2582=CARTESIAN_POINT('Ctrl Pts',(12.2161609307708,0.874814127707232,0.));
#2583=CARTESIAN_POINT('Ctrl Pts',(12.1771609679554,0.837586047461881,0.));
#2584=CARTESIAN_POINT('Ctrl Pts',(12.1202969428125,0.776645645319987,0.));
#2585=CARTESIAN_POINT('Ctrl Pts',(12.0652275164706,0.709590554142037,0.));
#2586=CARTESIAN_POINT('Ctrl Pts',(11.98460864705,0.601898272757121,0.));
#2587=CARTESIAN_POINT('Ctrl Pts',(11.9146162079797,0.50209238699506,0.));
#2588=CARTESIAN_POINT('Ctrl Pts',(11.8289142399735,0.381812222833894,0.));
#2589=CARTESIAN_POINT('Ctrl Pts',(11.7619263105367,0.293302304707207,0.));
#2590=CARTESIAN_POINT('Ctrl Pts',(11.6896543611196,0.211001095693683,0.));
#2591=CARTESIAN_POINT('Ctrl Pts',(11.643952797068,0.16799714182325,0.));
#2592=CARTESIAN_POINT('Ctrl Pts',(11.6052544874371,0.138758723773936,0.));
#2593=CARTESIAN_POINT('Ctrl Pts',(11.5854479025979,0.126316680571055,0.));
#2594=CARTESIAN_POINT('Ctrl Pts',(11.5668584178452,0.116566879697311,0.));
#2595=CARTESIAN_POINT('Ctrl Pts',(11.5550924371586,0.111367599601757,0.));
#2596=CARTESIAN_POINT('Ctrl Pts',(11.541155026115,0.106353631995299,0.));
#2597=CARTESIAN_POINT('Ctrl Pts',(11.530590733629,0.103457273565278,0.));
#2598=CARTESIAN_POINT('Ctrl Pts',(11.5179551371755,0.101059240522385,0.));
#2599=CARTESIAN_POINT('Ctrl Pts',(11.5082011647748,0.100053169281062,0.));
#2600=CARTESIAN_POINT('Ctrl Pts',(11.4961489150289,0.0998451705325601,0.));
#2601=CARTESIAN_POINT('Ctrl Pts',(11.4864763057184,0.100511169743178,0.));
#2602=CARTESIAN_POINT('Ctrl Pts',(11.4740282213088,0.102446675255084,0.));
#2603=CARTESIAN_POINT('Ctrl Pts',(11.4636695897746,0.104935098115069,0.));
#2604=CARTESIAN_POINT('Ctrl Pts',(11.4472992225861,0.110274358643813,0.));
#2605=CARTESIAN_POINT('Ctrl Pts',(11.4297242304395,0.117911398302839,0.));
#2606=CARTESIAN_POINT('Ctrl Pts',(11.4009924613714,0.134327026893544,0.));
#2607=CARTESIAN_POINT('Ctrl Pts',(11.3731776826658,0.154482102348274,0.));
#2608=CARTESIAN_POINT('Ctrl Pts',(11.3288836460548,0.193002588367227,0.));
#2609=CARTESIAN_POINT('Ctrl Pts',(11.2817811540562,0.242107428971285,0.));
#2610=CARTESIAN_POINT('Ctrl Pts',(11.2081707475829,0.331651975939212,0.));
#2611=CARTESIAN_POINT('Ctrl Pts',(11.1404711416482,0.424360733010881,0.));
#2612=CARTESIAN_POINT('Ctrl Pts',(11.0540266259755,0.546856994451269,0.));
#2613=CARTESIAN_POINT('Ctrl Pts',(10.9834642672421,0.646054558224081,0.));
#2614=CARTESIAN_POINT('Ctrl Pts',(10.892853306215,0.762254416816002,0.));
#2615=CARTESIAN_POINT('Ctrl Pts',(10.8178398839684,0.84570983360718,0.));
#2616=CARTESIAN_POINT('Ctrl Pts',(10.7325791628488,0.917982163201225,0.));
#2617=CARTESIAN_POINT('Ctrl Pts',(10.6786532934219,0.951913119813936,0.));
#2618=CARTESIAN_POINT('Ctrl Pts',(10.6329945458129,0.972927847169717,0.));
#2619=CARTESIAN_POINT('Ctrl Pts',(10.6095364687458,0.981801237329161,0.));
#2620=CARTESIAN_POINT('Ctrl Pts',(10.5794938116198,0.990606091669394,0.));
#2621=CARTESIAN_POINT('Ctrl Pts',(10.5549422551437,0.995718158370015,0.));
#2622=CARTESIAN_POINT('Ctrl Pts',(10.5238322629787,0.999495259967615,0.));
#2623=CARTESIAN_POINT('Ctrl Pts',(10.498732868864,1.00036880802936,0.));
#2624=CARTESIAN_POINT('Ctrl Pts',(10.4674232497055,0.998736197939409,0.));
#2625=CARTESIAN_POINT('Ctrl Pts',(10.442567098463,0.995276673972927,0.));
#2626=CARTESIAN_POINT('Ctrl Pts',(10.4120176988618,0.988406547306881,0.));
#2627=CARTESIAN_POINT('Ctrl Pts',(10.3880824137107,0.98096508343298,0.));
#2628=CARTESIAN_POINT('Ctrl Pts',(10.3530900849896,0.967172672509533,0.));
#2629=CARTESIAN_POINT('Ctrl Pts',(10.3193525212248,0.950082893636632,0.));
#2630=CARTESIAN_POINT('Ctrl Pts',(10.2602685349041,0.912428814804709,0.));
#2631=CARTESIAN_POINT('Ctrl Pts',(10.2000237499846,0.861494914066314,0.));
#2632=CARTESIAN_POINT('Ctrl Pts',(10.1143961919451,0.771416698060573,0.));
#2633=CARTESIAN_POINT('Ctrl Pts',(10.0416568820573,0.679311963916415,0.));
#2634=CARTESIAN_POINT('Ctrl Pts',(9.95295568864816,0.55724828765982,0.));
#2635=CARTESIAN_POINT('Ctrl Pts',(9.88351139066644,0.457772253639358,0.));
#2636=CARTESIAN_POINT('Ctrl Pts',(9.79860192278865,0.340907615214102,0.));
#2637=CARTESIAN_POINT('Ctrl Pts',(9.73245284023758,0.257545907958851,0.));
#2638=CARTESIAN_POINT('Ctrl Pts',(9.66183139091832,0.183400361286487,0.));
#2639=CARTESIAN_POINT('Ctrl Pts',(9.61791059082474,0.146953015827135,0.));
#2640=CARTESIAN_POINT('Ctrl Pts',(9.58150981103131,0.123869010714804,0.));
#2641=CARTESIAN_POINT('Ctrl Pts',(9.56316486750982,0.114692446770906,0.));
#2642=CARTESIAN_POINT('Ctrl Pts',(9.54607466379093,0.107972866934261,0.));
#2643=CARTESIAN_POINT('Ctrl Pts',(9.53528822117282,0.104649780335266,0.));
#2644=CARTESIAN_POINT('Ctrl Pts',(9.52243534202826,0.101769868138543,0.));
#2645=CARTESIAN_POINT('Ctrl Pts',(9.5125695440174,0.100413372983174,0.));
#2646=CARTESIAN_POINT('Ctrl Pts',(9.50047651731911,0.0997862541133889,0.));
#2647=CARTESIAN_POINT('Ctrl Pts',(9.49085361726216,0.100117726785635,0.));
#2648=CARTESIAN_POINT('Ctrl Pts',(9.47856053434555,0.101605422212518,0.));
#2649=CARTESIAN_POINT('Ctrl Pts',(9.46838948638871,0.103701473228369,0.));
#2650=CARTESIAN_POINT('Ctrl Pts',(9.45502877350117,0.107606869536264,0.));
#2651=CARTESIAN_POINT('Ctrl Pts',(9.44376409464899,0.111836506771553,0.));
#2652=CARTESIAN_POINT('Ctrl Pts',(9.41997731026805,0.122764020720497,0.));
#2653=CARTESIAN_POINT('Ctrl Pts',(9.38709632649275,0.142917276834273,0.));
#2654=CARTESIAN_POINT('Ctrl Pts',(9.3247861356679,0.195318084380759,0.));
#2655=CARTESIAN_POINT('Ctrl Pts',(9.26090990819131,0.265666425763832,0.));
#2656=CARTESIAN_POINT('Ctrl Pts',(9.17790915831566,0.372127006029284,0.));
#2657=CARTESIAN_POINT('Ctrl Pts',(9.10958230705359,0.468059802732528,0.));
#2658=CARTESIAN_POINT('Ctrl Pts',(9.02241531879034,0.591578381201912,0.));
#2659=CARTESIAN_POINT('Ctrl Pts',(8.95122567767532,0.689261169070152,0.));
#2660=CARTESIAN_POINT('Ctrl Pts',(8.86858543234942,0.789834492796666,0.));
#2661=CARTESIAN_POINT('Ctrl Pts',(8.81152058630216,0.84982349628174,0.));
#2662=CARTESIAN_POINT('Ctrl Pts',(8.75164694908237,0.90197740114475,0.));
#2663=CARTESIAN_POINT('Ctrl Pts',(8.7100164130296,0.932464345494552,0.));
#2664=CARTESIAN_POINT('Ctrl Pts',(8.66062201140092,0.960842207426348,0.));
#2665=CARTESIAN_POINT('Ctrl Pts',(8.62611283402838,0.976056958827048,0.));
#2666=CARTESIAN_POINT('Ctrl Pts',(8.59039911694872,0.987733766936679,0.));
#2667=CARTESIAN_POINT('Ctrl Pts',(8.5660350994342,0.993644258011316,0.));
#2668=CARTESIAN_POINT('Ctrl Pts',(8.53508003411929,0.998472893077357,0.));
#2669=CARTESIAN_POINT('Ctrl Pts',(8.51003027882249,1.00021713568012,0.));
#2670=CARTESIAN_POINT('Ctrl Pts',(8.47867979505505,0.999671521404431,0.));
#2671=CARTESIAN_POINT('Ctrl Pts',(8.45371175504237,0.997063128679019,0.));
#2672=CARTESIAN_POINT('Ctrl Pts',(8.42294501315848,0.99120132427287,0.));
#2673=CARTESIAN_POINT('Ctrl Pts',(8.39878754773347,0.984513028134968,0.));
#2674=CARTESIAN_POINT('Ctrl Pts',(8.36932283140938,0.973885312187475,0.));
#2675=CARTESIAN_POINT('Ctrl Pts',(8.34636713779484,0.963673886581607,0.));
#2676=CARTESIAN_POINT('Ctrl Pts',(8.31287409052407,0.946078067180198,0.));
#2677=CARTESIAN_POINT('Ctrl Pts',(8.28059808613401,0.925623999200927,0.));
#2678=CARTESIAN_POINT('Ctrl Pts',(8.22381141972034,0.882588546510423,0.));
#2679=CARTESIAN_POINT('Ctrl Pts',(8.16534716889983,0.826880135635787,0.));
#2680=CARTESIAN_POINT('Ctrl Pts',(8.08136991837652,0.731155370919557,0.));
#2681=CARTESIAN_POINT('Ctrl Pts',(8.00946937383203,0.635851626013355,0.));
#2682=CARTESIAN_POINT('Ctrl Pts',(7.92156064224882,0.512489618429824,0.));
#2683=CARTESIAN_POINT('Ctrl Pts',(7.85266449207755,0.414296848092524,0.));
#2684=CARTESIAN_POINT('Ctrl Pts',(7.77703382215372,0.313287054986761,0.));
#2685=CARTESIAN_POINT('Ctrl Pts',(7.7279370124125,0.253728628828047,0.));
#2686=CARTESIAN_POINT('Ctrl Pts',(7.68063501487651,0.203068471772643,0.));
#2687=CARTESIAN_POINT('Ctrl Pts',(7.65019109823369,0.174145758445897,0.));
#2688=CARTESIAN_POINT('Ctrl Pts',(7.61410119523066,0.144777753522986,0.));
#2689=CARTESIAN_POINT('Ctrl Pts',(7.58713013903777,0.126888368534108,0.));
#2690=CARTESIAN_POINT('Ctrl Pts',(7.55950744010259,0.112888764138088,0.));
#2691=CARTESIAN_POINT('Ctrl Pts',(7.54269928598127,0.106705565277189,0.));
#2692=CARTESIAN_POINT('Ctrl Pts',(7.5269854587921,0.10264776479711,0.));
#2693=CARTESIAN_POINT('Ctrl Pts',(7.51697962536423,0.100928813118081,0.));
#2694=CARTESIAN_POINT('Ctrl Pts',(7.50480593679182,0.0998766251561127,0.));
#2695=CARTESIAN_POINT('Ctrl Pts',(7.49519970118113,0.0998768932141943,0.));
#2696=CARTESIAN_POINT('Ctrl Pts',(7.48302584998788,0.100929777308582,0.));
#2697=CARTESIAN_POINT('Ctrl Pts',(7.473019768542,0.102649327571479,0.));
#2698=CARTESIAN_POINT('Ctrl Pts',(7.4573054461978,0.106708124515534,0.));
#2699=CARTESIAN_POINT('Ctrl Pts',(7.44049668137168,0.112892460679768,0.));
#2700=CARTESIAN_POINT('Ctrl Pts',(7.4128730672772,0.1268939870951,0.));
#2701=CARTESIAN_POINT('Ctrl Pts',(7.38590129661389,0.144785203764436,0.));
#2702=CARTESIAN_POINT('Ctrl Pts',(7.34981069405949,0.174155445986897,0.));
#2703=CARTESIAN_POINT('Ctrl Pts',(7.31936635367037,0.203079845675753,0.));
#2704=CARTESIAN_POINT('Ctrl Pts',(7.27206387313627,0.253742263170115,0.));
#2705=CARTESIAN_POINT('Ctrl Pts',(7.22296674045291,0.31330254935982,0.));
#2706=CARTESIAN_POINT('Ctrl Pts',(7.14733572503404,0.414314244241698,0.));
#2707=CARTESIAN_POINT('Ctrl Pts',(7.07843935012654,0.512507732142841,0.));
#2708=CARTESIAN_POINT('Ctrl Pts',(6.9905303099035,0.635869442457583,0.));
#2709=CARTESIAN_POINT('Ctrl Pts',(6.91862945418175,0.731172052874935,0.));
#2710=CARTESIAN_POINT('Ctrl Pts',(6.83465160362234,0.826894686280472,0.));
#2711=CARTESIAN_POINT('Ctrl Pts',(6.77618671396629,0.882601262900281,0.));
#2712=CARTESIAN_POINT('Ctrl Pts',(6.71939919626373,0.92563466448824,0.));
#2713=CARTESIAN_POINT('Ctrl Pts',(6.68712263380105,0.946087460446779,0.));
#2714=CARTESIAN_POINT('Ctrl Pts',(6.65362898555048,0.963681845598681,0.));
#2715=CARTESIAN_POINT('Ctrl Pts',(6.63067288099479,0.973892226070239,0.));
#2716=CARTESIAN_POINT('Ctrl Pts',(6.60120767685894,0.984518514022055,0.));
#2717=CARTESIAN_POINT('Ctrl Pts',(6.57704986319373,0.991205569689235,0.));
#2718=CARTESIAN_POINT('Ctrl Pts',(6.54628279171661,0.997065719616191,0.));
#2719=CARTESIAN_POINT('Ctrl Pts',(6.52131459433402,0.99967272193746,0.));
#2720=CARTESIAN_POINT('Ctrl Pts',(6.48996407735029,1.00021657041588,0.));
#2721=CARTESIAN_POINT('Ctrl Pts',(6.46491442882829,0.99847092148267,0.));
#2722=CARTESIAN_POINT('Ctrl Pts',(6.43395964245902,0.993640596747078,0.));
#2723=CARTESIAN_POINT('Ctrl Pts',(6.40959594505606,0.987728828464658,0.));
#2724=CARTESIAN_POINT('Ctrl Pts',(6.37388279117046,0.976050248075345,0.));
#2725=CARTESIAN_POINT('Ctrl Pts',(6.33937424093677,0.960833920753483,0.));
#2726=CARTESIAN_POINT('Ctrl Pts',(6.28998071733699,0.932454024575123,0.));
#2727=CARTESIAN_POINT('Ctrl Pts',(6.24835083402811,0.901965551751327,0.));
#2728=CARTESIAN_POINT('Ctrl Pts',(6.1884779521924,0.849809652007715,0.));
#2729=CARTESIAN_POINT('Ctrl Pts',(6.13141360968756,0.78981901145253,0.));
#2730=CARTESIAN_POINT('Ctrl Pts',(6.04877385321756,0.689243888257171,0.));
#2731=CARTESIAN_POINT('Ctrl Pts',(5.9775844807255,0.59156030800185,0.));
#2732=CARTESIAN_POINT('Ctrl Pts',(5.89041778708136,0.468041903159139,0.));
#2733=CARTESIAN_POINT('Ctrl Pts',(5.82209117664773,0.372110219117734,0.));
#2734=CARTESIAN_POINT('Ctrl Pts',(5.73909087661061,0.265652222181244,0.));
#2735=CARTESIAN_POINT('Ctrl Pts',(5.6752152197508,0.19530687029708,0.));
#2736=CARTESIAN_POINT('Ctrl Pts',(5.61290612953473,0.142909866248335,0.));
#2737=CARTESIAN_POINT('Ctrl Pts',(5.58002611898393,0.1227589016451,0.));
#2738=CARTESIAN_POINT('Ctrl Pts',(5.55624015026196,0.111833029126255,0.));
#2739=CARTESIAN_POINT('Ctrl Pts',(5.54497587168517,0.107604153625148,0.));
#2740=CARTESIAN_POINT('Ctrl Pts',(5.53161560298213,0.103699622459697,0.));
#2741=CARTESIAN_POINT('Ctrl Pts',(5.52144484169308,0.101604194344319,0.));
#2742=CARTESIAN_POINT('Ctrl Pts',(5.50915198177009,0.100117213613269,0.));
#2743=CARTESIAN_POINT('Ctrl Pts',(5.49952913568972,0.0997862797539,0.));
#2744=CARTESIAN_POINT('Ctrl Pts',(5.48743601006822,0.10041408199869,0.));
#2745=CARTESIAN_POINT('Ctrl Pts',(5.47757000734299,0.101771154406724,0.));
#2746=CARTESIAN_POINT('Ctrl Pts',(5.46471675393565,0.104651863821581,0.));
#2747=CARTESIAN_POINT('Ctrl Pts',(5.45392994048319,0.107975656404335,0.));
#2748=CARTESIAN_POINT('Ctrl Pts',(5.43683913609744,0.114696396550687,0.));
#2749=CARTESIAN_POINT('Ctrl Pts',(5.41849357303829,0.123874240564064,0.));
#2750=CARTESIAN_POINT('Ctrl Pts',(5.38209178448735,0.146960726038363,0.));
#2751=CARTESIAN_POINT('Ctrl Pts',(5.33817017314076,0.183410803002054,0.));
#2752=CARTESIAN_POINT('Ctrl Pts',(5.26754797932956,0.257559830789889,0.));
#2753=CARTESIAN_POINT('Ctrl Pts',(5.2013985244361,0.340923814944496,0.));
#2754=CARTESIAN_POINT('Ctrl Pts',(5.11648871918766,0.457790081457009,0.));
#2755=CARTESIAN_POINT('Ctrl Pts',(5.04704420151185,0.557266442104352,0.));
#2756=CARTESIAN_POINT('Ctrl Pts',(4.95834267073707,0.679329364143616,0.));
#2757=CARTESIAN_POINT('Ctrl Pts',(4.88560298851663,0.771432642356542,0.));
#2758=CARTESIAN_POINT('Ctrl Pts',(4.79997468600723,0.861508413052828,0.));
#2759=CARTESIAN_POINT('Ctrl Pts',(4.73972908986039,0.912440272720754,0.));
#2760=CARTESIAN_POINT('Ctrl Pts',(4.68064409480172,0.95009202826663,0.));
#2761=CARTESIAN_POINT('Ctrl Pts',(4.64690591150399,0.967180343365,0.));
#2762=CARTESIAN_POINT('Ctrl Pts',(4.61191298210973,0.980971099197809,0.));
#2763=CARTESIAN_POINT('Ctrl Pts',(4.58797732611348,0.988411361091486,0.));
#2764=CARTESIAN_POINT('Ctrl Pts',(4.55742755222704,0.995279873171734,0.));
#2765=CARTESIAN_POINT('Ctrl Pts',(4.53257119624561,0.998738028320598,0.));
#2766=CARTESIAN_POINT('Ctrl Pts',(4.50126147812883,1.00036888060225,0.));
#2767=CARTESIAN_POINT('Ctrl Pts',(4.47616213796171,0.999493916440364,0.));
#2768=CARTESIAN_POINT('Ctrl Pts',(4.44505236875882,0.995715095688512,0.));
#2769=CARTESIAN_POINT('Ctrl Pts',(4.420501098931,0.990601717539164,0.));
#2770=CARTESIAN_POINT('Ctrl Pts',(4.39045888597416,0.981795338439486,0.));
#2771=CARTESIAN_POINT('Ctrl Pts',(4.36700120917723,0.972920825336717,0.));
#2772=CARTESIAN_POINT('Ctrl Pts',(4.32134327722753,0.951904043392643,0.));
#2773=CARTESIAN_POINT('Ctrl Pts',(4.26741838104609,0.917970965240441,0.));
#2774=CARTESIAN_POINT('Ctrl Pts',(4.1821587605677,0.845695744809804,0.));
#2775=CARTESIAN_POINT('Ctrl Pts',(4.10714590895577,0.762238293913816,0.));
#2776=CARTESIAN_POINT('Ctrl Pts',(4.01653539777764,0.646036826711174,0.));
#2777=CARTESIAN_POINT('Ctrl Pts',(3.94597327987566,0.546838830654746,0.));
#2778=CARTESIAN_POINT('Ctrl Pts',(3.85952905882112,0.424343223972587,0.));
#2779=CARTESIAN_POINT('Ctrl Pts',(3.79182972150469,0.331635973037488,0.));
#2780=CARTESIAN_POINT('Ctrl Pts',(3.7182198038743,0.242094163844302,0.));
#2781=CARTESIAN_POINT('Ctrl Pts',(3.67111781540207,0.192991688520269,0.));
#2782=CARTESIAN_POINT('Ctrl Pts',(3.62682453415315,0.154473832707182,0.));
#2783=CARTESIAN_POINT('Ctrl Pts',(3.59901040817454,0.134320591702448,0.));
#2784=CARTESIAN_POINT('Ctrl Pts',(3.57027951712274,0.117906951388418,0.));
#2785=CARTESIAN_POINT('Ctrl Pts',(3.55270515211597,0.11027112770084,0.));
#2786=CARTESIAN_POINT('Ctrl Pts',(3.53633534813564,0.104932947011716,0.));
#2787=CARTESIAN_POINT('Ctrl Pts',(3.52597703672964,0.102445173667854,0.));
#2788=CARTESIAN_POINT('Ctrl Pts',(3.51352923129452,0.100510406461728,0.));
#2789=CARTESIAN_POINT('Ctrl Pts',(3.50385672878685,0.099844954069785,0.));
#2790=CARTESIAN_POINT('Ctrl Pts',(3.49180444586055,0.100053629679764,0.));
#2791=CARTESIAN_POINT('Ctrl Pts',(3.48205031611649,0.101060260708494,0.));
#2792=CARTESIAN_POINT('Ctrl Pts',(3.46941439009563,0.103459059876461,0.));
#2793=CARTESIAN_POINT('Ctrl Pts',(3.45884974938305,0.106356095743675,0.));
#2794=CARTESIAN_POINT('Ctrl Pts',(3.44491185053609,0.111370997508673,0.));
#2795=CARTESIAN_POINT('Ctrl Pts',(3.43314545890899,0.116571089255424,0.));
#2796=CARTESIAN_POINT('Ctrl Pts',(3.41455537317131,0.126322177709174,0.));
#2797=CARTESIAN_POINT('Ctrl Pts',(3.3947482302486,0.138765577061164,0.));
#2798=CARTESIAN_POINT('Ctrl Pts',(3.35604906930677,0.168006487584189,0.));
#2799=CARTESIAN_POINT('Ctrl Pts',(3.31034686639887,0.211013015904964,0.));
#2800=CARTESIAN_POINT('Ctrl Pts',(3.23807431692852,0.293317350811041,0.));
#2801=CARTESIAN_POINT('Ctrl Pts',(3.17108607630757,0.381829164789804,0.));
#2802=CARTESIAN_POINT('Ctrl Pts',(3.08538379965867,0.502110470287947,0.));
#2803=CARTESIAN_POINT('Ctrl Pts',(3.01539113585358,0.60191629770585,0.));
#2804=CARTESIAN_POINT('Ctrl Pts',(2.9347719209447,0.709607507153504,0.));
#2805=CARTESIAN_POINT('Ctrl Pts',(2.87970217166961,0.776661380068059,0.));
#2806=CARTESIAN_POINT('Ctrl Pts',(2.82283766354317,0.837600210567669,0.));
#2807=CARTESIAN_POINT('Ctrl Pts',(2.78383727699469,0.874827072129677,0.));
#2808=CARTESIAN_POINT('Ctrl Pts',(2.73312185763245,0.916179572514434,0.));
#2809=CARTESIAN_POINT('Ctrl Pts',(2.69064870754313,0.94472324237973,0.));
#2810=CARTESIAN_POINT('Ctrl Pts',(2.64014671153377,0.970503042016466,0.));
#2811=CARTESIAN_POINT('Ctrl Pts',(2.60487173588727,0.983701556978838,0.));
#2812=CARTESIAN_POINT('Ctrl Pts',(2.56850239478722,0.993122817505246,0.));
#2813=CARTESIAN_POINT('Ctrl Pts',(2.54378608865814,0.997417241542299,0.));
#2814=CARTESIAN_POINT('Ctrl Pts',(2.51255705364851,1.0001277675633,0.));
#2815=CARTESIAN_POINT('Ctrl Pts',(2.48744106702722,1.00012753099956,0.));
#2816=CARTESIAN_POINT('Ctrl Pts',(2.45621208622454,0.997416424273457,0.));
#2817=CARTESIAN_POINT('Ctrl Pts',(2.43149586276813,0.993121552833815,0.));
#2818=CARTESIAN_POINT('Ctrl Pts',(2.39512668671975,0.983699663830934,0.));
#2819=CARTESIAN_POINT('Ctrl Pts',(2.35985191464152,0.970500583589649,0.));
#2820=CARTESIAN_POINT('Ctrl Pts',(2.30935022368526,0.944720056248686,0.));
#2821=CARTESIAN_POINT('Ctrl Pts',(2.26687731175275,0.916175844341514,0.));
#2822=CARTESIAN_POINT('Ctrl Pts',(2.2161621255743,0.874822757374799,0.));
#2823=CARTESIAN_POINT('Ctrl Pts',(2.17716188027459,0.837595489578787,0.));
#2824=CARTESIAN_POINT('Ctrl Pts',(2.12029753314751,0.776656135189008,0.));
#2825=CARTESIAN_POINT('Ctrl Pts',(2.0652278915198,0.709601856176582,0.));
#2826=CARTESIAN_POINT('Ctrl Pts',(1.98460879177593,0.601910289399183,0.));
#2827=CARTESIAN_POINT('Ctrl Pts',(1.91461620288293,0.502104442516102,0.));
#2828=CARTESIAN_POINT('Ctrl Pts',(1.82891402911396,0.381823517441662,0.));
#2829=CARTESIAN_POINT('Ctrl Pts',(1.76192589221876,0.293312335396195,0.));
#2830=CARTESIAN_POINT('Ctrl Pts',(1.68965354276045,0.211009042437475,0.));
#2831=CARTESIAN_POINT('Ctrl Pts',(1.64395155279773,0.168003372258378,0.));
#2832=CARTESIAN_POINT('Ctrl Pts',(1.60525267561886,0.138763292558153,0.));
#2833=CARTESIAN_POINT('Ctrl Pts',(1.58544571872036,0.126320345257707,0.));
#2834=CARTESIAN_POINT('Ctrl Pts',(1.56685583330928,0.116569686001667,0.));
#2835=CARTESIAN_POINT('Ctrl Pts',(1.55508957866257,0.111369864809437,0.));
#2836=CARTESIAN_POINT('Ctrl Pts',(1.54115184241953,0.106355274436679,0.));
#2837=CARTESIAN_POINT('Ctrl Pts',(1.53058731778702,0.103458464386977,0.));
#2838=CARTESIAN_POINT('Ctrl Pts',(1.51795150163056,0.101059920599373,0.));
#2839=CARTESIAN_POINT('Ctrl Pts',(1.50819742434314,0.100053476169206,0.));
#2840=CARTESIAN_POINT('Ctrl Pts',(1.49614515248894,0.0998450261803095,0.));
#2841=CARTESIAN_POINT('Ctrl Pts',(1.48647261438967,0.100510660843241,0.));
#2842=CARTESIAN_POINT('Ctrl Pts',(1.47402471597267,0.10244567414663,0.));
#2843=CARTESIAN_POINT('Ctrl Pts',(1.46366629786281,0.104933663990927,0.));
#2844=CARTESIAN_POINT('Ctrl Pts',(1.44729630615113,0.11027220461909,0.));
#2845=CARTESIAN_POINT('Ctrl Pts',(1.42972173209808,0.117908433623989,0.));
#2846=CARTESIAN_POINT('Ctrl Pts',(1.40099054836998,0.134322736692116,0.));
#2847=CARTESIAN_POINT('Ctrl Pts',(1.37317620481008,0.154476589180813,0.));
#2848=CARTESIAN_POINT('Ctrl Pts',(1.32888267176645,0.192995321735017,0.));
#2849=CARTESIAN_POINT('Ctrl Pts',(1.28178051544675,0.242098585495996,0.));
#2850=CARTESIAN_POINT('Ctrl Pts',(1.20817043486439,0.331641307298816,0.));
#2851=CARTESIAN_POINT('Ctrl Pts',(1.14047100800698,0.424349060297119,0.));
#2852=CARTESIAN_POINT('Ctrl Pts',(1.05402668874607,0.546844885253847,0.));
#2853=CARTESIAN_POINT('Ctrl Pts',(0.983464490567946,0.646042737232297,0.));
#2854=CARTESIAN_POINT('Ctrl Pts',(0.892853829443638,0.762243668249583,0.));
#2855=CARTESIAN_POINT('Ctrl Pts',(0.817840787626118,0.845700441122748,0.));
#2856=CARTESIAN_POINT('Ctrl Pts',(0.732580800278121,0.917974697955018,0.));
#2857=CARTESIAN_POINT('Ctrl Pts',(0.678655579688534,0.951907068940568,0.));
#2858=CARTESIAN_POINT('Ctrl Pts',(0.632997375852496,0.972923166035219,0.));
#2859=CARTESIAN_POINT('Ctrl Pts',(0.609539565630438,0.981797304830676,0.));
#2860=CARTESIAN_POINT('Ctrl Pts',(0.579497204612099,0.990603175685725,0.));
#2861=CARTESIAN_POINT('Ctrl Pts',(0.55494583922835,0.995716116691381,0.));
#2862=CARTESIAN_POINT('Ctrl Pts',(0.523835995694253,0.999494364396564,0.));
#2863=CARTESIAN_POINT('Ctrl Pts',(0.49873663753494,1.00036885652625,0.));
#2864=CARTESIAN_POINT('Ctrl Pts',(0.467426952392561,0.998737418306353,0.));
#2865=CARTESIAN_POINT('Ctrl Pts',(0.442570664649255,0.995278806880589,0.));
#2866=CARTESIAN_POINT('Ctrl Pts',(0.412021015517077,0.988409756597523,0.));
#2867=CARTESIAN_POINT('Ctrl Pts',(0.388085483132275,0.980969094036732,0.));
#2868=CARTESIAN_POINT('Ctrl Pts',(0.353092753960304,0.967177786496537,0.));
#2869=CARTESIAN_POINT('Ctrl Pts',(0.319354777175131,0.950088983463669,0.));
#2870=CARTESIAN_POINT('Ctrl Pts',(0.260270118368962,0.912436453475354,0.));
#2871=CARTESIAN_POINT('Ctrl Pts',(0.200024792639795,0.861503913440708,0.));
#2872=CARTESIAN_POINT('Ctrl Pts',(0.114396738294371,0.771427327627435,0.));
#2873=CARTESIAN_POINT('Ctrl Pts',(0.0416571801880607,0.679323564090105,
0.));
#2874=CARTESIAN_POINT('Ctrl Pts',(-0.0470442381298413,0.557260390624877,
0.));
#2875=CARTESIAN_POINT('Ctrl Pts',(-0.116488682574286,0.45778413883565,0.));
#2876=CARTESIAN_POINT('Ctrl Pts',(-0.201398375367495,0.340918414997016,
0.));
#2877=CARTESIAN_POINT('Ctrl Pts',(-0.267547706150074,0.257555189791965,
0.));
#2878=CARTESIAN_POINT('Ctrl Pts',(-0.33816965180465,0.183407322360878,0.));
#2879=CARTESIAN_POINT('Ctrl Pts',(-0.38209099274215,0.146958155893149,0.));
#2880=CARTESIAN_POINT('Ctrl Pts',(-0.418492445047091,0.123872497209238,
0.));
#2881=CARTESIAN_POINT('Ctrl Pts',(-0.436837801595251,0.114695079890717,
0.));
#2882=CARTESIAN_POINT('Ctrl Pts',(-0.453928405756614,0.107974726521164,
0.));
#2883=CARTESIAN_POINT('Ctrl Pts',(-0.464715095594035,0.104651169271474,
0.));
#2884=CARTESIAN_POINT('Ctrl Pts',(-0.477568224239633,0.101770725601831,
0.));
#2885=CARTESIAN_POINT('Ctrl Pts',(-0.487434158718549,0.100413845614864,
0.));
#2886=CARTESIAN_POINT('Ctrl Pts',(-0.499527251353949,0.0997862711634913,
0.));
#2887=CARTESIAN_POINT('Ctrl Pts',(-0.509150115416859,0.100117384626181,
0.));
#2888=CARTESIAN_POINT('Ctrl Pts',(-0.521443049660538,0.101604603585354,
0.));
#2889=CARTESIAN_POINT('Ctrl Pts',(-0.531613906499011,0.103700239329609,
0.));
#2890=CARTESIAN_POINT('Ctrl Pts',(-0.544974323258451,0.107605058869593,
0.));
#2891=CARTESIAN_POINT('Ctrl Pts',(-0.556238735258615,0.111834188277271,
0.));
#2892=CARTESIAN_POINT('Ctrl Pts',(-0.580024975867021,0.122760607931764,
0.));
#2893=CARTESIAN_POINT('Ctrl Pts',(-0.612905310832991,0.142912336368189,
0.));
#2894=CARTESIAN_POINT('Ctrl Pts',(-0.675214767929437,0.195310608257632,
0.));
#2895=CARTESIAN_POINT('Ctrl Pts',(-0.739090615000806,0.265656956656395,
0.));
#2896=CARTESIAN_POINT('Ctrl Pts',(-0.822091064987609,0.372115814723516,
0.));
#2897=CARTESIAN_POINT('Ctrl Pts',(-0.890417755698373,0.468047869669991,
0.));
#2898=CARTESIAN_POINT('Ctrl Pts',(-0.977584547548569,0.591566332409741,
0.));
#2899=CARTESIAN_POINT('Ctrl Pts',(-1.04877400958005,0.68924964855187,0.));
#2900=CARTESIAN_POINT('Ctrl Pts',(-1.13141392899769,0.789824171939697,0.));
#2901=CARTESIAN_POINT('Ctrl Pts',(-1.18847843934467,0.849814266813779,0.));
#2902=CARTESIAN_POINT('Ctrl Pts',(-1.2483515729677,0.901969501607322,0.));
#2903=CARTESIAN_POINT('Ctrl Pts',(-1.28998167385225,0.932457464948072,0.));
#2904=CARTESIAN_POINT('Ctrl Pts',(-1.33937549012414,0.960836683056923,0.));
#2905=CARTESIAN_POINT('Ctrl Pts',(-1.37388424940442,0.976052485082249,0.));
#2906=CARTESIAN_POINT('Ctrl Pts',(-1.40959759102608,0.987730474722165,0.));
#2907=CARTESIAN_POINT('Ctrl Pts',(-1.43396139513844,0.993641817275075,0.));
#2908=CARTESIAN_POINT('Ctrl Pts',(-1.46491627449922,0.998471578793338,0.));
#2909=CARTESIAN_POINT('Ctrl Pts',(-1.48996595862217,1.00021675895206,0.));
#2910=CARTESIAN_POINT('Ctrl Pts',(-1.52131646454575,0.999672321873827,0.));
#2911=CARTESIAN_POINT('Ctrl Pts',(-1.54628460948055,0.997064856081114,0.));
#2912=CARTESIAN_POINT('Ctrl Pts',(-1.57705157110187,0.991204154654298,0.));
#2913=CARTESIAN_POINT('Ctrl Pts',(-1.60120926869158,0.984516685490076,0.));
#2914=CARTESIAN_POINT('Ctrl Pts',(-1.63067431022632,0.97388992153089,0.));
#2915=CARTESIAN_POINT('Ctrl Pts',(-1.65363027780183,0.963679192674393,0.));
#2916=CARTESIAN_POINT('Ctrl Pts',(-1.68712372572408,0.946084329430133,0.));
#2917=CARTESIAN_POINT('Ctrl Pts',(-1.71940010215892,0.925631109457052,0.));
#2918=CARTESIAN_POINT('Ctrl Pts',(-1.77618733609116,0.882597024157294,0.));
#2919=CARTESIAN_POINT('Ctrl Pts',(-1.8346520127951,0.826889836110267,0.));
#2920=CARTESIAN_POINT('Ctrl Pts',(-1.91862966333679,0.731166492253322,0.));
#2921=CARTESIAN_POINT('Ctrl Pts',(-1.99053041533048,0.635863503658056,0.));
#2922=CARTESIAN_POINT('Ctrl Pts',(-2.07843935267263,0.512501694232783,0.));
#2923=CARTESIAN_POINT('Ctrl Pts',(-2.14733565266851,0.414308445501856,0.));
#2924=CARTESIAN_POINT('Ctrl Pts',(-2.22296655292464,0.313297384525936,0.));
#2925=CARTESIAN_POINT('Ctrl Pts',(-2.2720635779636,0.253737718334348,0.));
#2926=CARTESIAN_POINT('Ctrl Pts',(-2.31936589750319,0.203076054309397,0.));
#2927=CARTESIAN_POINT('Ctrl Pts',(-2.34981009664792,0.174152216735823,0.));
#2928=CARTESIAN_POINT('Ctrl Pts',(-2.38590046602503,0.144782720276498,0.));
#2929=CARTESIAN_POINT('Ctrl Pts',(-2.41287199853696,0.126892114168508,0.));
#2930=CARTESIAN_POINT('Ctrl Pts',(-2.4404953075807,0.112891228433407,0.));
#2931=CARTESIAN_POINT('Ctrl Pts',(-2.4573038688358,0.106707271377881,0.));
#2932=CARTESIAN_POINT('Ctrl Pts',(-2.47301802612076,0.102648806595869,0.));
#2933=CARTESIAN_POINT('Ctrl Pts',(-2.48302402488658,0.100929455865063,0.));
#2934=CARTESIAN_POINT('Ctrl Pts',(-2.49519782186167,0.0998768038176553,
0.));
#2935=CARTESIAN_POINT('Ctrl Pts',(-2.5048040574626,0.0998767144649616,0.));
#2936=CARTESIAN_POINT('Ctrl Pts',(-2.51697780023075,0.10092913446823,0.));
#2937=CARTESIAN_POINT('Ctrl Pts',(-2.52698371632389,0.10264828567108,0.));
#2938=CARTESIAN_POINT('Ctrl Pts',(-2.54269770855717,0.106706418298433,0.));
#2939=CARTESIAN_POINT('Ctrl Pts',(-2.55950606624401,0.112889996252848,0.));
#2940=CARTESIAN_POINT('Ctrl Pts',(-2.58712907023465,0.126890241314844,0.));
#2941=CARTESIAN_POINT('Ctrl Pts',(-2.61410036458977,0.144780236862681,0.));
#2942=CARTESIAN_POINT('Ctrl Pts',(-2.65019050078309,0.174148987555489,0.));
#2943=CARTESIAN_POINT('Ctrl Pts',(-2.68063455867905,0.20307226300836,0.));
#2944=CARTESIAN_POINT('Ctrl Pts',(-2.72793671721928,0.253733173553657,0.));
#2945=CARTESIAN_POINT('Ctrl Pts',(-2.77703363461085,0.313292219734916,0.));
#2946=CARTESIAN_POINT('Ctrl Pts',(-2.85266441970197,0.414302646785465,0.));
#2947=CARTESIAN_POINT('Ctrl Pts',(-2.92156064478578,0.512495656328444,0.));
#2948=CARTESIAN_POINT('Ctrl Pts',(-3.00946947924799,0.635857564843313,0.));
#2949=CARTESIAN_POINT('Ctrl Pts',(-3.08137012751592,0.731160931601528,0.));
#2950=CARTESIAN_POINT('Ctrl Pts',(-3.16534757804557,0.826884985895373,0.));
#2951=CARTESIAN_POINT('Ctrl Pts',(-3.22381204180434,0.882592785360676,0.));
#2952=CARTESIAN_POINT('Ctrl Pts',(-3.28059899197362,0.925627554361281,0.));
#2953=CARTESIAN_POINT('Ctrl Pts',(-3.31287518238424,0.946081198341273,0.));
#2954=CARTESIAN_POINT('Ctrl Pts',(-3.34636842997989,0.963676539668702,0.));
#2955=CARTESIAN_POINT('Ctrl Pts',(-3.36932426057502,0.973887616903301,0.));
#2956=CARTESIAN_POINT('Ctrl Pts',(-3.39878913950584,0.984514856861047,0.));
#2957=CARTESIAN_POINT('Ctrl Pts',(-3.42294672101548,0.99120273951551,0.));
#2958=CARTESIAN_POINT('Ctrl Pts',(-3.4537135727724,0.997063992435389,0.));
#2959=CARTESIAN_POINT('Ctrl Pts',(-3.47868166525056,0.99967192169615,0.));
#2960=CARTESIAN_POINT('Ctrl Pts',(-3.51003216010204,1.00021694737347,0.));
#2961=CARTESIAN_POINT('Ctrl Pts',(-3.53508187981659,0.998472235991567,0.));
#2962=CARTESIAN_POINT('Ctrl Pts',(-3.56603685215924,0.993643037696488,0.));
#2963=CARTESIAN_POINT('Ctrl Pts',(-3.59040076297547,0.987732120879506,0.));
#2964=CARTESIAN_POINT('Ctrl Pts',(-3.62611429232847,0.976054721999484,0.));
#2965=CARTESIAN_POINT('Ctrl Pts',(-3.66062326065504,0.960839445281212,0.));
#2966=CARTESIAN_POINT('Ctrl Pts',(-3.71001736960324,0.932460905254549,0.));
#2967=CARTESIAN_POINT('Ctrl Pts',(-3.75164768806907,0.901973451405131,0.));
#2968=CARTESIAN_POINT('Ctrl Pts',(-3.81152107348681,0.849818881571786,0.));
#2969=CARTESIAN_POINT('Ctrl Pts',(-3.86858575168125,0.789829332387743,0.));
#2970=CARTESIAN_POINT('Ctrl Pts',(-3.95122583405086,0.689255408822864,0.));
#2971=CARTESIAN_POINT('Ctrl Pts',(-4.02241538562333,0.591572356809762,0.));
#2972=CARTESIAN_POINT('Ctrl Pts',(-4.1095822756799,0.468053836194455,0.));
#2973=CARTESIAN_POINT('Ctrl Pts',(-4.17790904666681,0.3721214103607,0.));
#2974=CARTESIAN_POINT('Ctrl Pts',(-4.26090964659979,0.265661691183925,0.));
#2975=CARTESIAN_POINT('Ctrl Pts',(-4.32478568387675,0.195314346285525,0.));
#2976=CARTESIAN_POINT('Ctrl Pts',(-4.38709550784279,0.142914806563502,0.));
#2977=CARTESIAN_POINT('Ctrl Pts',(-4.41997616721692,0.12276231429023,0.));
#2978=CARTESIAN_POINT('Ctrl Pts',(-4.44376267971166,0.11183534749237,0.));
#2979=CARTESIAN_POINT('Ctrl Pts',(-4.45502722513695,0.107605964173298,0.));
#2980=CARTESIAN_POINT('Ctrl Pts',(-4.46838778995789,0.103700856252499,0.));
#2981=CARTESIAN_POINT('Ctrl Pts',(-4.47855874235229,0.101605012874754,0.));
#2982=CARTESIAN_POINT('Ctrl Pts',(-4.49085175092718,0.100117555683636,0.));
#2983=CARTESIAN_POINT('Ctrl Pts',(-4.50047463298228,0.0997862626166542,
0.));
#2984=CARTESIAN_POINT('Ctrl Pts',(-4.51256769264328,0.100413609276359,0.));
#2985=CARTESIAN_POINT('Ctrl Pts',(-4.52243355888407,0.10177029684577,0.));
#2986=CARTESIAN_POINT('Ctrl Pts',(-4.53528656277541,0.104650474776036,0.));
#2987=CARTESIAN_POINT('Ctrl Pts',(-4.54607312900138,0.107973796697807,0.));
#2988=CARTESIAN_POINT('Ctrl Pts',(-4.56316353294045,0.114693763297457,0.));
#2989=CARTESIAN_POINT('Ctrl Pts',(-4.58150868297606,0.123870753926152,0.));
#2990=CARTESIAN_POINT('Ctrl Pts',(-4.6179097990285,0.146955585822739,0.));
#2991=CARTESIAN_POINT('Ctrl Pts',(-4.66183086954833,0.183403841789022,0.));
#2992=CARTESIAN_POINT('Ctrl Pts',(-4.73245256703893,0.257550548848285,0.));
#2993=CARTESIAN_POINT('Ctrl Pts',(-4.79860177370738,0.340913015086884,0.));
#2994=CARTESIAN_POINT('Ctrl Pts',(-4.8835113540437,0.457778196229766,0.));
#2995=CARTESIAN_POINT('Ctrl Pts',(-4.95295572525679,0.557254339143366,0.));
#2996=CARTESIAN_POINT('Ctrl Pts',(-5.04165703111946,0.679317764014371,0.));
#2997=CARTESIAN_POINT('Ctrl Pts',(-5.11439646511488,0.771422012862113,0.));
#2998=CARTESIAN_POINT('Ctrl Pts',(-5.20002427130369,0.861499413778535,0.));
#2999=CARTESIAN_POINT('Ctrl Pts',(-5.26026932662375,0.912432634170003,0.));
#3000=CARTESIAN_POINT('Ctrl Pts',(-5.31935364918394,0.950085938587003,0.));
#3001=CARTESIAN_POINT('Ctrl Pts',(-5.35309141945812,0.967175229544714,0.));
#3002=CARTESIAN_POINT('Ctrl Pts',(-5.38808394840571,0.980967088781789,0.));
#3003=CARTESIAN_POINT('Ctrl Pts',(-5.41201935717547,0.988408152002654,0.));
#3004=CARTESIAN_POINT('Ctrl Pts',(-5.4425688815459,0.995277740480987,0.));
#3005=CARTESIAN_POINT('Ctrl Pts',(-5.46742510104289,0.998736808179291,0.));
#3006=CARTESIAN_POINT('Ctrl Pts',(-5.49873475319916,1.00036883233529,0.));
#3007=CARTESIAN_POINT('Ctrl Pts',(-5.52383412934101,0.99949481223898,0.));
#3008=CARTESIAN_POINT('Ctrl Pts',(-5.55494404719582,0.995717137585216,0.));
#3009=CARTESIAN_POINT('Ctrl Pts',(-5.57949550812899,0.990604633729136,0.));
#3010=CARTESIAN_POINT('Ctrl Pts',(-5.60953801720372,0.981799271127234,0.));
#3011=CARTESIAN_POINT('Ctrl Pts',(-5.63299596084914,0.972925506646219,0.));
#3012=CARTESIAN_POINT('Ctrl Pts',(-5.67865443657161,0.951910094414332,0.));
#3013=CARTESIAN_POINT('Ctrl Pts',(-5.73257998157638,0.917978430608614,0.));
#3014=CARTESIAN_POINT('Ctrl Pts',(-5.81784033580476,0.845705137388541,0.));
#3015=CARTESIAN_POINT('Ctrl Pts',(-5.89285356783384,0.762249042550313,0.));
#3016=CARTESIAN_POINT('Ctrl Pts',(-5.98346437890782,0.646048647736598,0.));
#3017=CARTESIAN_POINT('Ctrl Pts',(-6.05402665736308,0.546850939852687,0.));
#3018=CARTESIAN_POINT('Ctrl Pts',(-6.14047107483005,0.424354896643217,0.));
#3019=CARTESIAN_POINT('Ctrl Pts',(-6.20817059122688,0.33164664159939,0.));
#3020=CARTESIAN_POINT('Ctrl Pts',(-6.28178083475689,0.242103007204991,0.));
#3021=CARTESIAN_POINT('Ctrl Pts',(-6.32888315891871,0.192998955017336,0.));
#3022=CARTESIAN_POINT('Ctrl Pts',(-6.37317694374968,0.154479345727844,0.));
#3023=CARTESIAN_POINT('Ctrl Pts',(-6.40099150488524,0.134324881755815,0.));
#3024=CARTESIAN_POINT('Ctrl Pts',(-6.42972298128545,0.117909915928796,0.));
#3025=CARTESIAN_POINT('Ctrl Pts',(-6.44729776438509,0.11027328160008,0.));
#3026=CARTESIAN_POINT('Ctrl Pts',(-6.46366794383283,0.104934381025378,0.));
#3027=CARTESIAN_POINT('Ctrl Pts',(-6.4740264686521,0.102446174675706,0.));
#3028=CARTESIAN_POINT('Ctrl Pts',(-6.48647446006061,0.100510915270391,0.));
#3029=CARTESIAN_POINT('Ctrl Pts',(-6.49614703376083,0.099845098334568,0.));
#3030=CARTESIAN_POINT('Ctrl Pts',(-6.50819929455487,0.100053322702972,0.));
#3031=CARTESIAN_POINT('Ctrl Pts',(-6.51795331939451,0.101059580537337,0.));
#3032=CARTESIAN_POINT('Ctrl Pts',(-6.53058902569517,0.103457868949916,0.));
#3033=CARTESIAN_POINT('Ctrl Pts',(-6.54115343425218,0.106354453187221,0.));
#3034=CARTESIAN_POINT('Ctrl Pts',(-6.55509100789409,0.111368732173799,0.));
#3035=CARTESIAN_POINT('Ctrl Pts',(-6.56685712556063,0.11656828281563,0.));
#3036=CARTESIAN_POINT('Ctrl Pts',(-6.58544681064339,0.126318512878333,0.));
#3037=CARTESIAN_POINT('Ctrl Pts',(-6.60525358151404,0.138761008129076,0.));
#3038=CARTESIAN_POINT('Ctrl Pts',(-6.64395217492261,0.168000257004731,0.));
#3039=CARTESIAN_POINT('Ctrl Pts',(-6.68965395193322,0.211005069033713,0.));
#3040=CARTESIAN_POINT('Ctrl Pts',(-6.76192610137379,0.29330732002825,0.));
#3041=CARTESIAN_POINT('Ctrl Pts',(-6.82891413454094,0.381817870123026,0.));
#3042=CARTESIAN_POINT('Ctrl Pts',(-6.91461620542902,0.502098414751805,0.));
#3043=CARTESIAN_POINT('Ctrl Pts',(-6.98460871941041,0.601904281082939,0.));
#3044=CARTESIAN_POINT('Ctrl Pts',(-7.06522770399154,0.70959620517276,0.));
#3045=CARTESIAN_POINT('Ctrl Pts',(-7.12029723797483,0.776650890272984,0.));
#3046=CARTESIAN_POINT('Ctrl Pts',(-7.17716142410741,0.837590768543525,0.));
#3047=CARTESIAN_POINT('Ctrl Pts',(-7.21616152816274,0.874818442567317,0.));
#3048=CARTESIAN_POINT('Ctrl Pts',(-7.26687648116387,0.91617211610692,0.));
#3049=CARTESIAN_POINT('Ctrl Pts',(-7.309349154945,0.9447168700466,0.));
#3050=CARTESIAN_POINT('Ctrl Pts',(-7.35985054085055,0.97049812507766,0.));
#3051=CARTESIAN_POINT('Ctrl Pts',(-7.39512510935776,0.983697770586849,0.));
#3052=CARTESIAN_POINT('Ctrl Pts',(-7.43149412034689,0.993120288056448,0.));
#3053=CARTESIAN_POINT('Ctrl Pts',(-7.45621026112323,0.997415606893484,0.));
#3054=CARTESIAN_POINT('Ctrl Pts',(-7.48743918770776,1.00012729432119,0.));
#3055=CARTESIAN_POINT('Ctrl Pts',(-7.51255517431929,1.0001280040124,0.));
#3056=CARTESIAN_POINT('Ctrl Pts',(-7.54378426352466,0.99741805870001,0.));
#3057=CARTESIAN_POINT('Ctrl Pts',(-7.56850065231901,0.993124082070738,0.));
#3058=CARTESIAN_POINT('Ctrl Pts',(-7.60487015846317,0.983703450030566,0.));
#3059=CARTESIAN_POINT('Ctrl Pts',(-7.64014533767519,0.970505500358112,0.));
#3060=CARTESIAN_POINT('Ctrl Pts',(-7.69064763874,0.944726428439734,0.));
#3061=CARTESIAN_POINT('Ctrl Pts',(-7.73312102699156,0.916183300625683,0.));
#3062=CARTESIAN_POINT('Ctrl Pts',(-7.78383667954409,0.87483138683195,0.));
#3063=CARTESIAN_POINT('Ctrl Pts',(-7.82283720734571,0.83760493151017,0.));
#3064=CARTESIAN_POINT('Ctrl Pts',(-7.87970187647638,0.776666624910131,0.));
#3065=CARTESIAN_POINT('Ctrl Pts',(-7.93477173340183,0.709613158103524,0.));
#3066=CARTESIAN_POINT('Ctrl Pts',(-8.01539106347801,0.601922306002941,0.));
#3067=CARTESIAN_POINT('Ctrl Pts',(-8.08538380219563,0.502116498067338,0.));
#3068=CARTESIAN_POINT('Ctrl Pts',(-8.17108618172352,0.38183481216745,0.));
#3069=CARTESIAN_POINT('Ctrl Pts',(-8.23807452606792,0.293322366272786,0.));
#3070=CARTESIAN_POINT('Ctrl Pts',(-8.31034727554461,0.21101698943618,0.));
#3071=CARTESIAN_POINT('Ctrl Pts',(-8.35604969139076,0.168009602982162,0.));
#3072=CARTESIAN_POINT('Ctrl Pts',(-8.39474913608822,0.138767861638109,0.));
#3073=CARTESIAN_POINT('Ctrl Pts',(-8.4145564650315,0.126324010232736,0.));
#3074=CARTESIAN_POINT('Ctrl Pts',(-8.43314675109405,0.1165724925769,0.));
#3075=CARTESIAN_POINT('Ctrl Pts',(-8.44491327970174,0.111372130271507,0.));
#3076=CARTESIAN_POINT('Ctrl Pts',(-8.45885134115542,0.106356917108211,0.));
#3077=CARTESIAN_POINT('Ctrl Pts',(-8.46941609795264,0.103459655418369,0.));
#3078=CARTESIAN_POINT('Ctrl Pts',(-8.4820521338465,0.1010606008647,0.));
#3079=CARTESIAN_POINT('Ctrl Pts',(-8.49180631605605,0.100053783234647,0.));
#3080=CARTESIAN_POINT('Ctrl Pts',(-8.5038586100664,0.0998448820029942,0.));
#3081=CARTESIAN_POINT('Ctrl Pts',(-8.51353107699182,0.100510152125851,0.));
#3082=CARTESIAN_POINT('Ctrl Pts',(-8.52597878945469,0.102444673239377,0.));
#3083=CARTESIAN_POINT('Ctrl Pts',(-8.53633699416239,0.104932230087743,0.));
#3084=CARTESIAN_POINT('Ctrl Pts',(-8.55270661041608,0.11027005084533,0.));
#3085=CARTESIAN_POINT('Ctrl Pts',(-8.57028076637686,0.117905469222083,0.));
#3086=CARTESIAN_POINT('Ctrl Pts',(-8.59901136474818,0.134318446786809,0.));
#3087=CARTESIAN_POINT('Ctrl Pts',(-8.62682527313986,0.15447107630695,0.));
#3088=CARTESIAN_POINT('Ctrl Pts',(-8.67111830258674,0.192988055373092,0.));
#3089=CARTESIAN_POINT('Ctrl Pts',(-8.71822012320614,0.242089742249906,0.));
#3090=CARTESIAN_POINT('Ctrl Pts',(-8.79182987788024,0.331630638815409,0.));
#3091=CARTESIAN_POINT('Ctrl Pts',(-8.85952912565411,0.42433738766962,0.));
#3092=CARTESIAN_POINT('Ctrl Pts',(-8.94597324850196,0.546832776055387,0.));
#3093=CARTESIAN_POINT('Ctrl Pts',(-9.01653528612877,0.646030916173232,0.));
#3094=CARTESIAN_POINT('Ctrl Pts',(-9.10714564736424,0.762232919543011,0.));
#3095=CARTESIAN_POINT('Ctrl Pts',(-9.18215830877654,0.845691048449708,0.));
#3096=CARTESIAN_POINT('Ctrl Pts',(-9.26741756239612,0.917967232464885,0.));
#3097=CARTESIAN_POINT('Ctrl Pts',(-9.32134213417641,0.951901017770559,0.));
#3098=CARTESIAN_POINT('Ctrl Pts',(-9.3669997942399,0.972918484550715,0.));
#3099=CARTESIAN_POINT('Ctrl Pts',(-9.39045733760994,0.981793371953666,0.));
#3100=CARTESIAN_POINT('Ctrl Pts',(-9.42049940250018,0.990600259289454,0.));
#3101=CARTESIAN_POINT('Ctrl Pts',(-9.44505057676556,0.995714074576611,0.));
#3102=CARTESIAN_POINT('Ctrl Pts',(-9.47616027162674,0.999493468370384,0.));
#3103=CARTESIAN_POINT('Ctrl Pts',(-9.50125959379201,1.00036890456329,0.));
#3104=CARTESIAN_POINT('Ctrl Pts',(-9.53256934487149,0.998738638222024,0.));
#3105=CARTESIAN_POINT('Ctrl Pts',(-9.55742576908285,0.99528093935442,0.));
#3106=CARTESIAN_POINT('Ctrl Pts',(-9.58797566771607,0.988412965484541,0.));
#3107=CARTESIAN_POINT('Ctrl Pts',(-9.61191144732018,0.980973104265015,0.));
#3108=CARTESIAN_POINT('Ctrl Pts',(-9.64690457693461,0.967182900150104,0.));
#3109=CARTESIAN_POINT('Ctrl Pts',(-9.68064296674646,0.950095072995883,0.));
#3110=CARTESIAN_POINT('Ctrl Pts',(-9.73972829806412,0.912444091906202,0.));
#3111=CARTESIAN_POINT('Ctrl Pts',(-9.79997416463722,0.861512912614895,0.));
#3112=CARTESIAN_POINT('Ctrl Pts',(-9.88560271531797,0.771437957049432,0.));
#3113=CARTESIAN_POINT('Ctrl Pts',(-9.95834252165578,0.679335164174905,0.));
#3114=CARTESIAN_POINT('Ctrl Pts',(-10.0470441648891,0.557272493581789,0.));
#3115=CARTESIAN_POINT('Ctrl Pts',(-10.1164887557963,0.457796024093844,0.));
#3116=CARTESIAN_POINT('Ctrl Pts',(-10.2013986734983,0.340929214929323,0.));
#3117=CARTESIAN_POINT('Ctrl Pts',(-10.2675482524994,0.257564471842057,0.));
#3118=CARTESIAN_POINT('Ctrl Pts',(-10.3381706944598,0.183414283712549,0.));
#3119=CARTESIAN_POINT('Ctrl Pts',(-10.3820925762069,0.146963296258384,0.));
#3120=CARTESIAN_POINT('Ctrl Pts',(-10.4184947009974,0.12387598399063,0.));
#3121=CARTESIAN_POINT('Ctrl Pts',(-10.436840470566,0.114697713277368,0.));
#3122=CARTESIAN_POINT('Ctrl Pts',(-10.4539314751782,0.10797658634732,0.));
#3123=CARTESIAN_POINT('Ctrl Pts',(-10.4647184122493,0.10465255842636,0.));
#3124=CARTESIAN_POINT('Ctrl Pts',(-10.4775717904259,0.101771583260453,0.));
#3125=CARTESIAN_POINT('Ctrl Pts',(-10.4874378614056,0.100414318427838,0.));
#3126=CARTESIAN_POINT('Ctrl Pts',(-10.4995310200249,0.0997862883878807,
0.));
#3127=CARTESIAN_POINT('Ctrl Pts',(-10.5091538481324,0.100117042644898,0.));
#3128=CARTESIAN_POINT('Ctrl Pts',(-10.5214466337452,0.101603785151646,0.));
#3129=CARTESIAN_POINT('Ctrl Pts',(-10.5316172994913,0.103699005642762,0.));
#3130=CARTESIAN_POINT('Ctrl Pts',(-10.5449774201431,0.107603248439962,0.));
#3131=CARTESIAN_POINT('Ctrl Pts',(-10.5562415652982,0.111831870039321,0.));
#3132=CARTESIAN_POINT('Ctrl Pts',(-10.5800272621337,0.122757195430238,0.));
#3133=CARTESIAN_POINT('Ctrl Pts',(-10.6129069482623,0.14290739620394,0.));
#3134=CARTESIAN_POINT('Ctrl Pts',(-10.6752156715872,0.195303132403872,0.));
#3135=CARTESIAN_POINT('Ctrl Pts',(-10.7390911382295,0.265647487758475,0.));
#3136=CARTESIAN_POINT('Ctrl Pts',(-10.8220912883134,0.372104623543354,0.));
#3137=CARTESIAN_POINT('Ctrl Pts',(-10.8904178184689,0.468035936661897,0.));
#3138=CARTESIAN_POINT('Ctrl Pts',(-10.9775844139073,0.591554283586087,0.));
#3139=CARTESIAN_POINT('Ctrl Pts',(-11.0487736968615,0.689238127938764,0.));
#3140=CARTESIAN_POINT('Ctrl Pts',(-11.1314132903882,0.78981385092624,0.));
#3141=CARTESIAN_POINT('Ctrl Pts',(-11.1884774650563,0.849805037153598,0.));
#3142=CARTESIAN_POINT('Ctrl Pts',(-11.248350095112,0.90196160183714,0.));
#3143=CARTESIAN_POINT('Ctrl Pts',(-11.2899797608508,0.932450584135701,0.));
#3144=CARTESIAN_POINT('Ctrl Pts',(-11.3393729917827,0.960831158370892,0.));
#3145=CARTESIAN_POINT('Ctrl Pts',(-11.3738813329695,0.976048010978772,0.));
#3146=CARTESIAN_POINT('Ctrl Pts',(-11.4095942991143,0.987727182106985,0.));
#3147=CARTESIAN_POINT('Ctrl Pts',(-11.4339578898023,0.993639376112497,0.));
#3148=CARTESIAN_POINT('Ctrl Pts',(-11.4649125831705,0.998470264059563,0.));
#3149=CARTESIAN_POINT('Ctrl Pts',(-11.4899621960822,1.00021638176494,0.));
#3150=CARTESIAN_POINT('Ctrl Pts',(-11.5213127241141,0.99967312188705,0.));
#3151=CARTESIAN_POINT('Ctrl Pts',(-11.5462809739356,0.997066583040621,0.));
#3152=CARTESIAN_POINT('Ctrl Pts',(-11.5770481552599,0.991206984620314,0.));
#3153=CARTESIAN_POINT('Ctrl Pts',(-11.6012060849961,0.984520342456979,0.));
#3154=CARTESIAN_POINT('Ctrl Pts',(-11.6306714517303,0.973894530521347,0.));
#3155=CARTESIAN_POINT('Ctrl Pts',(-11.6536276932659,0.963684498441561,0.));
#3156=CARTESIAN_POINT('Ctrl Pts',(-11.6871215418465,0.946090591391204,0.));
#3157=CARTESIAN_POINT('Ctrl Pts',(-11.7193982903407,0.925638219454841,0.));
#3158=CARTESIAN_POINT('Ctrl Pts',(-11.7761860918209,0.882605501589631,0.));
#3159=CARTESIAN_POINT('Ctrl Pts',(-11.834651194436,0.826899536405982,0.));
#3160=CARTESIAN_POINT('Ctrl Pts',(-11.9186292450188,0.731177613466371,0.));
#3161=CARTESIAN_POINT('Ctrl Pts',(-11.990530204471,0.635875381241894,0.));
#3162=CARTESIAN_POINT('Ctrl Pts',(-12.0784393475758,0.512513770058615,0.));
#3163=CARTESIAN_POINT('Ctrl Pts',(-12.1473357973945,0.414320043004988,0.));
#3164=CARTESIAN_POINT('Ctrl Pts',(-12.2229669279738,0.313307714236567,0.));
#3165=CARTESIAN_POINT('Ctrl Pts',(-12.2720641682986,0.253746808060962,0.));
#3166=CARTESIAN_POINT('Ctrl Pts',(-12.3193668098223,0.203083637107427,0.));
#3167=CARTESIAN_POINT('Ctrl Pts',(-12.3498112914515,0.174158675308712,0.));
#3168=CARTESIAN_POINT('Ctrl Pts',(-12.3859021271767,0.144787687326495,0.));
#3169=CARTESIAN_POINT('Ctrl Pts',(-12.412874135986,0.12689586009462,0.));
#3170=CARTESIAN_POINT('Ctrl Pts',(-12.4404980551288,0.112893692991931,0.));
#3171=CARTESIAN_POINT('Ctrl Pts',(-12.4573070235287,0.106708977711393,0.));
#3172=CARTESIAN_POINT('Ctrl Pts',(-12.4730215109397,0.10264984859791,0.));
#3173=CARTESIAN_POINT('Ctrl Pts',(-12.483027675073,0.100930098798786,0.));
#3174=CARTESIAN_POINT('Ctrl Pts',(-12.4952015804956,0.0998769826545788,
0.));
#3175=CARTESIAN_POINT('Ctrl Pts',(-12.5048078161259,0.0998765358911086,
0.));
#3176=CARTESIAN_POINT('Ctrl Pts',(-12.5169814505137,0.100928491814617,0.));
#3177=CARTESIAN_POINT('Ctrl Pts',(-12.5269872012837,0.102647243973958,0.));
#3178=CARTESIAN_POINT('Ctrl Pts',(-12.5427008634363,0.106704712314147,0.));
#3179=CARTESIAN_POINT('Ctrl Pts',(-12.5595088139949,0.112887532089127,0.));
#3180=CARTESIAN_POINT('Ctrl Pts',(-12.5871312078722,0.126886495826298,0.));
#3181=CARTESIAN_POINT('Ctrl Pts',(-12.6141020258975,0.144775270257413,0.));
#3182=CARTESIAN_POINT('Ctrl Pts',(-12.6501916957037,0.174142529407047,0.));
#3183=CARTESIAN_POINT('Ctrl Pts',(-12.680635471089,0.203064680602247,0.));
#3184=CARTESIAN_POINT('Ctrl Pts',(-12.7279373076159,0.253724084157517,0.));
#3185=CARTESIAN_POINT('Ctrl Pts',(-12.7770340097038,0.313281890281473,0.));
#3186=CARTESIAN_POINT('Ctrl Pts',(-12.8526645644581,0.414291049423032,0.));
#3187=CARTESIAN_POINT('Ctrl Pts',(-12.9215606397163,0.512483580536922,0.));
#3188=CARTESIAN_POINT('Ctrl Pts',(-13.0094692684215,0.635845687168181,0.));
#3189=CARTESIAN_POINT('Ctrl Pts',(-13.0813697092449,0.731149810207408,0.));
#3190=CARTESIAN_POINT('Ctrl Pts',(-13.1653467597675,0.826875285331513,0.));
#3191=CARTESIAN_POINT('Ctrl Pts',(-13.2238107976567,0.882584307606543,0.));
#3192=CARTESIAN_POINT('Ctrl Pts',(-13.2805971803221,0.925620443975991,0.));
#3193=CARTESIAN_POINT('Ctrl Pts',(-13.3128729986952,0.94607493594691,0.));
#3194=CARTESIAN_POINT('Ctrl Pts',(-13.3463658456429,0.963671233413111,0.));
#3195=CARTESIAN_POINT('Ctrl Pts',(-13.3693214022766,0.973883007383412,0.));
#3196=CARTESIAN_POINT('Ctrl Pts',(-13.3987859559912,0.984511199311839,0.));
#3197=CARTESIAN_POINT('Ctrl Pts',(-13.422943305327,0.991199908926377,0.));
#3198=CARTESIAN_POINT('Ctrl Pts',(-13.4537099373293,0.997062264812004,0.));
#3199=CARTESIAN_POINT('Ctrl Pts',(-13.4786779248676,0.99967112099867,0.));
#3200=CARTESIAN_POINT('Ctrl Pts',(-13.510028397539,1.000217323872,0.));
#3201=CARTESIAN_POINT('Ctrl Pts',(-13.5350781884087,0.998473550050706,0.));
#3202=CARTESIAN_POINT('Ctrl Pts',(-13.5660333466863,0.993645478219555,0.));
#3203=CARTESIAN_POINT('Ctrl Pts',(-13.5903974708936,0.987735412893682,0.));
#3204=CARTESIAN_POINT('Ctrl Pts',(-13.6261113756951,0.976059195564937,0.));
#3205=CARTESIAN_POINT('Ctrl Pts',(-13.6606207621134,0.960844969492328,0.));
#3206=CARTESIAN_POINT('Ctrl Pts',(-13.7100154564267,0.932467785668078,0.));
#3207=CARTESIAN_POINT('Ctrl Pts',(-13.751646210072,0.901981350826178,0.));
#3208=CARTESIAN_POINT('Ctrl Pts',(-13.8115200991012,0.849828110943636,0.));
#3209=CARTESIAN_POINT('Ctrl Pts',(-13.8685851130067,0.789839653166464,0.));
#3210=CARTESIAN_POINT('Ctrl Pts',(-13.9512255212932,0.68926692929373,0.));
#3211=CARTESIAN_POINT('Ctrl Pts',(-14.0224152519523,0.591584405586186,0.));
#3212=CARTESIAN_POINT('Ctrl Pts',(-14.1095823384226,0.468065769284211,0.));
#3213=CARTESIAN_POINT('Ctrl Pts',(-14.1779092699588,0.372132601729268,0.));
#3214=CARTESIAN_POINT('Ctrl Pts',(-14.2609101697736,0.265671160396118,0.));
#3215=CARTESIAN_POINT('Ctrl Pts',(-14.3247865874439,0.195321822543333,0.));
#3216=CARTESIAN_POINT('Ctrl Pts',(-14.3870971451168,0.142919747180502,0.));
#3217=CARTESIAN_POINT('Ctrl Pts',(-14.4199784532862,0.122765727222568,0.));
#3218=CARTESIAN_POINT('Ctrl Pts',(-14.4437655095533,0.111837666114822,0.));
#3219=CARTESIAN_POINT('Ctrl Pts',(-14.4550303218341,0.107607774958492,0.));
#3220=CARTESIAN_POINT('Ctrl Pts',(-14.4683911827933,0.10370209025722,0.));
#3221=CARTESIAN_POINT('Ctrl Pts',(-14.4785623263191,0.101605831598649,0.));
#3222=CARTESIAN_POINT('Ctrl Pts',(-14.4908554835879,0.100117897932176,0.));
#3223=CARTESIAN_POINT('Ctrl Pts',(-14.5004784016564,0.0997862456536953,
0.));
#3224=CARTESIAN_POINT('Ctrl Pts',(-14.5125713954037,0.100413136735309,0.));
#3225=CARTESIAN_POINT('Ctrl Pts',(-14.5224371251928,0.101769439480148,0.));
#3226=CARTESIAN_POINT('Ctrl Pts',(-14.535289879598,0.104649085949164,0.));
#3227=CARTESIAN_POINT('Ctrl Pts',(-14.5460761986119,0.107971937230526,0.));
#3228=CARTESIAN_POINT('Ctrl Pts',(-14.5631662021127,0.114691130311065,0.));
#3229=CARTESIAN_POINT('Ctrl Pts',(-14.5815109391185,0.123867267575196,0.));
#3230=CARTESIAN_POINT('Ctrl Pts',(-14.6179113826464,0.146950445906337,0.));
#3231=CARTESIAN_POINT('Ctrl Pts',(-14.6618319123052,0.183396880853272,0.));
#3232=CARTESIAN_POINT('Ctrl Pts',(-14.7324531134458,0.257541267123664,0.));
#3233=CARTESIAN_POINT('Ctrl Pts',(-14.7986020718762,0.340902215378674,0.));
#3234=CARTESIAN_POINT('Ctrl Pts',(-14.8835114272938,0.457766311064425,0.));
#3235=CARTESIAN_POINT('Ctrl Pts',(-14.9529556520442,0.557242236174237,0.));
#3236=CARTESIAN_POINT('Ctrl Pts',(-15.0416567330013,0.679306163796236,0.));
#3237=CARTESIAN_POINT('Ctrl Pts',(-15.1143959187847,0.771411383222818,0.));
#3238=CARTESIAN_POINT('Ctrl Pts',(-15.2000232286824,0.861490414304039,0.));
#3239=CARTESIAN_POINT('Ctrl Pts',(-15.26026774321,0.912424995379463,0.));
#3240=CARTESIAN_POINT('Ctrl Pts',(-15.3193513932977,0.950079848612556,0.));
#3241=CARTESIAN_POINT('Ctrl Pts',(-15.3530887505546,0.967170115390995,0.));
#3242=CARTESIAN_POINT('Ctrl Pts',(-15.3880808790471,0.980963077990306,0.));
#3243=CARTESIAN_POINT('Ctrl Pts',(-15.412016040576,0.988404942510205,0.));
#3244=CARTESIAN_POINT('Ctrl Pts',(-15.4425653154005,0.995275607356412,0.));
#3245=CARTESIAN_POINT('Ctrl Pts',(-15.4674213983803,0.998735587586711,0.));
#3246=CARTESIAN_POINT('Ctrl Pts',(-15.4987309845293,1.00036878360846,0.));
#3247=CARTESIAN_POINT('Ctrl Pts',(-15.5238303966073,0.999495707582463,0.));
#3248=CARTESIAN_POINT('Ctrl Pts',(-15.5549404630719,0.995719179045779,0.));
#3249=CARTESIAN_POINT('Ctrl Pts',(-15.5794921150844,0.9906075495065,0.));
#3250=CARTESIAN_POINT('Ctrl Pts',(-15.6095349202566,0.981803203436452,0.));
#3251=CARTESIAN_POINT('Ctrl Pts',(-15.6329931307435,0.97293018760571,0.));
#3252=CARTESIAN_POINT('Ctrl Pts',(-15.6786521502392,0.951916145139378,0.));
#3253=CARTESIAN_POINT('Ctrl Pts',(-15.7325783440953,0.917985895732854,0.));
#3254=CARTESIAN_POINT('Ctrl Pts',(-15.8178394321168,0.845714529778668,0.));
#3255=CARTESIAN_POINT('Ctrl Pts',(-15.8928530445869,0.762259791046653,0.));
#3256=CARTESIAN_POINT('Ctrl Pts',(-15.9834641555708,0.646060468694739,0.));
#3257=CARTESIAN_POINT('Ctrl Pts',(-16.0540265945832,0.546863049049584,0.));
#3258=CARTESIAN_POINT('Ctrl Pts',(-16.1404712084614,0.424366569400106,0.));
#3259=CARTESIAN_POINT('Ctrl Pts',(-16.2081709039323,0.331657310318275,0.));
#3260=CARTESIAN_POINT('Ctrl Pts',(-16.2817814733447,0.242111850794872,0.));
#3261=CARTESIAN_POINT('Ctrl Pts',(-16.3288841331747,0.193006221784685,0.));
#3262=CARTESIAN_POINT('Ctrl Pts',(-16.3731784215583,0.154484859042101,0.));
#3263=CARTESIAN_POINT('Ctrl Pts',(-16.4009934178283,0.134329172105303,0.));
#3264=CARTESIAN_POINT('Ctrl Pts',(-16.4297254795601,0.11791288074612,0.));
#3265=CARTESIAN_POINT('Ctrl Pts',(-16.4473006807538,0.110275435750288,0.));
#3266=CARTESIAN_POINT('Ctrl Pts',(-16.4636712356879,0.104935815260003,0.));
#3267=CARTESIAN_POINT('Ctrl Pts',(-16.4740299739426,0.102447175884763,0.));
#3268=CARTESIAN_POINT('Ctrl Pts',(-16.486478151363,0.100511424261603,0.));
#3269=CARTESIAN_POINT('Ctrl Pts',(-16.4961507962932,0.0998452427742865,
0.));
#3270=CARTESIAN_POINT('Ctrl Pts',(-16.5082030350027,0.100053015903476,0.));
#3271=CARTESIAN_POINT('Ctrl Pts',(-16.5179569549734,0.101058900554516,0.));
#3272=CARTESIAN_POINT('Ctrl Pts',(-16.5305924415882,0.103456678233061,0.));
#3273=CARTESIAN_POINT('Ctrl Pts',(-16.541156618008,0.106352810860914,0.));
#3274=CARTESIAN_POINT('Ctrl Pts',(-16.5550938664561,0.11136646709331,0.));
#3275=CARTESIAN_POINT('Ctrl Pts',(-16.5668597101629,0.11656547664671,0.));
#3276=CARTESIAN_POINT('Ctrl Pts',(-16.5854489945838,0.126314848335868,0.));
#3277=CARTESIAN_POINT('Ctrl Pts',(-16.6052553933879,0.138756439492729,0.));
#3278=CARTESIAN_POINT('Ctrl Pts',(-16.6439534192338,0.167994026713931,0.));
#3279=CARTESIAN_POINT('Ctrl Pts',(-16.6896547703194,0.210997122417379,0.));
#3280=CARTESIAN_POINT('Ctrl Pts',(-16.7619265197074,0.293297289433064,0.));
#3281=CARTESIAN_POINT('Ctrl Pts',(-16.8289143454115,0.38180657557427,0.));
#3282=CARTESIAN_POINT('Ctrl Pts',(-16.914616210535,0.502086359245861,0.));
#3283=CARTESIAN_POINT('Ctrl Pts',(-16.9846085746945,0.601892264421729,0.));
#3284=CARTESIAN_POINT('Ctrl Pts',(-17.065227328957,0.709584903084415,0.));
#3285=CARTESIAN_POINT('Ctrl Pts',(-17.1202966476603,0.776640400330012,0.));
#3286=CARTESIAN_POINT('Ctrl Pts',(-17.1771605118185,0.837581326333861,0.));
#3287=CARTESIAN_POINT('Ctrl Pts',(-17.2161603333982,0.874809812794545,0.));
#3288=CARTESIAN_POINT('Ctrl Pts',(-17.2668748200642,0.916164659452717,0.));
#3289=CARTESIAN_POINT('Ctrl Pts',(-17.3093470175589,0.944710497429311,0.));
#3290=CARTESIAN_POINT('Ctrl Pts',(-17.3598477933701,0.970493207798174,0.));
#3291=CARTESIAN_POINT('Ctrl Pts',(-17.395121954727,0.983693983810144,0.));
#3292=CARTESIAN_POINT('Ctrl Pts',(-17.431490635575,0.993117758183908,0.));
#3293=CARTESIAN_POINT('Ctrl Pts',(-17.456206610969,0.99741397180015,0.));
#3294=CARTESIAN_POINT('Ctrl Pts',(-17.4874354290835,1.00012682062055,0.));
#3295=CARTESIAN_POINT('Ctrl Pts',(-17.5125514156463,1.0001284765667,0.));
#3296=CARTESIAN_POINT('Ctrl Pts',(-17.5437806132095,0.99741969268203,0.));
#3297=CARTESIAN_POINT('Ctrl Pts',(-17.5684971673122,0.9931266108839,0.));
#3298=CARTESIAN_POINT('Ctrl Pts',(-17.6048670035219,0.983707235845465,0.));
#3299=CARTESIAN_POINT('Ctrl Pts',(-17.6401425898567,0.970510416785875,0.));
#3300=CARTESIAN_POINT('Ctrl Pts',(-17.6906455010395,0.944732800346602,0.));
#3301=CARTESIAN_POINT('Ctrl Pts',(-17.7331193656318,0.916190756663145,0.));
#3302=CARTESIAN_POINT('Ctrl Pts',(-17.7838354845844,0.87484001607868,0.));
#3303=CARTESIAN_POINT('Ctrl Pts',(-17.8228362949054,0.837614373256023,0.));
#3304=CARTESIAN_POINT('Ctrl Pts',(-17.8797012860592,0.776677114483349,0.));
#3305=CARTESIAN_POINT('Ctrl Pts',(-17.9347713582943,0.709624459922856,0.));
#3306=CARTESIAN_POINT('Ctrl Pts',(-18.0153909187118,0.60193432256839,0.));
#3307=CARTESIAN_POINT('Ctrl Pts',(-18.0853838072559,0.50212855364876,0.));
#3308=CARTESIAN_POINT('Ctrl Pts',(-18.171086392539,0.381846107011248,0.));
#3309=CARTESIAN_POINT('Ctrl Pts',(-18.2380749443234,0.293332397336969,0.));
#3310=CARTESIAN_POINT('Ctrl Pts',(-18.3103480937956,0.21102493668979,0.));
#3311=CARTESIAN_POINT('Ctrl Pts',(-18.3560509354975,0.168015833994597,0.));
#3312=CARTESIAN_POINT('Ctrl Pts',(-18.3947509476841,0.138772431013807,0.));
#3313=CARTESIAN_POINT('Ctrl Pts',(-18.4145586486576,0.126327675496146,0.));
#3314=CARTESIAN_POINT('Ctrl Pts',(-18.4331493353648,0.116575299423017,0.));
#3315=CARTESIAN_POINT('Ctrl Pts',(-18.4449161379343,0.111374395987974,0.));
#3316=CARTESIAN_POINT('Ctrl Pts',(-18.4588545246098,0.106358560009905,0.));
#3317=CARTESIAN_POINT('Ctrl Pts',(-18.46941951359,0.103460846659465,0.));
#3318=CARTESIAN_POINT('Ctrl Pts',(-18.4820557692557,0.101061281318372,0.));
#3319=CARTESIAN_POINT('Ctrl Pts',(-18.4918100564228,0.100054090477389,0.));
#3320=CARTESIAN_POINT('Ctrl Pts',(-18.503862372637,0.0998447380006121,0.));
#3321=CARTESIAN_POINT('Ctrl Pts',(-18.513534768426,0.100509643591002,0.));
#3322=CARTESIAN_POINT('Ctrl Pts',(-18.5259822949733,0.102443672533316,0.));
#3323=CARTESIAN_POINT('Ctrl Pts',(-18.536340286301,0.104930796405507,0.));
#3324=CARTESIAN_POINT('Ctrl Pts',(-18.5527095271156,0.110267897322525,0.));
#3325=CARTESIAN_POINT('Ctrl Pts',(-18.5702832649853,0.117902505097114,0.));
#3326=CARTESIAN_POINT('Ctrl Pts',(-18.5990132779831,0.134314157177622,0.));
#3327=CARTESIAN_POINT('Ctrl Pts',(-18.626826751184,0.154465563726686,0.));
#3328=CARTESIAN_POINT('Ctrl Pts',(-18.6711192770047,0.192980789281458,0.));
#3329=CARTESIAN_POINT('Ctrl Pts',(-18.7182207619024,0.24208089923302,0.));
#3330=CARTESIAN_POINT('Ctrl Pts',(-18.791830190651,0.331619970488998,0.));
#3331=CARTESIAN_POINT('Ctrl Pts',(-18.8595292593351,0.424325715128395,0.));
#3332=CARTESIAN_POINT('Ctrl Pts',(-18.9459731857686,0.546820666855892,0.));
#3333=CARTESIAN_POINT('Ctrl Pts',(-19.016535062848,0.646019095046895,0.));
#3334=CARTESIAN_POINT('Ctrl Pts',(-19.1071451242087,0.76222217069629,0.));
#3335=CARTESIAN_POINT('Ctrl Pts',(-19.1821574052396,0.845681655588068,0.));
#3336=CARTESIAN_POINT('Ctrl Pts',(-19.2674159251739,0.917959766730823,0.));
#3337=CARTESIAN_POINT('Ctrl Pts',(-19.321339848173,0.951894966303924,0.));
#3338=CARTESIAN_POINT('Ctrl Pts',(-19.3669969644643,0.972913802716215,0.));
#3339=CARTESIAN_POINT('Ctrl Pts',(-19.3904542409753,0.981789438698146,0.));
#3340=CARTESIAN_POINT('Ctrl Pts',(-19.4204960097171,0.990597342480571,0.));
#3341=CARTESIAN_POINT('Ctrl Pts',(-19.445046992838,0.995712032025752,0.));
#3342=CARTESIAN_POINT('Ctrl Pts',(-19.4761565389846,0.99949257188885,0.));
#3343=CARTESIAN_POINT('Ctrl Pts',(-19.5012558251163,1.00036895214087,0.));
#3344=CARTESIAN_POINT('Ctrl Pts',(-19.5325656420902,0.99873985768391,0.));
#3345=CARTESIAN_POINT('Ctrl Pts',(-19.557422202727,0.995283071398832,0.));
#3346=CARTESIAN_POINT('Ctrl Pts',(-19.5879723508765,0.988416173940617,0.));
#3347=CARTESIAN_POINT('Ctrl Pts',(-19.6119083775779,0.980977114166086,0.));
#3348=CARTESIAN_POINT('Ctrl Pts',(-19.6469019082182,0.967188013103093,0.));
#3349=CARTESIAN_POINT('Ctrl Pts',(-19.6806407085164,0.950101163653494,0.));
#3350=CARTESIAN_POINT('Ctrl Pts',(-19.7397267489651,0.912451705833845,0.));
#3351=CARTESIAN_POINT('Ctrl Pts',(-19.799972988917,0.861522004887426,0.));
#3352=CARTESIAN_POINT('Ctrl Pts',(-19.8856039978033,0.771447302677525,0.));
#3353=CARTESIAN_POINT('Ctrl Pts',(-19.9483368069913,0.692013971446918,0.));
#3354=CARTESIAN_POINT('Ctrl Pts',(-19.9920080191527,0.632821985260936,0.));
#3355=CARTESIAN_POINT('Ctrl Pts',(-20.,0.621886102299813,0.));
#3356=CARTESIAN_POINT('',(19.9183599305371,0.507671630797228,-80.));
#3357=CARTESIAN_POINT('',(19.9183599305371,0.507671630797228,0.));
#3358=CARTESIAN_POINT('Ctrl Pts',(-20.,0.621886102299813,-80.));
#3359=CARTESIAN_POINT('Ctrl Pts',(-19.9920080191527,0.632821985260936,-80.));
#3360=CARTESIAN_POINT('Ctrl Pts',(-19.9483368069913,0.692013971446918,-80.));
#3361=CARTESIAN_POINT('Ctrl Pts',(-19.8856039978033,0.771447302677525,-80.));
#3362=CARTESIAN_POINT('Ctrl Pts',(-19.799972988917,0.861522004887426,-80.));
#3363=CARTESIAN_POINT('Ctrl Pts',(-19.7397267489651,0.912451705833845,-80.));
#3364=CARTESIAN_POINT('Ctrl Pts',(-19.6806407085164,0.950101163653494,-80.));
#3365=CARTESIAN_POINT('Ctrl Pts',(-19.6469019082182,0.967188013103093,-80.));
#3366=CARTESIAN_POINT('Ctrl Pts',(-19.6119083775779,0.980977114166086,-80.));
#3367=CARTESIAN_POINT('Ctrl Pts',(-19.5879723508765,0.988416173940617,-80.));
#3368=CARTESIAN_POINT('Ctrl Pts',(-19.557422202727,0.995283071398832,-80.));
#3369=CARTESIAN_POINT('Ctrl Pts',(-19.5325656420902,0.99873985768391,-80.));
#3370=CARTESIAN_POINT('Ctrl Pts',(-19.5012558251163,1.00036895214087,-80.));
#3371=CARTESIAN_POINT('Ctrl Pts',(-19.4761565389846,0.99949257188885,-80.));
#3372=CARTESIAN_POINT('Ctrl Pts',(-19.445046992838,0.995712032025752,-80.));
#3373=CARTESIAN_POINT('Ctrl Pts',(-19.4204960097171,0.990597342480571,-80.));
#3374=CARTESIAN_POINT('Ctrl Pts',(-19.3904542409753,0.981789438698146,-80.));
#3375=CARTESIAN_POINT('Ctrl Pts',(-19.3669969644643,0.972913802716215,-80.));
#3376=CARTESIAN_POINT('Ctrl Pts',(-19.321339848173,0.951894966303924,-80.));
#3377=CARTESIAN_POINT('Ctrl Pts',(-19.2674159251739,0.917959766730823,-80.));
#3378=CARTESIAN_POINT('Ctrl Pts',(-19.1821574052396,0.845681655588068,-80.));
#3379=CARTESIAN_POINT('Ctrl Pts',(-19.1071451242087,0.76222217069629,-80.));
#3380=CARTESIAN_POINT('Ctrl Pts',(-19.016535062848,0.646019095046895,-80.));
#3381=CARTESIAN_POINT('Ctrl Pts',(-18.9459731857686,0.546820666855892,-80.));
#3382=CARTESIAN_POINT('Ctrl Pts',(-18.8595292593351,0.424325715128395,-80.));
#3383=CARTESIAN_POINT('Ctrl Pts',(-18.791830190651,0.331619970488998,-80.));
#3384=CARTESIAN_POINT('Ctrl Pts',(-18.7182207619024,0.24208089923302,-80.));
#3385=CARTESIAN_POINT('Ctrl Pts',(-18.6711192770047,0.192980789281458,-80.));
#3386=CARTESIAN_POINT('Ctrl Pts',(-18.626826751184,0.154465563726686,-80.));
#3387=CARTESIAN_POINT('Ctrl Pts',(-18.5990132779831,0.134314157177622,-80.));
#3388=CARTESIAN_POINT('Ctrl Pts',(-18.5702832649853,0.117902505097114,-80.));
#3389=CARTESIAN_POINT('Ctrl Pts',(-18.5527095271156,0.110267897322525,-80.));
#3390=CARTESIAN_POINT('Ctrl Pts',(-18.536340286301,0.104930796405507,-80.));
#3391=CARTESIAN_POINT('Ctrl Pts',(-18.5259822949733,0.102443672533316,-80.));
#3392=CARTESIAN_POINT('Ctrl Pts',(-18.513534768426,0.100509643591002,-80.));
#3393=CARTESIAN_POINT('Ctrl Pts',(-18.503862372637,0.0998447380006121,-80.));
#3394=CARTESIAN_POINT('Ctrl Pts',(-18.4918100564228,0.100054090477389,-80.));
#3395=CARTESIAN_POINT('Ctrl Pts',(-18.4820557692557,0.101061281318372,-80.));
#3396=CARTESIAN_POINT('Ctrl Pts',(-18.46941951359,0.103460846659465,-80.));
#3397=CARTESIAN_POINT('Ctrl Pts',(-18.4588545246098,0.106358560009905,-80.));
#3398=CARTESIAN_POINT('Ctrl Pts',(-18.4449161379343,0.111374395987974,-80.));
#3399=CARTESIAN_POINT('Ctrl Pts',(-18.4331493353648,0.116575299423017,-80.));
#3400=CARTESIAN_POINT('Ctrl Pts',(-18.4145586486576,0.126327675496146,-80.));
#3401=CARTESIAN_POINT('Ctrl Pts',(-18.3947509476841,0.138772431013807,-80.));
#3402=CARTESIAN_POINT('Ctrl Pts',(-18.3560509354975,0.168015833994597,-80.));
#3403=CARTESIAN_POINT('Ctrl Pts',(-18.3103480937956,0.21102493668979,-80.));
#3404=CARTESIAN_POINT('Ctrl Pts',(-18.2380749443234,0.293332397336969,-80.));
#3405=CARTESIAN_POINT('Ctrl Pts',(-18.171086392539,0.381846107011248,-80.));
#3406=CARTESIAN_POINT('Ctrl Pts',(-18.0853838072559,0.50212855364876,-80.));
#3407=CARTESIAN_POINT('Ctrl Pts',(-18.0153909187118,0.60193432256839,-80.));
#3408=CARTESIAN_POINT('Ctrl Pts',(-17.9347713582943,0.709624459922856,-80.));
#3409=CARTESIAN_POINT('Ctrl Pts',(-17.8797012860592,0.776677114483349,-80.));
#3410=CARTESIAN_POINT('Ctrl Pts',(-17.8228362949054,0.837614373256023,-80.));
#3411=CARTESIAN_POINT('Ctrl Pts',(-17.7838354845844,0.87484001607868,-80.));
#3412=CARTESIAN_POINT('Ctrl Pts',(-17.7331193656318,0.916190756663145,-80.));
#3413=CARTESIAN_POINT('Ctrl Pts',(-17.6906455010395,0.944732800346602,-80.));
#3414=CARTESIAN_POINT('Ctrl Pts',(-17.6401425898567,0.970510416785875,-80.));
#3415=CARTESIAN_POINT('Ctrl Pts',(-17.6048670035219,0.983707235845465,-80.));
#3416=CARTESIAN_POINT('Ctrl Pts',(-17.5684971673122,0.9931266108839,-80.));
#3417=CARTESIAN_POINT('Ctrl Pts',(-17.5437806132095,0.99741969268203,-80.));
#3418=CARTESIAN_POINT('Ctrl Pts',(-17.5125514156463,1.0001284765667,-80.));
#3419=CARTESIAN_POINT('Ctrl Pts',(-17.4874354290835,1.00012682062055,-80.));
#3420=CARTESIAN_POINT('Ctrl Pts',(-17.456206610969,0.99741397180015,-80.));
#3421=CARTESIAN_POINT('Ctrl Pts',(-17.431490635575,0.993117758183908,-80.));
#3422=CARTESIAN_POINT('Ctrl Pts',(-17.395121954727,0.983693983810144,-80.));
#3423=CARTESIAN_POINT('Ctrl Pts',(-17.3598477933701,0.970493207798174,-80.));
#3424=CARTESIAN_POINT('Ctrl Pts',(-17.3093470175589,0.944710497429311,-80.));
#3425=CARTESIAN_POINT('Ctrl Pts',(-17.2668748200642,0.916164659452717,-80.));
#3426=CARTESIAN_POINT('Ctrl Pts',(-17.2161603333982,0.874809812794545,-80.));
#3427=CARTESIAN_POINT('Ctrl Pts',(-17.1771605118185,0.837581326333861,-80.));
#3428=CARTESIAN_POINT('Ctrl Pts',(-17.1202966476603,0.776640400330012,-80.));
#3429=CARTESIAN_POINT('Ctrl Pts',(-17.065227328957,0.709584903084415,-80.));
#3430=CARTESIAN_POINT('Ctrl Pts',(-16.9846085746945,0.601892264421729,-80.));
#3431=CARTESIAN_POINT('Ctrl Pts',(-16.914616210535,0.502086359245861,-80.));
#3432=CARTESIAN_POINT('Ctrl Pts',(-16.8289143454115,0.38180657557427,-80.));
#3433=CARTESIAN_POINT('Ctrl Pts',(-16.7619265197074,0.293297289433064,-80.));
#3434=CARTESIAN_POINT('Ctrl Pts',(-16.6896547703194,0.210997122417379,-80.));
#3435=CARTESIAN_POINT('Ctrl Pts',(-16.6439534192338,0.167994026713931,-80.));
#3436=CARTESIAN_POINT('Ctrl Pts',(-16.6052553933879,0.138756439492729,-80.));
#3437=CARTESIAN_POINT('Ctrl Pts',(-16.5854489945838,0.126314848335868,-80.));
#3438=CARTESIAN_POINT('Ctrl Pts',(-16.5668597101629,0.11656547664671,-80.));
#3439=CARTESIAN_POINT('Ctrl Pts',(-16.5550938664561,0.11136646709331,-80.));
#3440=CARTESIAN_POINT('Ctrl Pts',(-16.541156618008,0.106352810860914,-80.));
#3441=CARTESIAN_POINT('Ctrl Pts',(-16.5305924415882,0.103456678233061,-80.));
#3442=CARTESIAN_POINT('Ctrl Pts',(-16.5179569549734,0.101058900554516,-80.));
#3443=CARTESIAN_POINT('Ctrl Pts',(-16.5082030350027,0.100053015903476,-80.));
#3444=CARTESIAN_POINT('Ctrl Pts',(-16.4961507962932,0.0998452427742865,
-80.));
#3445=CARTESIAN_POINT('Ctrl Pts',(-16.486478151363,0.100511424261603,-80.));
#3446=CARTESIAN_POINT('Ctrl Pts',(-16.4740299739426,0.102447175884763,-80.));
#3447=CARTESIAN_POINT('Ctrl Pts',(-16.4636712356879,0.104935815260003,-80.));
#3448=CARTESIAN_POINT('Ctrl Pts',(-16.4473006807538,0.110275435750288,-80.));
#3449=CARTESIAN_POINT('Ctrl Pts',(-16.4297254795601,0.11791288074612,-80.));
#3450=CARTESIAN_POINT('Ctrl Pts',(-16.4009934178283,0.134329172105303,-80.));
#3451=CARTESIAN_POINT('Ctrl Pts',(-16.3731784215583,0.154484859042101,-80.));
#3452=CARTESIAN_POINT('Ctrl Pts',(-16.3288841331747,0.193006221784685,-80.));
#3453=CARTESIAN_POINT('Ctrl Pts',(-16.2817814733447,0.242111850794872,-80.));
#3454=CARTESIAN_POINT('Ctrl Pts',(-16.2081709039323,0.331657310318275,-80.));
#3455=CARTESIAN_POINT('Ctrl Pts',(-16.1404712084614,0.424366569400106,-80.));
#3456=CARTESIAN_POINT('Ctrl Pts',(-16.0540265945832,0.546863049049584,-80.));
#3457=CARTESIAN_POINT('Ctrl Pts',(-15.9834641555708,0.646060468694739,-80.));
#3458=CARTESIAN_POINT('Ctrl Pts',(-15.8928530445869,0.762259791046653,-80.));
#3459=CARTESIAN_POINT('Ctrl Pts',(-15.8178394321168,0.845714529778668,-80.));
#3460=CARTESIAN_POINT('Ctrl Pts',(-15.7325783440953,0.917985895732854,-80.));
#3461=CARTESIAN_POINT('Ctrl Pts',(-15.6786521502392,0.951916145139378,-80.));
#3462=CARTESIAN_POINT('Ctrl Pts',(-15.6329931307435,0.97293018760571,-80.));
#3463=CARTESIAN_POINT('Ctrl Pts',(-15.6095349202566,0.981803203436452,-80.));
#3464=CARTESIAN_POINT('Ctrl Pts',(-15.5794921150844,0.9906075495065,-80.));
#3465=CARTESIAN_POINT('Ctrl Pts',(-15.5549404630719,0.995719179045779,-80.));
#3466=CARTESIAN_POINT('Ctrl Pts',(-15.5238303966073,0.999495707582463,-80.));
#3467=CARTESIAN_POINT('Ctrl Pts',(-15.4987309845293,1.00036878360846,-80.));
#3468=CARTESIAN_POINT('Ctrl Pts',(-15.4674213983803,0.998735587586711,-80.));
#3469=CARTESIAN_POINT('Ctrl Pts',(-15.4425653154005,0.995275607356412,-80.));
#3470=CARTESIAN_POINT('Ctrl Pts',(-15.412016040576,0.988404942510205,-80.));
#3471=CARTESIAN_POINT('Ctrl Pts',(-15.3880808790471,0.980963077990306,-80.));
#3472=CARTESIAN_POINT('Ctrl Pts',(-15.3530887505546,0.967170115390995,-80.));
#3473=CARTESIAN_POINT('Ctrl Pts',(-15.3193513932977,0.950079848612556,-80.));
#3474=CARTESIAN_POINT('Ctrl Pts',(-15.26026774321,0.912424995379463,-80.));
#3475=CARTESIAN_POINT('Ctrl Pts',(-15.2000232286824,0.861490414304039,-80.));
#3476=CARTESIAN_POINT('Ctrl Pts',(-15.1143959187847,0.771411383222818,-80.));
#3477=CARTESIAN_POINT('Ctrl Pts',(-15.0416567330013,0.679306163796236,-80.));
#3478=CARTESIAN_POINT('Ctrl Pts',(-14.9529556520442,0.557242236174237,-80.));
#3479=CARTESIAN_POINT('Ctrl Pts',(-14.8835114272938,0.457766311064425,-80.));
#3480=CARTESIAN_POINT('Ctrl Pts',(-14.7986020718762,0.340902215378674,-80.));
#3481=CARTESIAN_POINT('Ctrl Pts',(-14.7324531134458,0.257541267123664,-80.));
#3482=CARTESIAN_POINT('Ctrl Pts',(-14.6618319123052,0.183396880853272,-80.));
#3483=CARTESIAN_POINT('Ctrl Pts',(-14.6179113826464,0.146950445906337,-80.));
#3484=CARTESIAN_POINT('Ctrl Pts',(-14.5815109391185,0.123867267575196,-80.));
#3485=CARTESIAN_POINT('Ctrl Pts',(-14.5631662021127,0.114691130311065,-80.));
#3486=CARTESIAN_POINT('Ctrl Pts',(-14.5460761986119,0.107971937230526,-80.));
#3487=CARTESIAN_POINT('Ctrl Pts',(-14.535289879598,0.104649085949164,-80.));
#3488=CARTESIAN_POINT('Ctrl Pts',(-14.5224371251928,0.101769439480148,-80.));
#3489=CARTESIAN_POINT('Ctrl Pts',(-14.5125713954037,0.100413136735309,-80.));
#3490=CARTESIAN_POINT('Ctrl Pts',(-14.5004784016564,0.0997862456536953,
-80.));
#3491=CARTESIAN_POINT('Ctrl Pts',(-14.4908554835879,0.100117897932176,-80.));
#3492=CARTESIAN_POINT('Ctrl Pts',(-14.4785623263191,0.101605831598649,-80.));
#3493=CARTESIAN_POINT('Ctrl Pts',(-14.4683911827933,0.10370209025722,-80.));
#3494=CARTESIAN_POINT('Ctrl Pts',(-14.4550303218341,0.107607774958492,-80.));
#3495=CARTESIAN_POINT('Ctrl Pts',(-14.4437655095533,0.111837666114822,-80.));
#3496=CARTESIAN_POINT('Ctrl Pts',(-14.4199784532862,0.122765727222568,-80.));
#3497=CARTESIAN_POINT('Ctrl Pts',(-14.3870971451168,0.142919747180502,-80.));
#3498=CARTESIAN_POINT('Ctrl Pts',(-14.3247865874439,0.195321822543333,-80.));
#3499=CARTESIAN_POINT('Ctrl Pts',(-14.2609101697736,0.265671160396118,-80.));
#3500=CARTESIAN_POINT('Ctrl Pts',(-14.1779092699588,0.372132601729268,-80.));
#3501=CARTESIAN_POINT('Ctrl Pts',(-14.1095823384226,0.468065769284211,-80.));
#3502=CARTESIAN_POINT('Ctrl Pts',(-14.0224152519523,0.591584405586186,-80.));
#3503=CARTESIAN_POINT('Ctrl Pts',(-13.9512255212932,0.68926692929373,-80.));
#3504=CARTESIAN_POINT('Ctrl Pts',(-13.8685851130067,0.789839653166464,-80.));
#3505=CARTESIAN_POINT('Ctrl Pts',(-13.8115200991012,0.849828110943636,-80.));
#3506=CARTESIAN_POINT('Ctrl Pts',(-13.751646210072,0.901981350826178,-80.));
#3507=CARTESIAN_POINT('Ctrl Pts',(-13.7100154564267,0.932467785668078,-80.));
#3508=CARTESIAN_POINT('Ctrl Pts',(-13.6606207621134,0.960844969492328,-80.));
#3509=CARTESIAN_POINT('Ctrl Pts',(-13.6261113756951,0.976059195564937,-80.));
#3510=CARTESIAN_POINT('Ctrl Pts',(-13.5903974708936,0.987735412893682,-80.));
#3511=CARTESIAN_POINT('Ctrl Pts',(-13.5660333466863,0.993645478219555,-80.));
#3512=CARTESIAN_POINT('Ctrl Pts',(-13.5350781884087,0.998473550050706,-80.));
#3513=CARTESIAN_POINT('Ctrl Pts',(-13.510028397539,1.000217323872,-80.));
#3514=CARTESIAN_POINT('Ctrl Pts',(-13.4786779248676,0.99967112099867,-80.));
#3515=CARTESIAN_POINT('Ctrl Pts',(-13.4537099373293,0.997062264812004,-80.));
#3516=CARTESIAN_POINT('Ctrl Pts',(-13.422943305327,0.991199908926377,-80.));
#3517=CARTESIAN_POINT('Ctrl Pts',(-13.3987859559912,0.984511199311839,-80.));
#3518=CARTESIAN_POINT('Ctrl Pts',(-13.3693214022766,0.973883007383412,-80.));
#3519=CARTESIAN_POINT('Ctrl Pts',(-13.3463658456429,0.963671233413111,-80.));
#3520=CARTESIAN_POINT('Ctrl Pts',(-13.3128729986952,0.94607493594691,-80.));
#3521=CARTESIAN_POINT('Ctrl Pts',(-13.2805971803221,0.925620443975991,-80.));
#3522=CARTESIAN_POINT('Ctrl Pts',(-13.2238107976567,0.882584307606543,-80.));
#3523=CARTESIAN_POINT('Ctrl Pts',(-13.1653467597675,0.826875285331513,-80.));
#3524=CARTESIAN_POINT('Ctrl Pts',(-13.0813697092449,0.731149810207408,-80.));
#3525=CARTESIAN_POINT('Ctrl Pts',(-13.0094692684215,0.635845687168181,-80.));
#3526=CARTESIAN_POINT('Ctrl Pts',(-12.9215606397163,0.512483580536922,-80.));
#3527=CARTESIAN_POINT('Ctrl Pts',(-12.8526645644581,0.414291049423032,-80.));
#3528=CARTESIAN_POINT('Ctrl Pts',(-12.7770340097038,0.313281890281473,-80.));
#3529=CARTESIAN_POINT('Ctrl Pts',(-12.7279373076159,0.253724084157517,-80.));
#3530=CARTESIAN_POINT('Ctrl Pts',(-12.680635471089,0.203064680602247,-80.));
#3531=CARTESIAN_POINT('Ctrl Pts',(-12.6501916957037,0.174142529407047,-80.));
#3532=CARTESIAN_POINT('Ctrl Pts',(-12.6141020258975,0.144775270257413,-80.));
#3533=CARTESIAN_POINT('Ctrl Pts',(-12.5871312078722,0.126886495826298,-80.));
#3534=CARTESIAN_POINT('Ctrl Pts',(-12.5595088139949,0.112887532089127,-80.));
#3535=CARTESIAN_POINT('Ctrl Pts',(-12.5427008634363,0.106704712314147,-80.));
#3536=CARTESIAN_POINT('Ctrl Pts',(-12.5269872012837,0.102647243973958,-80.));
#3537=CARTESIAN_POINT('Ctrl Pts',(-12.5169814505137,0.100928491814617,-80.));
#3538=CARTESIAN_POINT('Ctrl Pts',(-12.5048078161259,0.0998765358911086,
-80.));
#3539=CARTESIAN_POINT('Ctrl Pts',(-12.4952015804956,0.0998769826545788,
-80.));
#3540=CARTESIAN_POINT('Ctrl Pts',(-12.483027675073,0.100930098798786,-80.));
#3541=CARTESIAN_POINT('Ctrl Pts',(-12.4730215109397,0.10264984859791,-80.));
#3542=CARTESIAN_POINT('Ctrl Pts',(-12.4573070235287,0.106708977711393,-80.));
#3543=CARTESIAN_POINT('Ctrl Pts',(-12.4404980551288,0.112893692991931,-80.));
#3544=CARTESIAN_POINT('Ctrl Pts',(-12.412874135986,0.12689586009462,-80.));
#3545=CARTESIAN_POINT('Ctrl Pts',(-12.3859021271767,0.144787687326495,-80.));
#3546=CARTESIAN_POINT('Ctrl Pts',(-12.3498112914515,0.174158675308712,-80.));
#3547=CARTESIAN_POINT('Ctrl Pts',(-12.3193668098223,0.203083637107427,-80.));
#3548=CARTESIAN_POINT('Ctrl Pts',(-12.2720641682986,0.253746808060962,-80.));
#3549=CARTESIAN_POINT('Ctrl Pts',(-12.2229669279738,0.313307714236567,-80.));
#3550=CARTESIAN_POINT('Ctrl Pts',(-12.1473357973945,0.414320043004988,-80.));
#3551=CARTESIAN_POINT('Ctrl Pts',(-12.0784393475758,0.512513770058615,-80.));
#3552=CARTESIAN_POINT('Ctrl Pts',(-11.990530204471,0.635875381241894,-80.));
#3553=CARTESIAN_POINT('Ctrl Pts',(-11.9186292450188,0.731177613466371,-80.));
#3554=CARTESIAN_POINT('Ctrl Pts',(-11.834651194436,0.826899536405982,-80.));
#3555=CARTESIAN_POINT('Ctrl Pts',(-11.7761860918209,0.882605501589631,-80.));
#3556=CARTESIAN_POINT('Ctrl Pts',(-11.7193982903407,0.925638219454841,-80.));
#3557=CARTESIAN_POINT('Ctrl Pts',(-11.6871215418465,0.946090591391204,-80.));
#3558=CARTESIAN_POINT('Ctrl Pts',(-11.6536276932659,0.963684498441561,-80.));
#3559=CARTESIAN_POINT('Ctrl Pts',(-11.6306714517303,0.973894530521347,-80.));
#3560=CARTESIAN_POINT('Ctrl Pts',(-11.6012060849961,0.984520342456979,-80.));
#3561=CARTESIAN_POINT('Ctrl Pts',(-11.5770481552599,0.991206984620314,-80.));
#3562=CARTESIAN_POINT('Ctrl Pts',(-11.5462809739356,0.997066583040621,-80.));
#3563=CARTESIAN_POINT('Ctrl Pts',(-11.5213127241141,0.99967312188705,-80.));
#3564=CARTESIAN_POINT('Ctrl Pts',(-11.4899621960822,1.00021638176494,-80.));
#3565=CARTESIAN_POINT('Ctrl Pts',(-11.4649125831705,0.998470264059563,-80.));
#3566=CARTESIAN_POINT('Ctrl Pts',(-11.4339578898023,0.993639376112497,-80.));
#3567=CARTESIAN_POINT('Ctrl Pts',(-11.4095942991143,0.987727182106985,-80.));
#3568=CARTESIAN_POINT('Ctrl Pts',(-11.3738813329695,0.976048010978772,-80.));
#3569=CARTESIAN_POINT('Ctrl Pts',(-11.3393729917827,0.960831158370892,-80.));
#3570=CARTESIAN_POINT('Ctrl Pts',(-11.2899797608508,0.932450584135701,-80.));
#3571=CARTESIAN_POINT('Ctrl Pts',(-11.248350095112,0.90196160183714,-80.));
#3572=CARTESIAN_POINT('Ctrl Pts',(-11.1884774650563,0.849805037153598,-80.));
#3573=CARTESIAN_POINT('Ctrl Pts',(-11.1314132903882,0.78981385092624,-80.));
#3574=CARTESIAN_POINT('Ctrl Pts',(-11.0487736968615,0.689238127938764,-80.));
#3575=CARTESIAN_POINT('Ctrl Pts',(-10.9775844139073,0.591554283586087,-80.));
#3576=CARTESIAN_POINT('Ctrl Pts',(-10.8904178184689,0.468035936661897,-80.));
#3577=CARTESIAN_POINT('Ctrl Pts',(-10.8220912883134,0.372104623543354,-80.));
#3578=CARTESIAN_POINT('Ctrl Pts',(-10.7390911382295,0.265647487758475,-80.));
#3579=CARTESIAN_POINT('Ctrl Pts',(-10.6752156715872,0.195303132403872,-80.));
#3580=CARTESIAN_POINT('Ctrl Pts',(-10.6129069482623,0.14290739620394,-80.));
#3581=CARTESIAN_POINT('Ctrl Pts',(-10.5800272621337,0.122757195430238,-80.));
#3582=CARTESIAN_POINT('Ctrl Pts',(-10.5562415652982,0.111831870039321,-80.));
#3583=CARTESIAN_POINT('Ctrl Pts',(-10.5449774201431,0.107603248439962,-80.));
#3584=CARTESIAN_POINT('Ctrl Pts',(-10.5316172994913,0.103699005642762,-80.));
#3585=CARTESIAN_POINT('Ctrl Pts',(-10.5214466337452,0.101603785151646,-80.));
#3586=CARTESIAN_POINT('Ctrl Pts',(-10.5091538481324,0.100117042644898,-80.));
#3587=CARTESIAN_POINT('Ctrl Pts',(-10.4995310200249,0.0997862883878807,
-80.));
#3588=CARTESIAN_POINT('Ctrl Pts',(-10.4874378614056,0.100414318427838,-80.));
#3589=CARTESIAN_POINT('Ctrl Pts',(-10.4775717904259,0.101771583260453,-80.));
#3590=CARTESIAN_POINT('Ctrl Pts',(-10.4647184122493,0.10465255842636,-80.));
#3591=CARTESIAN_POINT('Ctrl Pts',(-10.4539314751782,0.10797658634732,-80.));
#3592=CARTESIAN_POINT('Ctrl Pts',(-10.436840470566,0.114697713277368,-80.));
#3593=CARTESIAN_POINT('Ctrl Pts',(-10.4184947009974,0.12387598399063,-80.));
#3594=CARTESIAN_POINT('Ctrl Pts',(-10.3820925762069,0.146963296258384,-80.));
#3595=CARTESIAN_POINT('Ctrl Pts',(-10.3381706944598,0.183414283712549,-80.));
#3596=CARTESIAN_POINT('Ctrl Pts',(-10.2675482524994,0.257564471842057,-80.));
#3597=CARTESIAN_POINT('Ctrl Pts',(-10.2013986734983,0.340929214929323,-80.));
#3598=CARTESIAN_POINT('Ctrl Pts',(-10.1164887557963,0.457796024093844,-80.));
#3599=CARTESIAN_POINT('Ctrl Pts',(-10.0470441648891,0.557272493581789,-80.));
#3600=CARTESIAN_POINT('Ctrl Pts',(-9.95834252165578,0.679335164174905,-80.));
#3601=CARTESIAN_POINT('Ctrl Pts',(-9.88560271531797,0.771437957049432,-80.));
#3602=CARTESIAN_POINT('Ctrl Pts',(-9.79997416463722,0.861512912614895,-80.));
#3603=CARTESIAN_POINT('Ctrl Pts',(-9.73972829806412,0.912444091906202,-80.));
#3604=CARTESIAN_POINT('Ctrl Pts',(-9.68064296674646,0.950095072995883,-80.));
#3605=CARTESIAN_POINT('Ctrl Pts',(-9.64690457693461,0.967182900150104,-80.));
#3606=CARTESIAN_POINT('Ctrl Pts',(-9.61191144732018,0.980973104265015,-80.));
#3607=CARTESIAN_POINT('Ctrl Pts',(-9.58797566771607,0.988412965484541,-80.));
#3608=CARTESIAN_POINT('Ctrl Pts',(-9.55742576908285,0.99528093935442,-80.));
#3609=CARTESIAN_POINT('Ctrl Pts',(-9.53256934487149,0.998738638222024,-80.));
#3610=CARTESIAN_POINT('Ctrl Pts',(-9.50125959379201,1.00036890456329,-80.));
#3611=CARTESIAN_POINT('Ctrl Pts',(-9.47616027162674,0.999493468370384,-80.));
#3612=CARTESIAN_POINT('Ctrl Pts',(-9.44505057676556,0.995714074576611,-80.));
#3613=CARTESIAN_POINT('Ctrl Pts',(-9.42049940250018,0.990600259289454,-80.));
#3614=CARTESIAN_POINT('Ctrl Pts',(-9.39045733760994,0.981793371953666,-80.));
#3615=CARTESIAN_POINT('Ctrl Pts',(-9.3669997942399,0.972918484550715,-80.));
#3616=CARTESIAN_POINT('Ctrl Pts',(-9.32134213417641,0.951901017770559,-80.));
#3617=CARTESIAN_POINT('Ctrl Pts',(-9.26741756239612,0.917967232464885,-80.));
#3618=CARTESIAN_POINT('Ctrl Pts',(-9.18215830877654,0.845691048449708,-80.));
#3619=CARTESIAN_POINT('Ctrl Pts',(-9.10714564736424,0.762232919543011,-80.));
#3620=CARTESIAN_POINT('Ctrl Pts',(-9.01653528612877,0.646030916173232,-80.));
#3621=CARTESIAN_POINT('Ctrl Pts',(-8.94597324850196,0.546832776055387,-80.));
#3622=CARTESIAN_POINT('Ctrl Pts',(-8.85952912565411,0.42433738766962,-80.));
#3623=CARTESIAN_POINT('Ctrl Pts',(-8.79182987788024,0.331630638815409,-80.));
#3624=CARTESIAN_POINT('Ctrl Pts',(-8.71822012320614,0.242089742249906,-80.));
#3625=CARTESIAN_POINT('Ctrl Pts',(-8.67111830258674,0.192988055373092,-80.));
#3626=CARTESIAN_POINT('Ctrl Pts',(-8.62682527313986,0.15447107630695,-80.));
#3627=CARTESIAN_POINT('Ctrl Pts',(-8.59901136474818,0.134318446786809,-80.));
#3628=CARTESIAN_POINT('Ctrl Pts',(-8.57028076637686,0.117905469222083,-80.));
#3629=CARTESIAN_POINT('Ctrl Pts',(-8.55270661041608,0.11027005084533,-80.));
#3630=CARTESIAN_POINT('Ctrl Pts',(-8.53633699416239,0.104932230087743,-80.));
#3631=CARTESIAN_POINT('Ctrl Pts',(-8.52597878945469,0.102444673239377,-80.));
#3632=CARTESIAN_POINT('Ctrl Pts',(-8.51353107699182,0.100510152125851,-80.));
#3633=CARTESIAN_POINT('Ctrl Pts',(-8.5038586100664,0.0998448820029942,-80.));
#3634=CARTESIAN_POINT('Ctrl Pts',(-8.49180631605605,0.100053783234647,-80.));
#3635=CARTESIAN_POINT('Ctrl Pts',(-8.4820521338465,0.1010606008647,-80.));
#3636=CARTESIAN_POINT('Ctrl Pts',(-8.46941609795264,0.103459655418369,-80.));
#3637=CARTESIAN_POINT('Ctrl Pts',(-8.45885134115542,0.106356917108211,-80.));
#3638=CARTESIAN_POINT('Ctrl Pts',(-8.44491327970174,0.111372130271507,-80.));
#3639=CARTESIAN_POINT('Ctrl Pts',(-8.43314675109405,0.1165724925769,-80.));
#3640=CARTESIAN_POINT('Ctrl Pts',(-8.4145564650315,0.126324010232736,-80.));
#3641=CARTESIAN_POINT('Ctrl Pts',(-8.39474913608822,0.138767861638109,-80.));
#3642=CARTESIAN_POINT('Ctrl Pts',(-8.35604969139076,0.168009602982162,-80.));
#3643=CARTESIAN_POINT('Ctrl Pts',(-8.31034727554461,0.21101698943618,-80.));
#3644=CARTESIAN_POINT('Ctrl Pts',(-8.23807452606792,0.293322366272786,-80.));
#3645=CARTESIAN_POINT('Ctrl Pts',(-8.17108618172352,0.38183481216745,-80.));
#3646=CARTESIAN_POINT('Ctrl Pts',(-8.08538380219563,0.502116498067338,-80.));
#3647=CARTESIAN_POINT('Ctrl Pts',(-8.01539106347801,0.601922306002941,-80.));
#3648=CARTESIAN_POINT('Ctrl Pts',(-7.93477173340183,0.709613158103524,-80.));
#3649=CARTESIAN_POINT('Ctrl Pts',(-7.87970187647638,0.776666624910131,-80.));
#3650=CARTESIAN_POINT('Ctrl Pts',(-7.82283720734571,0.83760493151017,-80.));
#3651=CARTESIAN_POINT('Ctrl Pts',(-7.78383667954409,0.87483138683195,-80.));
#3652=CARTESIAN_POINT('Ctrl Pts',(-7.73312102699156,0.916183300625683,-80.));
#3653=CARTESIAN_POINT('Ctrl Pts',(-7.69064763874,0.944726428439734,-80.));
#3654=CARTESIAN_POINT('Ctrl Pts',(-7.64014533767519,0.970505500358112,-80.));
#3655=CARTESIAN_POINT('Ctrl Pts',(-7.60487015846317,0.983703450030566,-80.));
#3656=CARTESIAN_POINT('Ctrl Pts',(-7.56850065231901,0.993124082070738,-80.));
#3657=CARTESIAN_POINT('Ctrl Pts',(-7.54378426352466,0.99741805870001,-80.));
#3658=CARTESIAN_POINT('Ctrl Pts',(-7.51255517431929,1.0001280040124,-80.));
#3659=CARTESIAN_POINT('Ctrl Pts',(-7.48743918770776,1.00012729432119,-80.));
#3660=CARTESIAN_POINT('Ctrl Pts',(-7.45621026112323,0.997415606893484,-80.));
#3661=CARTESIAN_POINT('Ctrl Pts',(-7.43149412034689,0.993120288056448,-80.));
#3662=CARTESIAN_POINT('Ctrl Pts',(-7.39512510935776,0.983697770586849,-80.));
#3663=CARTESIAN_POINT('Ctrl Pts',(-7.35985054085055,0.97049812507766,-80.));
#3664=CARTESIAN_POINT('Ctrl Pts',(-7.309349154945,0.9447168700466,-80.));
#3665=CARTESIAN_POINT('Ctrl Pts',(-7.26687648116387,0.91617211610692,-80.));
#3666=CARTESIAN_POINT('Ctrl Pts',(-7.21616152816274,0.874818442567317,-80.));
#3667=CARTESIAN_POINT('Ctrl Pts',(-7.17716142410741,0.837590768543525,-80.));
#3668=CARTESIAN_POINT('Ctrl Pts',(-7.12029723797483,0.776650890272984,-80.));
#3669=CARTESIAN_POINT('Ctrl Pts',(-7.06522770399154,0.70959620517276,-80.));
#3670=CARTESIAN_POINT('Ctrl Pts',(-6.98460871941041,0.601904281082939,-80.));
#3671=CARTESIAN_POINT('Ctrl Pts',(-6.91461620542902,0.502098414751805,-80.));
#3672=CARTESIAN_POINT('Ctrl Pts',(-6.82891413454094,0.381817870123026,-80.));
#3673=CARTESIAN_POINT('Ctrl Pts',(-6.76192610137379,0.29330732002825,-80.));
#3674=CARTESIAN_POINT('Ctrl Pts',(-6.68965395193322,0.211005069033713,-80.));
#3675=CARTESIAN_POINT('Ctrl Pts',(-6.64395217492261,0.168000257004731,-80.));
#3676=CARTESIAN_POINT('Ctrl Pts',(-6.60525358151404,0.138761008129076,-80.));
#3677=CARTESIAN_POINT('Ctrl Pts',(-6.58544681064339,0.126318512878333,-80.));
#3678=CARTESIAN_POINT('Ctrl Pts',(-6.56685712556063,0.11656828281563,-80.));
#3679=CARTESIAN_POINT('Ctrl Pts',(-6.55509100789409,0.111368732173799,-80.));
#3680=CARTESIAN_POINT('Ctrl Pts',(-6.54115343425218,0.106354453187221,-80.));
#3681=CARTESIAN_POINT('Ctrl Pts',(-6.53058902569517,0.103457868949916,-80.));
#3682=CARTESIAN_POINT('Ctrl Pts',(-6.51795331939451,0.101059580537337,-80.));
#3683=CARTESIAN_POINT('Ctrl Pts',(-6.50819929455487,0.100053322702972,-80.));
#3684=CARTESIAN_POINT('Ctrl Pts',(-6.49614703376083,0.099845098334568,-80.));
#3685=CARTESIAN_POINT('Ctrl Pts',(-6.48647446006061,0.100510915270391,-80.));
#3686=CARTESIAN_POINT('Ctrl Pts',(-6.4740264686521,0.102446174675706,-80.));
#3687=CARTESIAN_POINT('Ctrl Pts',(-6.46366794383283,0.104934381025378,-80.));
#3688=CARTESIAN_POINT('Ctrl Pts',(-6.44729776438509,0.11027328160008,-80.));
#3689=CARTESIAN_POINT('Ctrl Pts',(-6.42972298128545,0.117909915928796,-80.));
#3690=CARTESIAN_POINT('Ctrl Pts',(-6.40099150488524,0.134324881755815,-80.));
#3691=CARTESIAN_POINT('Ctrl Pts',(-6.37317694374968,0.154479345727844,-80.));
#3692=CARTESIAN_POINT('Ctrl Pts',(-6.32888315891871,0.192998955017336,-80.));
#3693=CARTESIAN_POINT('Ctrl Pts',(-6.28178083475689,0.242103007204991,-80.));
#3694=CARTESIAN_POINT('Ctrl Pts',(-6.20817059122688,0.33164664159939,-80.));
#3695=CARTESIAN_POINT('Ctrl Pts',(-6.14047107483005,0.424354896643217,-80.));
#3696=CARTESIAN_POINT('Ctrl Pts',(-6.05402665736308,0.546850939852687,-80.));
#3697=CARTESIAN_POINT('Ctrl Pts',(-5.98346437890782,0.646048647736598,-80.));
#3698=CARTESIAN_POINT('Ctrl Pts',(-5.89285356783384,0.762249042550313,-80.));
#3699=CARTESIAN_POINT('Ctrl Pts',(-5.81784033580476,0.845705137388541,-80.));
#3700=CARTESIAN_POINT('Ctrl Pts',(-5.73257998157638,0.917978430608614,-80.));
#3701=CARTESIAN_POINT('Ctrl Pts',(-5.67865443657161,0.951910094414332,-80.));
#3702=CARTESIAN_POINT('Ctrl Pts',(-5.63299596084914,0.972925506646219,-80.));
#3703=CARTESIAN_POINT('Ctrl Pts',(-5.60953801720372,0.981799271127234,-80.));
#3704=CARTESIAN_POINT('Ctrl Pts',(-5.57949550812899,0.990604633729136,-80.));
#3705=CARTESIAN_POINT('Ctrl Pts',(-5.55494404719582,0.995717137585216,-80.));
#3706=CARTESIAN_POINT('Ctrl Pts',(-5.52383412934101,0.99949481223898,-80.));
#3707=CARTESIAN_POINT('Ctrl Pts',(-5.49873475319916,1.00036883233529,-80.));
#3708=CARTESIAN_POINT('Ctrl Pts',(-5.46742510104289,0.998736808179291,-80.));
#3709=CARTESIAN_POINT('Ctrl Pts',(-5.4425688815459,0.995277740480987,-80.));
#3710=CARTESIAN_POINT('Ctrl Pts',(-5.41201935717547,0.988408152002654,-80.));
#3711=CARTESIAN_POINT('Ctrl Pts',(-5.38808394840571,0.980967088781789,-80.));
#3712=CARTESIAN_POINT('Ctrl Pts',(-5.35309141945812,0.967175229544714,-80.));
#3713=CARTESIAN_POINT('Ctrl Pts',(-5.31935364918394,0.950085938587003,-80.));
#3714=CARTESIAN_POINT('Ctrl Pts',(-5.26026932662375,0.912432634170003,-80.));
#3715=CARTESIAN_POINT('Ctrl Pts',(-5.20002427130369,0.861499413778535,-80.));
#3716=CARTESIAN_POINT('Ctrl Pts',(-5.11439646511488,0.771422012862113,-80.));
#3717=CARTESIAN_POINT('Ctrl Pts',(-5.04165703111946,0.679317764014371,-80.));
#3718=CARTESIAN_POINT('Ctrl Pts',(-4.95295572525679,0.557254339143366,-80.));
#3719=CARTESIAN_POINT('Ctrl Pts',(-4.8835113540437,0.457778196229766,-80.));
#3720=CARTESIAN_POINT('Ctrl Pts',(-4.79860177370738,0.340913015086884,-80.));
#3721=CARTESIAN_POINT('Ctrl Pts',(-4.73245256703893,0.257550548848285,-80.));
#3722=CARTESIAN_POINT('Ctrl Pts',(-4.66183086954833,0.183403841789022,-80.));
#3723=CARTESIAN_POINT('Ctrl Pts',(-4.6179097990285,0.146955585822739,-80.));
#3724=CARTESIAN_POINT('Ctrl Pts',(-4.58150868297606,0.123870753926152,-80.));
#3725=CARTESIAN_POINT('Ctrl Pts',(-4.56316353294045,0.114693763297457,-80.));
#3726=CARTESIAN_POINT('Ctrl Pts',(-4.54607312900138,0.107973796697807,-80.));
#3727=CARTESIAN_POINT('Ctrl Pts',(-4.53528656277541,0.104650474776036,-80.));
#3728=CARTESIAN_POINT('Ctrl Pts',(-4.52243355888407,0.10177029684577,-80.));
#3729=CARTESIAN_POINT('Ctrl Pts',(-4.51256769264328,0.100413609276359,-80.));
#3730=CARTESIAN_POINT('Ctrl Pts',(-4.50047463298228,0.0997862626166542,
-80.));
#3731=CARTESIAN_POINT('Ctrl Pts',(-4.49085175092718,0.100117555683636,-80.));
#3732=CARTESIAN_POINT('Ctrl Pts',(-4.47855874235229,0.101605012874754,-80.));
#3733=CARTESIAN_POINT('Ctrl Pts',(-4.46838778995789,0.103700856252499,-80.));
#3734=CARTESIAN_POINT('Ctrl Pts',(-4.45502722513695,0.107605964173298,-80.));
#3735=CARTESIAN_POINT('Ctrl Pts',(-4.44376267971166,0.11183534749237,-80.));
#3736=CARTESIAN_POINT('Ctrl Pts',(-4.41997616721692,0.12276231429023,-80.));
#3737=CARTESIAN_POINT('Ctrl Pts',(-4.38709550784279,0.142914806563502,-80.));
#3738=CARTESIAN_POINT('Ctrl Pts',(-4.32478568387675,0.195314346285525,-80.));
#3739=CARTESIAN_POINT('Ctrl Pts',(-4.26090964659979,0.265661691183925,-80.));
#3740=CARTESIAN_POINT('Ctrl Pts',(-4.17790904666681,0.3721214103607,-80.));
#3741=CARTESIAN_POINT('Ctrl Pts',(-4.1095822756799,0.468053836194455,-80.));
#3742=CARTESIAN_POINT('Ctrl Pts',(-4.02241538562333,0.591572356809762,-80.));
#3743=CARTESIAN_POINT('Ctrl Pts',(-3.95122583405086,0.689255408822864,-80.));
#3744=CARTESIAN_POINT('Ctrl Pts',(-3.86858575168125,0.789829332387743,-80.));
#3745=CARTESIAN_POINT('Ctrl Pts',(-3.81152107348681,0.849818881571786,-80.));
#3746=CARTESIAN_POINT('Ctrl Pts',(-3.75164768806907,0.901973451405131,-80.));
#3747=CARTESIAN_POINT('Ctrl Pts',(-3.71001736960324,0.932460905254549,-80.));
#3748=CARTESIAN_POINT('Ctrl Pts',(-3.66062326065504,0.960839445281212,-80.));
#3749=CARTESIAN_POINT('Ctrl Pts',(-3.62611429232847,0.976054721999484,-80.));
#3750=CARTESIAN_POINT('Ctrl Pts',(-3.59040076297547,0.987732120879506,-80.));
#3751=CARTESIAN_POINT('Ctrl Pts',(-3.56603685215924,0.993643037696488,-80.));
#3752=CARTESIAN_POINT('Ctrl Pts',(-3.53508187981659,0.998472235991567,-80.));
#3753=CARTESIAN_POINT('Ctrl Pts',(-3.51003216010204,1.00021694737347,-80.));
#3754=CARTESIAN_POINT('Ctrl Pts',(-3.47868166525056,0.99967192169615,-80.));
#3755=CARTESIAN_POINT('Ctrl Pts',(-3.4537135727724,0.997063992435389,-80.));
#3756=CARTESIAN_POINT('Ctrl Pts',(-3.42294672101548,0.99120273951551,-80.));
#3757=CARTESIAN_POINT('Ctrl Pts',(-3.39878913950584,0.984514856861047,-80.));
#3758=CARTESIAN_POINT('Ctrl Pts',(-3.36932426057502,0.973887616903301,-80.));
#3759=CARTESIAN_POINT('Ctrl Pts',(-3.34636842997989,0.963676539668702,-80.));
#3760=CARTESIAN_POINT('Ctrl Pts',(-3.31287518238424,0.946081198341273,-80.));
#3761=CARTESIAN_POINT('Ctrl Pts',(-3.28059899197362,0.925627554361281,-80.));
#3762=CARTESIAN_POINT('Ctrl Pts',(-3.22381204180434,0.882592785360676,-80.));
#3763=CARTESIAN_POINT('Ctrl Pts',(-3.16534757804557,0.826884985895373,-80.));
#3764=CARTESIAN_POINT('Ctrl Pts',(-3.08137012751592,0.731160931601528,-80.));
#3765=CARTESIAN_POINT('Ctrl Pts',(-3.00946947924799,0.635857564843313,-80.));
#3766=CARTESIAN_POINT('Ctrl Pts',(-2.92156064478578,0.512495656328444,-80.));
#3767=CARTESIAN_POINT('Ctrl Pts',(-2.85266441970197,0.414302646785465,-80.));
#3768=CARTESIAN_POINT('Ctrl Pts',(-2.77703363461085,0.313292219734916,-80.));
#3769=CARTESIAN_POINT('Ctrl Pts',(-2.72793671721928,0.253733173553657,-80.));
#3770=CARTESIAN_POINT('Ctrl Pts',(-2.68063455867905,0.20307226300836,-80.));
#3771=CARTESIAN_POINT('Ctrl Pts',(-2.65019050078309,0.174148987555489,-80.));
#3772=CARTESIAN_POINT('Ctrl Pts',(-2.61410036458977,0.144780236862681,-80.));
#3773=CARTESIAN_POINT('Ctrl Pts',(-2.58712907023465,0.126890241314844,-80.));
#3774=CARTESIAN_POINT('Ctrl Pts',(-2.55950606624401,0.112889996252848,-80.));
#3775=CARTESIAN_POINT('Ctrl Pts',(-2.54269770855717,0.106706418298433,-80.));
#3776=CARTESIAN_POINT('Ctrl Pts',(-2.52698371632389,0.10264828567108,-80.));
#3777=CARTESIAN_POINT('Ctrl Pts',(-2.51697780023075,0.10092913446823,-80.));
#3778=CARTESIAN_POINT('Ctrl Pts',(-2.5048040574626,0.0998767144649616,-80.));
#3779=CARTESIAN_POINT('Ctrl Pts',(-2.49519782186167,0.0998768038176553,
-80.));
#3780=CARTESIAN_POINT('Ctrl Pts',(-2.48302402488658,0.100929455865063,-80.));
#3781=CARTESIAN_POINT('Ctrl Pts',(-2.47301802612076,0.102648806595869,-80.));
#3782=CARTESIAN_POINT('Ctrl Pts',(-2.4573038688358,0.106707271377881,-80.));
#3783=CARTESIAN_POINT('Ctrl Pts',(-2.4404953075807,0.112891228433407,-80.));
#3784=CARTESIAN_POINT('Ctrl Pts',(-2.41287199853696,0.126892114168508,-80.));
#3785=CARTESIAN_POINT('Ctrl Pts',(-2.38590046602503,0.144782720276498,-80.));
#3786=CARTESIAN_POINT('Ctrl Pts',(-2.34981009664792,0.174152216735823,-80.));
#3787=CARTESIAN_POINT('Ctrl Pts',(-2.31936589750319,0.203076054309397,-80.));
#3788=CARTESIAN_POINT('Ctrl Pts',(-2.2720635779636,0.253737718334348,-80.));
#3789=CARTESIAN_POINT('Ctrl Pts',(-2.22296655292464,0.313297384525936,-80.));
#3790=CARTESIAN_POINT('Ctrl Pts',(-2.14733565266851,0.414308445501856,-80.));
#3791=CARTESIAN_POINT('Ctrl Pts',(-2.07843935267263,0.512501694232783,-80.));
#3792=CARTESIAN_POINT('Ctrl Pts',(-1.99053041533048,0.635863503658056,-80.));
#3793=CARTESIAN_POINT('Ctrl Pts',(-1.91862966333679,0.731166492253322,-80.));
#3794=CARTESIAN_POINT('Ctrl Pts',(-1.8346520127951,0.826889836110267,-80.));
#3795=CARTESIAN_POINT('Ctrl Pts',(-1.77618733609116,0.882597024157294,-80.));
#3796=CARTESIAN_POINT('Ctrl Pts',(-1.71940010215892,0.925631109457052,-80.));
#3797=CARTESIAN_POINT('Ctrl Pts',(-1.68712372572408,0.946084329430133,-80.));
#3798=CARTESIAN_POINT('Ctrl Pts',(-1.65363027780183,0.963679192674393,-80.));
#3799=CARTESIAN_POINT('Ctrl Pts',(-1.63067431022632,0.97388992153089,-80.));
#3800=CARTESIAN_POINT('Ctrl Pts',(-1.60120926869158,0.984516685490076,-80.));
#3801=CARTESIAN_POINT('Ctrl Pts',(-1.57705157110187,0.991204154654298,-80.));
#3802=CARTESIAN_POINT('Ctrl Pts',(-1.54628460948055,0.997064856081114,-80.));
#3803=CARTESIAN_POINT('Ctrl Pts',(-1.52131646454575,0.999672321873827,-80.));
#3804=CARTESIAN_POINT('Ctrl Pts',(-1.48996595862217,1.00021675895206,-80.));
#3805=CARTESIAN_POINT('Ctrl Pts',(-1.46491627449922,0.998471578793338,-80.));
#3806=CARTESIAN_POINT('Ctrl Pts',(-1.43396139513844,0.993641817275075,-80.));
#3807=CARTESIAN_POINT('Ctrl Pts',(-1.40959759102608,0.987730474722165,-80.));
#3808=CARTESIAN_POINT('Ctrl Pts',(-1.37388424940442,0.976052485082249,-80.));
#3809=CARTESIAN_POINT('Ctrl Pts',(-1.33937549012414,0.960836683056923,-80.));
#3810=CARTESIAN_POINT('Ctrl Pts',(-1.28998167385225,0.932457464948072,-80.));
#3811=CARTESIAN_POINT('Ctrl Pts',(-1.2483515729677,0.901969501607322,-80.));
#3812=CARTESIAN_POINT('Ctrl Pts',(-1.18847843934467,0.849814266813779,-80.));
#3813=CARTESIAN_POINT('Ctrl Pts',(-1.13141392899769,0.789824171939697,-80.));
#3814=CARTESIAN_POINT('Ctrl Pts',(-1.04877400958005,0.68924964855187,-80.));
#3815=CARTESIAN_POINT('Ctrl Pts',(-0.977584547548569,0.591566332409741,
-80.));
#3816=CARTESIAN_POINT('Ctrl Pts',(-0.890417755698373,0.468047869669991,
-80.));
#3817=CARTESIAN_POINT('Ctrl Pts',(-0.822091064987609,0.372115814723516,
-80.));
#3818=CARTESIAN_POINT('Ctrl Pts',(-0.739090615000806,0.265656956656395,
-80.));
#3819=CARTESIAN_POINT('Ctrl Pts',(-0.675214767929437,0.195310608257632,
-80.));
#3820=CARTESIAN_POINT('Ctrl Pts',(-0.612905310832991,0.142912336368189,
-80.));
#3821=CARTESIAN_POINT('Ctrl Pts',(-0.580024975867021,0.122760607931764,
-80.));
#3822=CARTESIAN_POINT('Ctrl Pts',(-0.556238735258615,0.111834188277271,
-80.));
#3823=CARTESIAN_POINT('Ctrl Pts',(-0.544974323258451,0.107605058869593,
-80.));
#3824=CARTESIAN_POINT('Ctrl Pts',(-0.531613906499011,0.103700239329609,
-80.));
#3825=CARTESIAN_POINT('Ctrl Pts',(-0.521443049660538,0.101604603585354,
-80.));
#3826=CARTESIAN_POINT('Ctrl Pts',(-0.509150115416859,0.100117384626181,
-80.));
#3827=CARTESIAN_POINT('Ctrl Pts',(-0.499527251353949,0.0997862711634913,
-80.));
#3828=CARTESIAN_POINT('Ctrl Pts',(-0.487434158718549,0.100413845614864,
-80.));
#3829=CARTESIAN_POINT('Ctrl Pts',(-0.477568224239633,0.101770725601831,
-80.));
#3830=CARTESIAN_POINT('Ctrl Pts',(-0.464715095594035,0.104651169271474,
-80.));
#3831=CARTESIAN_POINT('Ctrl Pts',(-0.453928405756614,0.107974726521164,
-80.));
#3832=CARTESIAN_POINT('Ctrl Pts',(-0.436837801595251,0.114695079890717,
-80.));
#3833=CARTESIAN_POINT('Ctrl Pts',(-0.418492445047091,0.123872497209238,
-80.));
#3834=CARTESIAN_POINT('Ctrl Pts',(-0.38209099274215,0.146958155893149,-80.));
#3835=CARTESIAN_POINT('Ctrl Pts',(-0.33816965180465,0.183407322360878,-80.));
#3836=CARTESIAN_POINT('Ctrl Pts',(-0.267547706150074,0.257555189791965,
-80.));
#3837=CARTESIAN_POINT('Ctrl Pts',(-0.201398375367495,0.340918414997016,
-80.));
#3838=CARTESIAN_POINT('Ctrl Pts',(-0.116488682574286,0.45778413883565,-80.));
#3839=CARTESIAN_POINT('Ctrl Pts',(-0.0470442381298413,0.557260390624877,
-80.));
#3840=CARTESIAN_POINT('Ctrl Pts',(0.0416571801880607,0.679323564090105,
-80.));
#3841=CARTESIAN_POINT('Ctrl Pts',(0.114396738294371,0.771427327627435,-80.));
#3842=CARTESIAN_POINT('Ctrl Pts',(0.200024792639795,0.861503913440708,-80.));
#3843=CARTESIAN_POINT('Ctrl Pts',(0.260270118368962,0.912436453475354,-80.));
#3844=CARTESIAN_POINT('Ctrl Pts',(0.319354777175131,0.950088983463669,-80.));
#3845=CARTESIAN_POINT('Ctrl Pts',(0.353092753960304,0.967177786496537,-80.));
#3846=CARTESIAN_POINT('Ctrl Pts',(0.388085483132275,0.980969094036732,-80.));
#3847=CARTESIAN_POINT('Ctrl Pts',(0.412021015517077,0.988409756597523,-80.));
#3848=CARTESIAN_POINT('Ctrl Pts',(0.442570664649255,0.995278806880589,-80.));
#3849=CARTESIAN_POINT('Ctrl Pts',(0.467426952392561,0.998737418306353,-80.));
#3850=CARTESIAN_POINT('Ctrl Pts',(0.49873663753494,1.00036885652625,-80.));
#3851=CARTESIAN_POINT('Ctrl Pts',(0.523835995694253,0.999494364396564,-80.));
#3852=CARTESIAN_POINT('Ctrl Pts',(0.55494583922835,0.995716116691381,-80.));
#3853=CARTESIAN_POINT('Ctrl Pts',(0.579497204612099,0.990603175685725,-80.));
#3854=CARTESIAN_POINT('Ctrl Pts',(0.609539565630438,0.981797304830676,-80.));
#3855=CARTESIAN_POINT('Ctrl Pts',(0.632997375852496,0.972923166035219,-80.));
#3856=CARTESIAN_POINT('Ctrl Pts',(0.678655579688534,0.951907068940568,-80.));
#3857=CARTESIAN_POINT('Ctrl Pts',(0.732580800278121,0.917974697955018,-80.));
#3858=CARTESIAN_POINT('Ctrl Pts',(0.817840787626118,0.845700441122748,-80.));
#3859=CARTESIAN_POINT('Ctrl Pts',(0.892853829443638,0.762243668249583,-80.));
#3860=CARTESIAN_POINT('Ctrl Pts',(0.983464490567946,0.646042737232297,-80.));
#3861=CARTESIAN_POINT('Ctrl Pts',(1.05402668874607,0.546844885253847,-80.));
#3862=CARTESIAN_POINT('Ctrl Pts',(1.14047100800698,0.424349060297119,-80.));
#3863=CARTESIAN_POINT('Ctrl Pts',(1.20817043486439,0.331641307298816,-80.));
#3864=CARTESIAN_POINT('Ctrl Pts',(1.28178051544675,0.242098585495996,-80.));
#3865=CARTESIAN_POINT('Ctrl Pts',(1.32888267176645,0.192995321735017,-80.));
#3866=CARTESIAN_POINT('Ctrl Pts',(1.37317620481008,0.154476589180813,-80.));
#3867=CARTESIAN_POINT('Ctrl Pts',(1.40099054836998,0.134322736692116,-80.));
#3868=CARTESIAN_POINT('Ctrl Pts',(1.42972173209808,0.117908433623989,-80.));
#3869=CARTESIAN_POINT('Ctrl Pts',(1.44729630615113,0.11027220461909,-80.));
#3870=CARTESIAN_POINT('Ctrl Pts',(1.46366629786281,0.104933663990927,-80.));
#3871=CARTESIAN_POINT('Ctrl Pts',(1.47402471597267,0.10244567414663,-80.));
#3872=CARTESIAN_POINT('Ctrl Pts',(1.48647261438967,0.100510660843241,-80.));
#3873=CARTESIAN_POINT('Ctrl Pts',(1.49614515248894,0.0998450261803095,-80.));
#3874=CARTESIAN_POINT('Ctrl Pts',(1.50819742434314,0.100053476169206,-80.));
#3875=CARTESIAN_POINT('Ctrl Pts',(1.51795150163056,0.101059920599373,-80.));
#3876=CARTESIAN_POINT('Ctrl Pts',(1.53058731778702,0.103458464386977,-80.));
#3877=CARTESIAN_POINT('Ctrl Pts',(1.54115184241953,0.106355274436679,-80.));
#3878=CARTESIAN_POINT('Ctrl Pts',(1.55508957866257,0.111369864809437,-80.));
#3879=CARTESIAN_POINT('Ctrl Pts',(1.56685583330928,0.116569686001667,-80.));
#3880=CARTESIAN_POINT('Ctrl Pts',(1.58544571872036,0.126320345257707,-80.));
#3881=CARTESIAN_POINT('Ctrl Pts',(1.60525267561886,0.138763292558153,-80.));
#3882=CARTESIAN_POINT('Ctrl Pts',(1.64395155279773,0.168003372258378,-80.));
#3883=CARTESIAN_POINT('Ctrl Pts',(1.68965354276045,0.211009042437475,-80.));
#3884=CARTESIAN_POINT('Ctrl Pts',(1.76192589221876,0.293312335396195,-80.));
#3885=CARTESIAN_POINT('Ctrl Pts',(1.82891402911396,0.381823517441662,-80.));
#3886=CARTESIAN_POINT('Ctrl Pts',(1.91461620288293,0.502104442516102,-80.));
#3887=CARTESIAN_POINT('Ctrl Pts',(1.98460879177593,0.601910289399183,-80.));
#3888=CARTESIAN_POINT('Ctrl Pts',(2.0652278915198,0.709601856176582,-80.));
#3889=CARTESIAN_POINT('Ctrl Pts',(2.12029753314751,0.776656135189008,-80.));
#3890=CARTESIAN_POINT('Ctrl Pts',(2.17716188027459,0.837595489578787,-80.));
#3891=CARTESIAN_POINT('Ctrl Pts',(2.2161621255743,0.874822757374799,-80.));
#3892=CARTESIAN_POINT('Ctrl Pts',(2.26687731175275,0.916175844341514,-80.));
#3893=CARTESIAN_POINT('Ctrl Pts',(2.30935022368526,0.944720056248686,-80.));
#3894=CARTESIAN_POINT('Ctrl Pts',(2.35985191464152,0.970500583589649,-80.));
#3895=CARTESIAN_POINT('Ctrl Pts',(2.39512668671975,0.983699663830934,-80.));
#3896=CARTESIAN_POINT('Ctrl Pts',(2.43149586276813,0.993121552833815,-80.));
#3897=CARTESIAN_POINT('Ctrl Pts',(2.45621208622454,0.997416424273457,-80.));
#3898=CARTESIAN_POINT('Ctrl Pts',(2.48744106702722,1.00012753099956,-80.));
#3899=CARTESIAN_POINT('Ctrl Pts',(2.51255705364851,1.0001277675633,-80.));
#3900=CARTESIAN_POINT('Ctrl Pts',(2.54378608865814,0.997417241542299,-80.));
#3901=CARTESIAN_POINT('Ctrl Pts',(2.56850239478722,0.993122817505246,-80.));
#3902=CARTESIAN_POINT('Ctrl Pts',(2.60487173588727,0.983701556978838,-80.));
#3903=CARTESIAN_POINT('Ctrl Pts',(2.64014671153377,0.970503042016466,-80.));
#3904=CARTESIAN_POINT('Ctrl Pts',(2.69064870754313,0.94472324237973,-80.));
#3905=CARTESIAN_POINT('Ctrl Pts',(2.73312185763245,0.916179572514434,-80.));
#3906=CARTESIAN_POINT('Ctrl Pts',(2.78383727699469,0.874827072129677,-80.));
#3907=CARTESIAN_POINT('Ctrl Pts',(2.82283766354317,0.837600210567669,-80.));
#3908=CARTESIAN_POINT('Ctrl Pts',(2.87970217166961,0.776661380068059,-80.));
#3909=CARTESIAN_POINT('Ctrl Pts',(2.9347719209447,0.709607507153504,-80.));
#3910=CARTESIAN_POINT('Ctrl Pts',(3.01539113585358,0.60191629770585,-80.));
#3911=CARTESIAN_POINT('Ctrl Pts',(3.08538379965867,0.502110470287947,-80.));
#3912=CARTESIAN_POINT('Ctrl Pts',(3.17108607630757,0.381829164789804,-80.));
#3913=CARTESIAN_POINT('Ctrl Pts',(3.23807431692852,0.293317350811041,-80.));
#3914=CARTESIAN_POINT('Ctrl Pts',(3.31034686639887,0.211013015904964,-80.));
#3915=CARTESIAN_POINT('Ctrl Pts',(3.35604906930677,0.168006487584189,-80.));
#3916=CARTESIAN_POINT('Ctrl Pts',(3.3947482302486,0.138765577061164,-80.));
#3917=CARTESIAN_POINT('Ctrl Pts',(3.41455537317131,0.126322177709174,-80.));
#3918=CARTESIAN_POINT('Ctrl Pts',(3.43314545890899,0.116571089255424,-80.));
#3919=CARTESIAN_POINT('Ctrl Pts',(3.44491185053609,0.111370997508673,-80.));
#3920=CARTESIAN_POINT('Ctrl Pts',(3.45884974938305,0.106356095743675,-80.));
#3921=CARTESIAN_POINT('Ctrl Pts',(3.46941439009563,0.103459059876461,-80.));
#3922=CARTESIAN_POINT('Ctrl Pts',(3.48205031611649,0.101060260708494,-80.));
#3923=CARTESIAN_POINT('Ctrl Pts',(3.49180444586055,0.100053629679764,-80.));
#3924=CARTESIAN_POINT('Ctrl Pts',(3.50385672878685,0.099844954069785,-80.));
#3925=CARTESIAN_POINT('Ctrl Pts',(3.51352923129452,0.100510406461728,-80.));
#3926=CARTESIAN_POINT('Ctrl Pts',(3.52597703672964,0.102445173667854,-80.));
#3927=CARTESIAN_POINT('Ctrl Pts',(3.53633534813564,0.104932947011716,-80.));
#3928=CARTESIAN_POINT('Ctrl Pts',(3.55270515211597,0.11027112770084,-80.));
#3929=CARTESIAN_POINT('Ctrl Pts',(3.57027951712274,0.117906951388418,-80.));
#3930=CARTESIAN_POINT('Ctrl Pts',(3.59901040817454,0.134320591702448,-80.));
#3931=CARTESIAN_POINT('Ctrl Pts',(3.62682453415315,0.154473832707182,-80.));
#3932=CARTESIAN_POINT('Ctrl Pts',(3.67111781540207,0.192991688520269,-80.));
#3933=CARTESIAN_POINT('Ctrl Pts',(3.7182198038743,0.242094163844302,-80.));
#3934=CARTESIAN_POINT('Ctrl Pts',(3.79182972150469,0.331635973037488,-80.));
#3935=CARTESIAN_POINT('Ctrl Pts',(3.85952905882112,0.424343223972587,-80.));
#3936=CARTESIAN_POINT('Ctrl Pts',(3.94597327987566,0.546838830654746,-80.));
#3937=CARTESIAN_POINT('Ctrl Pts',(4.01653539777764,0.646036826711174,-80.));
#3938=CARTESIAN_POINT('Ctrl Pts',(4.10714590895577,0.762238293913816,-80.));
#3939=CARTESIAN_POINT('Ctrl Pts',(4.1821587605677,0.845695744809804,-80.));
#3940=CARTESIAN_POINT('Ctrl Pts',(4.26741838104609,0.917970965240441,-80.));
#3941=CARTESIAN_POINT('Ctrl Pts',(4.32134327722753,0.951904043392643,-80.));
#3942=CARTESIAN_POINT('Ctrl Pts',(4.36700120917723,0.972920825336717,-80.));
#3943=CARTESIAN_POINT('Ctrl Pts',(4.39045888597416,0.981795338439486,-80.));
#3944=CARTESIAN_POINT('Ctrl Pts',(4.420501098931,0.990601717539164,-80.));
#3945=CARTESIAN_POINT('Ctrl Pts',(4.44505236875882,0.995715095688512,-80.));
#3946=CARTESIAN_POINT('Ctrl Pts',(4.47616213796171,0.999493916440364,-80.));
#3947=CARTESIAN_POINT('Ctrl Pts',(4.50126147812883,1.00036888060225,-80.));
#3948=CARTESIAN_POINT('Ctrl Pts',(4.53257119624561,0.998738028320598,-80.));
#3949=CARTESIAN_POINT('Ctrl Pts',(4.55742755222704,0.995279873171734,-80.));
#3950=CARTESIAN_POINT('Ctrl Pts',(4.58797732611348,0.988411361091486,-80.));
#3951=CARTESIAN_POINT('Ctrl Pts',(4.61191298210973,0.980971099197809,-80.));
#3952=CARTESIAN_POINT('Ctrl Pts',(4.64690591150399,0.967180343365,-80.));
#3953=CARTESIAN_POINT('Ctrl Pts',(4.68064409480172,0.95009202826663,-80.));
#3954=CARTESIAN_POINT('Ctrl Pts',(4.73972908986039,0.912440272720754,-80.));
#3955=CARTESIAN_POINT('Ctrl Pts',(4.79997468600723,0.861508413052828,-80.));
#3956=CARTESIAN_POINT('Ctrl Pts',(4.88560298851663,0.771432642356542,-80.));
#3957=CARTESIAN_POINT('Ctrl Pts',(4.95834267073707,0.679329364143616,-80.));
#3958=CARTESIAN_POINT('Ctrl Pts',(5.04704420151185,0.557266442104352,-80.));
#3959=CARTESIAN_POINT('Ctrl Pts',(5.11648871918766,0.457790081457009,-80.));
#3960=CARTESIAN_POINT('Ctrl Pts',(5.2013985244361,0.340923814944496,-80.));
#3961=CARTESIAN_POINT('Ctrl Pts',(5.26754797932956,0.257559830789889,-80.));
#3962=CARTESIAN_POINT('Ctrl Pts',(5.33817017314076,0.183410803002054,-80.));
#3963=CARTESIAN_POINT('Ctrl Pts',(5.38209178448735,0.146960726038363,-80.));
#3964=CARTESIAN_POINT('Ctrl Pts',(5.41849357303829,0.123874240564064,-80.));
#3965=CARTESIAN_POINT('Ctrl Pts',(5.43683913609744,0.114696396550687,-80.));
#3966=CARTESIAN_POINT('Ctrl Pts',(5.45392994048319,0.107975656404335,-80.));
#3967=CARTESIAN_POINT('Ctrl Pts',(5.46471675393565,0.104651863821581,-80.));
#3968=CARTESIAN_POINT('Ctrl Pts',(5.47757000734299,0.101771154406724,-80.));
#3969=CARTESIAN_POINT('Ctrl Pts',(5.48743601006822,0.10041408199869,-80.));
#3970=CARTESIAN_POINT('Ctrl Pts',(5.49952913568972,0.0997862797539,-80.));
#3971=CARTESIAN_POINT('Ctrl Pts',(5.50915198177009,0.100117213613269,-80.));
#3972=CARTESIAN_POINT('Ctrl Pts',(5.52144484169308,0.101604194344319,-80.));
#3973=CARTESIAN_POINT('Ctrl Pts',(5.53161560298213,0.103699622459697,-80.));
#3974=CARTESIAN_POINT('Ctrl Pts',(5.54497587168517,0.107604153625148,-80.));
#3975=CARTESIAN_POINT('Ctrl Pts',(5.55624015026196,0.111833029126255,-80.));
#3976=CARTESIAN_POINT('Ctrl Pts',(5.58002611898393,0.1227589016451,-80.));
#3977=CARTESIAN_POINT('Ctrl Pts',(5.61290612953473,0.142909866248335,-80.));
#3978=CARTESIAN_POINT('Ctrl Pts',(5.6752152197508,0.19530687029708,-80.));
#3979=CARTESIAN_POINT('Ctrl Pts',(5.73909087661061,0.265652222181244,-80.));
#3980=CARTESIAN_POINT('Ctrl Pts',(5.82209117664773,0.372110219117734,-80.));
#3981=CARTESIAN_POINT('Ctrl Pts',(5.89041778708136,0.468041903159139,-80.));
#3982=CARTESIAN_POINT('Ctrl Pts',(5.9775844807255,0.59156030800185,-80.));
#3983=CARTESIAN_POINT('Ctrl Pts',(6.04877385321756,0.689243888257171,-80.));
#3984=CARTESIAN_POINT('Ctrl Pts',(6.13141360968756,0.78981901145253,-80.));
#3985=CARTESIAN_POINT('Ctrl Pts',(6.1884779521924,0.849809652007715,-80.));
#3986=CARTESIAN_POINT('Ctrl Pts',(6.24835083402811,0.901965551751327,-80.));
#3987=CARTESIAN_POINT('Ctrl Pts',(6.28998071733699,0.932454024575123,-80.));
#3988=CARTESIAN_POINT('Ctrl Pts',(6.33937424093677,0.960833920753483,-80.));
#3989=CARTESIAN_POINT('Ctrl Pts',(6.37388279117046,0.976050248075345,-80.));
#3990=CARTESIAN_POINT('Ctrl Pts',(6.40959594505606,0.987728828464658,-80.));
#3991=CARTESIAN_POINT('Ctrl Pts',(6.43395964245902,0.993640596747078,-80.));
#3992=CARTESIAN_POINT('Ctrl Pts',(6.46491442882829,0.99847092148267,-80.));
#3993=CARTESIAN_POINT('Ctrl Pts',(6.48996407735029,1.00021657041588,-80.));
#3994=CARTESIAN_POINT('Ctrl Pts',(6.52131459433402,0.99967272193746,-80.));
#3995=CARTESIAN_POINT('Ctrl Pts',(6.54628279171661,0.997065719616191,-80.));
#3996=CARTESIAN_POINT('Ctrl Pts',(6.57704986319373,0.991205569689235,-80.));
#3997=CARTESIAN_POINT('Ctrl Pts',(6.60120767685894,0.984518514022055,-80.));
#3998=CARTESIAN_POINT('Ctrl Pts',(6.63067288099479,0.973892226070239,-80.));
#3999=CARTESIAN_POINT('Ctrl Pts',(6.65362898555048,0.963681845598681,-80.));
#4000=CARTESIAN_POINT('Ctrl Pts',(6.68712263380105,0.946087460446779,-80.));
#4001=CARTESIAN_POINT('Ctrl Pts',(6.71939919626373,0.92563466448824,-80.));
#4002=CARTESIAN_POINT('Ctrl Pts',(6.77618671396629,0.882601262900281,-80.));
#4003=CARTESIAN_POINT('Ctrl Pts',(6.83465160362234,0.826894686280472,-80.));
#4004=CARTESIAN_POINT('Ctrl Pts',(6.91862945418175,0.731172052874935,-80.));
#4005=CARTESIAN_POINT('Ctrl Pts',(6.9905303099035,0.635869442457583,-80.));
#4006=CARTESIAN_POINT('Ctrl Pts',(7.07843935012654,0.512507732142841,-80.));
#4007=CARTESIAN_POINT('Ctrl Pts',(7.14733572503404,0.414314244241698,-80.));
#4008=CARTESIAN_POINT('Ctrl Pts',(7.22296674045291,0.31330254935982,-80.));
#4009=CARTESIAN_POINT('Ctrl Pts',(7.27206387313627,0.253742263170115,-80.));
#4010=CARTESIAN_POINT('Ctrl Pts',(7.31936635367037,0.203079845675753,-80.));
#4011=CARTESIAN_POINT('Ctrl Pts',(7.34981069405949,0.174155445986897,-80.));
#4012=CARTESIAN_POINT('Ctrl Pts',(7.38590129661389,0.144785203764436,-80.));
#4013=CARTESIAN_POINT('Ctrl Pts',(7.4128730672772,0.1268939870951,-80.));
#4014=CARTESIAN_POINT('Ctrl Pts',(7.44049668137168,0.112892460679768,-80.));
#4015=CARTESIAN_POINT('Ctrl Pts',(7.4573054461978,0.106708124515534,-80.));
#4016=CARTESIAN_POINT('Ctrl Pts',(7.473019768542,0.102649327571479,-80.));
#4017=CARTESIAN_POINT('Ctrl Pts',(7.48302584998788,0.100929777308582,-80.));
#4018=CARTESIAN_POINT('Ctrl Pts',(7.49519970118113,0.0998768932141943,-80.));
#4019=CARTESIAN_POINT('Ctrl Pts',(7.50480593679182,0.0998766251561127,-80.));
#4020=CARTESIAN_POINT('Ctrl Pts',(7.51697962536423,0.100928813118081,-80.));
#4021=CARTESIAN_POINT('Ctrl Pts',(7.5269854587921,0.10264776479711,-80.));
#4022=CARTESIAN_POINT('Ctrl Pts',(7.54269928598127,0.106705565277189,-80.));
#4023=CARTESIAN_POINT('Ctrl Pts',(7.55950744010259,0.112888764138088,-80.));
#4024=CARTESIAN_POINT('Ctrl Pts',(7.58713013903777,0.126888368534108,-80.));
#4025=CARTESIAN_POINT('Ctrl Pts',(7.61410119523066,0.144777753522986,-80.));
#4026=CARTESIAN_POINT('Ctrl Pts',(7.65019109823369,0.174145758445897,-80.));
#4027=CARTESIAN_POINT('Ctrl Pts',(7.68063501487651,0.203068471772643,-80.));
#4028=CARTESIAN_POINT('Ctrl Pts',(7.7279370124125,0.253728628828047,-80.));
#4029=CARTESIAN_POINT('Ctrl Pts',(7.77703382215372,0.313287054986761,-80.));
#4030=CARTESIAN_POINT('Ctrl Pts',(7.85266449207755,0.414296848092524,-80.));
#4031=CARTESIAN_POINT('Ctrl Pts',(7.92156064224882,0.512489618429824,-80.));
#4032=CARTESIAN_POINT('Ctrl Pts',(8.00946937383203,0.635851626013355,-80.));
#4033=CARTESIAN_POINT('Ctrl Pts',(8.08136991837652,0.731155370919557,-80.));
#4034=CARTESIAN_POINT('Ctrl Pts',(8.16534716889983,0.826880135635787,-80.));
#4035=CARTESIAN_POINT('Ctrl Pts',(8.22381141972034,0.882588546510423,-80.));
#4036=CARTESIAN_POINT('Ctrl Pts',(8.28059808613401,0.925623999200927,-80.));
#4037=CARTESIAN_POINT('Ctrl Pts',(8.31287409052407,0.946078067180198,-80.));
#4038=CARTESIAN_POINT('Ctrl Pts',(8.34636713779484,0.963673886581607,-80.));
#4039=CARTESIAN_POINT('Ctrl Pts',(8.36932283140938,0.973885312187475,-80.));
#4040=CARTESIAN_POINT('Ctrl Pts',(8.39878754773347,0.984513028134968,-80.));
#4041=CARTESIAN_POINT('Ctrl Pts',(8.42294501315848,0.99120132427287,-80.));
#4042=CARTESIAN_POINT('Ctrl Pts',(8.45371175504237,0.997063128679019,-80.));
#4043=CARTESIAN_POINT('Ctrl Pts',(8.47867979505505,0.999671521404431,-80.));
#4044=CARTESIAN_POINT('Ctrl Pts',(8.51003027882249,1.00021713568012,-80.));
#4045=CARTESIAN_POINT('Ctrl Pts',(8.53508003411929,0.998472893077357,-80.));
#4046=CARTESIAN_POINT('Ctrl Pts',(8.5660350994342,0.993644258011316,-80.));
#4047=CARTESIAN_POINT('Ctrl Pts',(8.59039911694872,0.987733766936679,-80.));
#4048=CARTESIAN_POINT('Ctrl Pts',(8.62611283402838,0.976056958827048,-80.));
#4049=CARTESIAN_POINT('Ctrl Pts',(8.66062201140092,0.960842207426348,-80.));
#4050=CARTESIAN_POINT('Ctrl Pts',(8.7100164130296,0.932464345494552,-80.));
#4051=CARTESIAN_POINT('Ctrl Pts',(8.75164694908237,0.90197740114475,-80.));
#4052=CARTESIAN_POINT('Ctrl Pts',(8.81152058630216,0.84982349628174,-80.));
#4053=CARTESIAN_POINT('Ctrl Pts',(8.86858543234942,0.789834492796666,-80.));
#4054=CARTESIAN_POINT('Ctrl Pts',(8.95122567767532,0.689261169070152,-80.));
#4055=CARTESIAN_POINT('Ctrl Pts',(9.02241531879034,0.591578381201912,-80.));
#4056=CARTESIAN_POINT('Ctrl Pts',(9.10958230705359,0.468059802732528,-80.));
#4057=CARTESIAN_POINT('Ctrl Pts',(9.17790915831566,0.372127006029284,-80.));
#4058=CARTESIAN_POINT('Ctrl Pts',(9.26090990819131,0.265666425763832,-80.));
#4059=CARTESIAN_POINT('Ctrl Pts',(9.3247861356679,0.195318084380759,-80.));
#4060=CARTESIAN_POINT('Ctrl Pts',(9.38709632649275,0.142917276834273,-80.));
#4061=CARTESIAN_POINT('Ctrl Pts',(9.41997731026805,0.122764020720497,-80.));
#4062=CARTESIAN_POINT('Ctrl Pts',(9.44376409464899,0.111836506771553,-80.));
#4063=CARTESIAN_POINT('Ctrl Pts',(9.45502877350117,0.107606869536264,-80.));
#4064=CARTESIAN_POINT('Ctrl Pts',(9.46838948638871,0.103701473228369,-80.));
#4065=CARTESIAN_POINT('Ctrl Pts',(9.47856053434555,0.101605422212518,-80.));
#4066=CARTESIAN_POINT('Ctrl Pts',(9.49085361726216,0.100117726785635,-80.));
#4067=CARTESIAN_POINT('Ctrl Pts',(9.50047651731911,0.0997862541133889,-80.));
#4068=CARTESIAN_POINT('Ctrl Pts',(9.5125695440174,0.100413372983174,-80.));
#4069=CARTESIAN_POINT('Ctrl Pts',(9.52243534202826,0.101769868138543,-80.));
#4070=CARTESIAN_POINT('Ctrl Pts',(9.53528822117282,0.104649780335266,-80.));
#4071=CARTESIAN_POINT('Ctrl Pts',(9.54607466379093,0.107972866934261,-80.));
#4072=CARTESIAN_POINT('Ctrl Pts',(9.56316486750982,0.114692446770906,-80.));
#4073=CARTESIAN_POINT('Ctrl Pts',(9.58150981103131,0.123869010714804,-80.));
#4074=CARTESIAN_POINT('Ctrl Pts',(9.61791059082474,0.146953015827135,-80.));
#4075=CARTESIAN_POINT('Ctrl Pts',(9.66183139091832,0.183400361286487,-80.));
#4076=CARTESIAN_POINT('Ctrl Pts',(9.73245284023758,0.257545907958851,-80.));
#4077=CARTESIAN_POINT('Ctrl Pts',(9.79860192278865,0.340907615214102,-80.));
#4078=CARTESIAN_POINT('Ctrl Pts',(9.88351139066644,0.457772253639358,-80.));
#4079=CARTESIAN_POINT('Ctrl Pts',(9.95295568864816,0.55724828765982,-80.));
#4080=CARTESIAN_POINT('Ctrl Pts',(10.0416568820573,0.679311963916415,-80.));
#4081=CARTESIAN_POINT('Ctrl Pts',(10.1143961919451,0.771416698060573,-80.));
#4082=CARTESIAN_POINT('Ctrl Pts',(10.2000237499846,0.861494914066314,-80.));
#4083=CARTESIAN_POINT('Ctrl Pts',(10.2602685349041,0.912428814804709,-80.));
#4084=CARTESIAN_POINT('Ctrl Pts',(10.3193525212248,0.950082893636632,-80.));
#4085=CARTESIAN_POINT('Ctrl Pts',(10.3530900849896,0.967172672509533,-80.));
#4086=CARTESIAN_POINT('Ctrl Pts',(10.3880824137107,0.98096508343298,-80.));
#4087=CARTESIAN_POINT('Ctrl Pts',(10.4120176988618,0.988406547306881,-80.));
#4088=CARTESIAN_POINT('Ctrl Pts',(10.442567098463,0.995276673972927,-80.));
#4089=CARTESIAN_POINT('Ctrl Pts',(10.4674232497055,0.998736197939409,-80.));
#4090=CARTESIAN_POINT('Ctrl Pts',(10.498732868864,1.00036880802936,-80.));
#4091=CARTESIAN_POINT('Ctrl Pts',(10.5238322629787,0.999495259967615,-80.));
#4092=CARTESIAN_POINT('Ctrl Pts',(10.5549422551437,0.995718158370015,-80.));
#4093=CARTESIAN_POINT('Ctrl Pts',(10.5794938116198,0.990606091669394,-80.));
#4094=CARTESIAN_POINT('Ctrl Pts',(10.6095364687458,0.981801237329161,-80.));
#4095=CARTESIAN_POINT('Ctrl Pts',(10.6329945458129,0.972927847169717,-80.));
#4096=CARTESIAN_POINT('Ctrl Pts',(10.6786532934219,0.951913119813936,-80.));
#4097=CARTESIAN_POINT('Ctrl Pts',(10.7325791628488,0.917982163201225,-80.));
#4098=CARTESIAN_POINT('Ctrl Pts',(10.8178398839684,0.84570983360718,-80.));
#4099=CARTESIAN_POINT('Ctrl Pts',(10.892853306215,0.762254416816002,-80.));
#4100=CARTESIAN_POINT('Ctrl Pts',(10.9834642672421,0.646054558224081,-80.));
#4101=CARTESIAN_POINT('Ctrl Pts',(11.0540266259755,0.546856994451269,-80.));
#4102=CARTESIAN_POINT('Ctrl Pts',(11.1404711416482,0.424360733010881,-80.));
#4103=CARTESIAN_POINT('Ctrl Pts',(11.2081707475829,0.331651975939212,-80.));
#4104=CARTESIAN_POINT('Ctrl Pts',(11.2817811540562,0.242107428971285,-80.));
#4105=CARTESIAN_POINT('Ctrl Pts',(11.3288836460548,0.193002588367227,-80.));
#4106=CARTESIAN_POINT('Ctrl Pts',(11.3731776826658,0.154482102348274,-80.));
#4107=CARTESIAN_POINT('Ctrl Pts',(11.4009924613714,0.134327026893544,-80.));
#4108=CARTESIAN_POINT('Ctrl Pts',(11.4297242304395,0.117911398302839,-80.));
#4109=CARTESIAN_POINT('Ctrl Pts',(11.4472992225861,0.110274358643813,-80.));
#4110=CARTESIAN_POINT('Ctrl Pts',(11.4636695897746,0.104935098115069,-80.));
#4111=CARTESIAN_POINT('Ctrl Pts',(11.4740282213088,0.102446675255084,-80.));
#4112=CARTESIAN_POINT('Ctrl Pts',(11.4864763057184,0.100511169743178,-80.));
#4113=CARTESIAN_POINT('Ctrl Pts',(11.4961489150289,0.0998451705325601,-80.));
#4114=CARTESIAN_POINT('Ctrl Pts',(11.5082011647748,0.100053169281062,-80.));
#4115=CARTESIAN_POINT('Ctrl Pts',(11.5179551371755,0.101059240522385,-80.));
#4116=CARTESIAN_POINT('Ctrl Pts',(11.530590733629,0.103457273565278,-80.));
#4117=CARTESIAN_POINT('Ctrl Pts',(11.541155026115,0.106353631995299,-80.));
#4118=CARTESIAN_POINT('Ctrl Pts',(11.5550924371586,0.111367599601757,-80.));
#4119=CARTESIAN_POINT('Ctrl Pts',(11.5668584178452,0.116566879697311,-80.));
#4120=CARTESIAN_POINT('Ctrl Pts',(11.5854479025979,0.126316680571055,-80.));
#4121=CARTESIAN_POINT('Ctrl Pts',(11.6052544874371,0.138758723773936,-80.));
#4122=CARTESIAN_POINT('Ctrl Pts',(11.643952797068,0.16799714182325,-80.));
#4123=CARTESIAN_POINT('Ctrl Pts',(11.6896543611196,0.211001095693683,-80.));
#4124=CARTESIAN_POINT('Ctrl Pts',(11.7619263105367,0.293302304707207,-80.));
#4125=CARTESIAN_POINT('Ctrl Pts',(11.8289142399735,0.381812222833894,-80.));
#4126=CARTESIAN_POINT('Ctrl Pts',(11.9146162079797,0.50209238699506,-80.));
#4127=CARTESIAN_POINT('Ctrl Pts',(11.98460864705,0.601898272757121,-80.));
#4128=CARTESIAN_POINT('Ctrl Pts',(12.0652275164706,0.709590554142037,-80.));
#4129=CARTESIAN_POINT('Ctrl Pts',(12.1202969428125,0.776645645319987,-80.));
#4130=CARTESIAN_POINT('Ctrl Pts',(12.1771609679554,0.837586047461881,-80.));
#4131=CARTESIAN_POINT('Ctrl Pts',(12.2161609307708,0.874814127707232,-80.));
#4132=CARTESIAN_POINT('Ctrl Pts',(12.2668756506011,0.916168387810654,-80.));
#4133=CARTESIAN_POINT('Ctrl Pts',(12.3093480862363,0.944713683773475,-80.));
#4134=CARTESIAN_POINT('Ctrl Pts',(12.3598491670935,0.970495666480502,-80.));
#4135=CARTESIAN_POINT('Ctrl Pts',(12.3951235320269,0.983695877246584,-80.));
#4136=CARTESIAN_POINT('Ctrl Pts',(12.4314923779492,0.993119023173146,-80.));
#4137=CARTESIAN_POINT('Ctrl Pts',(12.4562084360381,0.997414789402382,-80.));
#4138=CARTESIAN_POINT('Ctrl Pts',(12.4874373083932,1.00012705752819,-80.));
#4139=CARTESIAN_POINT('Ctrl Pts',(12.5125532949853,1.00012824034687,-80.));
#4140=CARTESIAN_POINT('Ctrl Pts',(12.5437824383752,0.997418875746587,-80.));
#4141=CARTESIAN_POINT('Ctrl Pts',(12.5684989098274,0.993125346530289,-80.));
#4142=CARTESIAN_POINT('Ctrl Pts',(12.6048685810081,0.983705342986111,-80.));
#4143=CARTESIAN_POINT('Ctrl Pts',(12.6401439637829,0.970507958614583,-80.));
#4144=CARTESIAN_POINT('Ctrl Pts',(12.6906465699055,0.944729614428688,-80.));
#4145=CARTESIAN_POINT('Ctrl Pts',(12.7331201963247,0.916187028675249,-80.));
#4146=CARTESIAN_POINT('Ctrl Pts',(12.783836082074,0.874835701481619,-80.));
#4147=CARTESIAN_POINT('Ctrl Pts',(12.8228367511332,0.837609652406287,-80.));
#4148=CARTESIAN_POINT('Ctrl Pts',(12.8797015812729,0.776671869715229,-80.));
#4149=CARTESIAN_POINT('Ctrl Pts',(12.9347715458517,0.70961880902664,-80.));
#4150=CARTESIAN_POINT('Ctrl Pts',(13.0153909910975,0.601928314290457,-80.));
#4151=CARTESIAN_POINT('Ctrl Pts',(13.0853838047281,0.502122525854278,-80.));
#4152=CARTESIAN_POINT('Ctrl Pts',(13.171086287134,0.381840459574599,-80.));
#4153=CARTESIAN_POINT('Ctrl Pts',(13.2380747351996,0.29332738178143,-80.));
#4154=CARTESIAN_POINT('Ctrl Pts',(13.3103476846769,0.211020963031124,-80.));
#4155=CARTESIAN_POINT('Ctrl Pts',(13.3560503134544,0.1680127184523,-80.));
#4156=CARTESIAN_POINT('Ctrl Pts',(13.3947500419001,0.138770146288991,-80.));
#4157=CARTESIAN_POINT('Ctrl Pts',(13.4145575568603,0.126325842828393,-80.));
#4158=CARTESIAN_POINT('Ctrl Pts',(13.433148043246,0.116573895966098,-80.));
#4159=CARTESIAN_POINT('Ctrl Pts',(13.4449147088345,0.11137326309794,-80.));
#4160=CARTESIAN_POINT('Ctrl Pts',(13.4588529328977,0.106357738530287,-80.));
#4161=CARTESIAN_POINT('Ctrl Pts',(13.4694178057841,0.103460251012704,-80.));
#4162=CARTESIAN_POINT('Ctrl Pts',(13.4820539515596,0.101060941067992,-80.));
#4163=CARTESIAN_POINT('Ctrl Pts',(13.4918081862435,0.100053936833855,-80.));
#4164=CARTESIAN_POINT('Ctrl Pts',(13.5038604913499,0.0998448099799366,-80.));
#4165=CARTESIAN_POINT('Ctrl Pts',(13.5135329227024,0.100509897835609,-80.));
#4166=CARTESIAN_POINT('Ctrl Pts',(13.5259805422026,0.102444172861198,-80.));
#4167=CARTESIAN_POINT('Ctrl Pts',(13.5363386402176,0.104931513219006,-80.));
#4168=CARTESIAN_POINT('Ctrl Pts',(13.5527080687493,0.110268974052559,-80.));
#4169=CARTESIAN_POINT('Ctrl Pts',(13.5702820156644,0.117903987124981,-80.));
#4170=CARTESIAN_POINT('Ctrl Pts',(13.5990123213511,0.1343163019452,-80.));
#4171=CARTESIAN_POINT('Ctrl Pts',(13.6268260121502,0.154468319980117,-80.));
#4172=CARTESIAN_POINT('Ctrl Pts',(13.6711187897877,0.192984422293491,-80.));
#4173=CARTESIAN_POINT('Ctrl Pts',(13.7182204425489,0.242085320712813,-80.));
#4174=CARTESIAN_POINT('Ctrl Pts',(13.7918300342624,0.33162530463258,-80.));
#4175=CARTESIAN_POINT('Ctrl Pts',(13.8595291924921,0.424331551388224,-80.));
#4176=CARTESIAN_POINT('Ctrl Pts',(13.945973217133,0.546826721455769,-80.));
#4177=CARTESIAN_POINT('Ctrl Pts',(14.0165351744856,0.646025005618473,-80.));
#4178=CARTESIAN_POINT('Ctrl Pts',(14.1071453857819,0.76222754513717,-80.));
#4179=CARTESIAN_POINT('Ctrl Pts',(14.1821578570006,0.845686352042463,-80.));
#4180=CARTESIAN_POINT('Ctrl Pts',(14.2674167437721,0.917963499628345,-80.));
#4181=CARTESIAN_POINT('Ctrl Pts',(14.3213409911583,0.95189799207432,-80.));
#4182=CARTESIAN_POINT('Ctrl Pts',(14.3669983793356,0.972916143677214,-80.));
#4183=CARTESIAN_POINT('Ctrl Pts',(14.390455789277,0.981791405373218,-80.));
#4184=CARTESIAN_POINT('Ctrl Pts',(14.4204977060956,0.990598800936595,-80.));
#4185=CARTESIAN_POINT('Ctrl Pts',(14.445048784792,0.995713053355677,-80.));
#4186=CARTESIAN_POINT('Ctrl Pts',(14.476158405301,0.999493020186622,-80.));
#4187=CARTESIAN_POINT('Ctrl Pts',(14.5012577094547,1.00036892840936,-80.));
#4188=CARTESIAN_POINT('Ctrl Pts',(14.5325674934852,0.99873924801063,-80.));
#4189=CARTESIAN_POINT('Ctrl Pts',(14.5574239859183,0.995282005428644,-80.));
#4190=CARTESIAN_POINT('Ctrl Pts',(14.5879740092908,0.988414569776689,-80.));
#4191=CARTESIAN_POINT('Ctrl Pts',(14.6119099124992,0.980975109238351,-80.));
#4192=CARTESIAN_POINT('Ctrl Pts',(14.6469032423317,0.967185456851845,-80.));
#4193=CARTESIAN_POINT('Ctrl Pts',(14.6806418386593,0.950098117651427,-80.));
#4194=CARTESIAN_POINT('Ctrl Pts',(14.7397275062424,0.912447911031705,-80.));
#4195=CARTESIAN_POINT('Ctrl Pts',(14.7999736432504,0.861517412126911,-80.));
#4196=CARTESIAN_POINT('Ctrl Pts',(14.8856024421098,0.771443271706103,-80.));
#4197=CARTESIAN_POINT('Ctrl Pts',(14.9583423725682,0.679340964183968,-80.));
#4198=CARTESIAN_POINT('Ctrl Pts',(15.0470441282618,0.557278545057189,-80.));
#4199=CARTESIAN_POINT('Ctrl Pts',(15.1164887924003,0.457801966746151,-80.));
#4200=CARTESIAN_POINT('Ctrl Pts',(15.2013988225542,0.3409346149515,-80.));
#4201=CARTESIAN_POINT('Ctrl Pts',(15.2675485256597,0.257569112948469,-80.));
#4202=CARTESIAN_POINT('Ctrl Pts',(15.3381712157621,0.183417764492362,-80.));
#4203=CARTESIAN_POINT('Ctrl Pts',(15.3820933679011,0.146965866553208,-80.));
#4204=CARTESIAN_POINT('Ctrl Pts',(15.4184958289245,0.123877727488936,-80.));
#4205=CARTESIAN_POINT('Ctrl Pts',(15.436841805001,0.114699030070762,-80.));
#4206=CARTESIAN_POINT('Ctrl Pts',(15.4539330098418,0.10797751635012,-80.));
#4207=CARTESIAN_POINT('Ctrl Pts',(15.4647200705351,0.104653253085811,-80.));
#4208=CARTESIAN_POINT('Ctrl Pts',(15.4775735734884,0.101772012163017,-80.));
#4209=CARTESIAN_POINT('Ctrl Pts',(15.4874397127308,0.100414554902308,-80.));
#4210=CARTESIAN_POINT('Ctrl Pts',(15.4995329043596,0.0997862970654333,-80.));
#4211=CARTESIAN_POINT('Ctrl Pts',(15.5091557145038,0.100116871721069,-80.));
#4212=CARTESIAN_POINT('Ctrl Pts',(15.521448425817,0.101603376007336,-80.));
#4213=CARTESIAN_POINT('Ctrl Pts',(15.5316189960267,0.103698388878804,-80.));
#4214=CARTESIAN_POINT('Ctrl Pts',(15.5449789686323,0.107602343314034,-80.));
#4215=CARTESIAN_POINT('Ctrl Pts',(15.5562429803676,0.111830711016467,-80.));
#4216=CARTESIAN_POINT('Ctrl Pts',(15.5800284053164,0.122755489287176,-80.));
#4217=CARTESIAN_POINT('Ctrl Pts',(15.6129077670158,0.142904926235004,-80.));
#4218=CARTESIAN_POINT('Ctrl Pts',(15.6752161234388,0.195299394578006,-80.));
#4219=CARTESIAN_POINT('Ctrl Pts',(15.7390913998575,0.265642753388086,-80.));
#4220=CARTESIAN_POINT('Ctrl Pts',(15.8220913999848,0.372099028000381,-80.));
#4221=CARTESIAN_POINT('Ctrl Pts',(15.8904178498612,0.468029970178273,-80.));
#4222=CARTESIAN_POINT('Ctrl Pts',(15.9775843470942,0.591548259162458,-80.));
#4223=CARTESIAN_POINT('Ctrl Pts',(16.0487735405121,0.689232367596658,-80.));
#4224=CARTESIAN_POINT('Ctrl Pts',(16.1314129710998,0.789808690360832,-80.));
#4225=CARTESIAN_POINT('Ctrl Pts',(16.1884769779364,0.84980042225143,-80.));
#4226=CARTESIAN_POINT('Ctrl Pts',(16.2483493562195,0.90195765186477,-80.));
#4227=CARTESIAN_POINT('Ctrl Pts',(16.2899788043939,0.93244714362981,-80.));
#4228=CARTESIAN_POINT('Ctrl Pts',(16.3393717426621,0.960828395909154,-80.));
#4229=CARTESIAN_POINT('Ctrl Pts',(16.3738798748017,0.976045773792534,-80.));
#4230=CARTESIAN_POINT('Ctrl Pts',(16.409592653201,0.987725535649149,-80.));
#4231=CARTESIAN_POINT('Ctrl Pts',(16.4339561371685,0.993638155371335,-80.));
#4232=CARTESIAN_POINT('Ctrl Pts',(16.4649107375259,0.998469606524019,-80.));
#4233=CARTESIAN_POINT('Ctrl Pts',(16.4899603148179,1.00021619299923,-80.));
#4234=CARTESIAN_POINT('Ctrl Pts',(16.5213108538861,0.999673521722596,-80.));
#4235=CARTESIAN_POINT('Ctrl Pts',(16.5462791561378,0.997067446354403,-80.));
#4236=CARTESIAN_POINT('Ctrl Pts',(16.5770464473006,0.991208399447536,-80.));
#4237=CARTESIAN_POINT('Ctrl Pts',(16.6012044931031,0.984522170794847,-80.));
#4238=CARTESIAN_POINT('Ctrl Pts',(16.6306700224329,0.973896834884213,-80.));
#4239=CARTESIAN_POINT('Ctrl Pts',(16.6536264009483,0.963687151203034,-80.));
#4240=CARTESIAN_POINT('Ctrl Pts',(16.6871204498606,0.946093722263416,-80.));
#4241=CARTESIAN_POINT('Ctrl Pts',(16.7193973843899,0.925641774356858,-80.));
#4242=CARTESIAN_POINT('Ctrl Pts',(16.7761854696551,0.882609740225351,-80.));
#4243=CARTESIAN_POINT('Ctrl Pts',(16.8346507852362,0.826904386486803,-80.));
#4244=CARTESIAN_POINT('Ctrl Pts',(16.9186290358482,0.731183174027628,-80.));
#4245=CARTESIAN_POINT('Ctrl Pts',(16.990530099033,0.635881320010988,-80.));
#4246=CARTESIAN_POINT('Ctrl Pts',(17.0784393450206,0.512519807980108,-80.));
#4247=CARTESIAN_POINT('Ctrl Pts',(17.1473358697499,0.414325841791727,-80.));
#4248=CARTESIAN_POINT('Ctrl Pts',(17.2229671154875,0.313312879156175,-80.));
#4249=CARTESIAN_POINT('Ctrl Pts',(17.2720644634508,0.253751353006885,-80.));
#4250=CARTESIAN_POINT('Ctrl Pts',(17.3193672659592,0.203087428604419,-80.));
#4251=CARTESIAN_POINT('Ctrl Pts',(17.349811888824,0.174161904701268,-80.));
#4252=CARTESIAN_POINT('Ctrl Pts',(17.3859029577136,0.144790170962676,-80.));
#4253=CARTESIAN_POINT('Ctrl Pts',(17.4128752046634,0.126897733167071,-80.));
#4254=CARTESIAN_POINT('Ctrl Pts',(17.4404994288521,0.112894925369897,-80.));
#4255=CARTESIAN_POINT('Ctrl Pts',(17.4573086008286,0.10670983096546,-80.));
#4256=CARTESIAN_POINT('Ctrl Pts',(17.4730232533139,0.102650369675164,-80.));
#4257=CARTESIAN_POINT('Ctrl Pts',(17.4830295001421,0.100930420335678,-80.));
#4258=CARTESIAN_POINT('Ctrl Pts',(17.4952034598053,0.0998770721388089,-80.));
#4259=CARTESIAN_POINT('Ctrl Pts',(17.5048096954648,0.0998764466699488,-80.));
#4260=CARTESIAN_POINT('Ctrl Pts',(17.5169832756794,0.100928170557834,-80.));
#4261=CARTESIAN_POINT('Ctrl Pts',(17.5269889437989,0.102646723201623,-80.));
#4262=CARTESIAN_POINT('Ctrl Pts',(17.5427024409226,0.106703859409307,-80.));
#4263=CARTESIAN_POINT('Ctrl Pts',(17.5595101879211,0.112886300105964,-80.));
#4264=CARTESIAN_POINT('Ctrl Pts',(17.5871322767383,0.126884623191417,-80.));
#4265=CARTESIAN_POINT('Ctrl Pts',(17.6141028565904,0.144772787065961,-80.));
#4266=CARTESIAN_POINT('Ctrl Pts',(17.6501922931934,0.17413930043894,-80.));
#4267=CARTESIAN_POINT('Ctrl Pts',(17.6806359273168,0.203060889497171,-80.));
#4268=CARTESIAN_POINT('Ctrl Pts',(17.7279376028297,0.253719539542067,-80.));
#4269=CARTESIAN_POINT('Ctrl Pts',(17.7770341972613,0.313276725619048,-80.));
#4270=CARTESIAN_POINT('Ctrl Pts',(17.8526646368437,0.414285250776997,-80.));
#4271=CARTESIAN_POINT('Ctrl Pts',(17.9215606371885,0.512477542649746,-80.));
#4272=CARTESIAN_POINT('Ctrl Pts',(18.0094691630166,0.635839748307796,-80.));
#4273=CARTESIAN_POINT('Ctrl Pts',(18.0813695001211,0.731144249465085,-80.));
#4274=CARTESIAN_POINT('Ctrl Pts',(18.1653463506488,0.826870434982555,-80.));
#4275=CARTESIAN_POINT('Ctrl Pts',(18.2238101756136,0.882580068649039,-80.));
#4276=CARTESIAN_POINT('Ctrl Pts',(18.2805962745381,0.925616888686474,-80.));
#4277=CARTESIAN_POINT('Ctrl Pts',(18.3128719068979,0.946071804641408,-80.));
#4278=CARTESIAN_POINT('Ctrl Pts',(18.3463645535241,0.963668580163216,-80.));
#4279=CARTESIAN_POINT('Ctrl Pts',(18.3693199731768,0.973880702491116,-80.));
#4280=CARTESIAN_POINT('Ctrl Pts',(18.3987843642791,0.984509370391662,-80.));
#4281=CARTESIAN_POINT('Ctrl Pts',(18.4229415975211,0.991198493476036,-80.));
#4282=CARTESIAN_POINT('Ctrl Pts',(18.4537081196332,0.997061400834346,-80.));
#4283=CARTESIAN_POINT('Ctrl Pts',(18.4786760546883,0.999670720478867,-80.));
#4284=CARTESIAN_POINT('Ctrl Pts',(18.5100265162518,1.00021751194911,-80.));
#4285=CARTESIAN_POINT('Ctrl Pts',(18.5350763426851,0.998474206911613,-80.));
#4286=CARTESIAN_POINT('Ctrl Pts',(18.5660315939156,0.993646698321206,-80.));
#4287=CARTESIAN_POINT('Ctrl Pts',(18.5903958248101,0.987737058750513,-80.));
#4288=CARTESIAN_POINT('Ctrl Pts',(18.6261099173289,0.97606143221315,-80.));
#4289=CARTESIAN_POINT('Ctrl Pts',(18.6606195127925,0.96084773147915,-80.));
#4290=CARTESIAN_POINT('Ctrl Pts',(18.7100144997947,0.932471225775133,-80.));
#4291=CARTESIAN_POINT('Ctrl Pts',(18.7516454710382,0.901985300449418,-80.));
#4292=CARTESIAN_POINT('Ctrl Pts',(18.8115196118841,0.849832725557479,-80.));
#4293=CARTESIAN_POINT('Ctrl Pts',(18.8685847936531,0.789844813497143,-80.));
#4294=CARTESIAN_POINT('Ctrl Pts',(18.9512253649046,0.689272689493603,-80.));
#4295=CARTESIAN_POINT('Ctrl Pts',(19.0224151851094,0.591590429962588,-80.));
#4296=CARTESIAN_POINT('Ctrl Pts',(19.109582369787,0.468071735849505,-80.));
#4297=CARTESIAN_POINT('Ctrl Pts',(19.1779093815964,0.372138197460651,-80.));
#4298=CARTESIAN_POINT('Ctrl Pts',(19.2609104313469,0.265675895080782,-80.));
#4299=CARTESIAN_POINT('Ctrl Pts',(19.3247870392048,0.195325560773247,-80.));
#4300=CARTESIAN_POINT('Ctrl Pts',(19.387097963715,0.142922217602186,-80.));
#4301=CARTESIAN_POINT('Ctrl Pts',(19.4199795962715,0.122767433796444,-80.));
#4302=CARTESIAN_POINT('Ctrl Pts',(19.4437669244246,0.111838825522175,-80.));
#4303=CARTESIAN_POINT('Ctrl Pts',(19.4550318701358,0.107608680439989,-80.));
#4304=CARTESIAN_POINT('Ctrl Pts',(19.4683928791718,0.103702707339025,-80.));
#4305=CARTESIAN_POINT('Ctrl Pts',(19.4785641182731,0.101606241033195,-80.));
#4306=CARTESIAN_POINT('Ctrl Pts',(19.4908573499043,0.100118069122961,-80.));
#4307=CARTESIAN_POINT('Ctrl Pts',(19.5004802859949,0.0997862372381057,-80.));
#4308=CARTESIAN_POINT('Ctrl Pts',(19.5125732467987,0.100412900529479,-80.));
#4309=CARTESIAN_POINT('Ctrl Pts',(19.5224389083841,0.101769010876387,-80.));
#4310=CARTESIAN_POINT('Ctrl Pts',(19.5352915380124,0.104648391581908,-80.));
#4311=CARTESIAN_POINT('Ctrl Pts',(19.5460777335332,0.107971007649915,-80.));
#4312=CARTESIAN_POINT('Ctrl Pts',(19.5631675362262,0.114689813436386,-80.));
#4313=CARTESIAN_POINT('Ctrl Pts',(19.5815120692613,0.123865526370186,-80.));
#4314=CARTESIAN_POINT('Ctrl Pts',(19.6179121399238,0.146947844235058,-80.));
#4315=CARTESIAN_POINT('Ctrl Pts',(19.6618325666385,0.183393522865101,-80.));
#4316=CARTESIAN_POINT('Ctrl Pts',(19.7324515577523,0.257534942635114,-80.));
#4317=CARTESIAN_POINT('Ctrl Pts',(19.8151439140971,0.361740991396174,-80.));
#4318=CARTESIAN_POINT('Ctrl Pts',(19.8836378659333,0.458584509943905,-80.));
#4319=CARTESIAN_POINT('Ctrl Pts',(19.9183599305371,0.507671630797228,-80.));
#4320=CARTESIAN_POINT('Ctrl Pts',(20.,0.44992304589603,0.));
#4321=CARTESIAN_POINT('Ctrl Pts',(20.,0.44992304589603,-80.));
#4322=CARTESIAN_POINT('Ctrl Pts',(19.9111916215518,0.324373264930791,0.));
#4323=CARTESIAN_POINT('Ctrl Pts',(19.9111916215518,0.324373264930791,-80.));
#4324=CARTESIAN_POINT('Ctrl Pts',(19.8223832431037,0.199819643046386,0.));
#4325=CARTESIAN_POINT('Ctrl Pts',(19.8223832431037,0.199819643046386,-80.));
#4326=CARTESIAN_POINT('Ctrl Pts',(19.7335748646555,0.115744551897798,0.));
#4327=CARTESIAN_POINT('Ctrl Pts',(19.7335748646555,0.115744551897798,-80.));
#4328=CARTESIAN_POINT('Ctrl Pts',(19.5519667614168,-0.0561842469375819,
0.));
#4329=CARTESIAN_POINT('Ctrl Pts',(19.5519667614168,-0.0561842469375819,
-80.));
#4330=CARTESIAN_POINT('Ctrl Pts',(19.3703586581782,-0.0144273226270793,
0.));
#4331=CARTESIAN_POINT('Ctrl Pts',(19.3703586581782,-0.0144273226270793,
-80.));
#4332=CARTESIAN_POINT('Ctrl Pts',(19.1887505549395,0.198491278258008,0.));
#4333=CARTESIAN_POINT('Ctrl Pts',(19.1887505549395,0.198491278258008,-80.));
#4334=CARTESIAN_POINT('Ctrl Pts',(18.9692062859229,0.455886503238331,0.));
#4335=CARTESIAN_POINT('Ctrl Pts',(18.9692062859229,0.455886503238331,-80.));
#4336=CARTESIAN_POINT('Ctrl Pts',(18.7496620169062,0.868628406583402,0.));
#4337=CARTESIAN_POINT('Ctrl Pts',(18.7496620169062,0.868628406583402,-80.));
#4338=CARTESIAN_POINT('Ctrl Pts',(18.5301177478895,0.897936206102298,0.));
#4339=CARTESIAN_POINT('Ctrl Pts',(18.5301177478895,0.897936206102298,-80.));
#4340=CARTESIAN_POINT('Ctrl Pts',(18.3478546327019,0.922267202595783,0.));
#4341=CARTESIAN_POINT('Ctrl Pts',(18.3478546327019,0.922267202595783,-80.));
#4342=CARTESIAN_POINT('Ctrl Pts',(18.1655915175143,0.68368155448539,0.));
#4343=CARTESIAN_POINT('Ctrl Pts',(18.1655915175143,0.68368155448539,-80.));
#4344=CARTESIAN_POINT('Ctrl Pts',(17.9833284023266,0.426367341709034,0.));
#4345=CARTESIAN_POINT('Ctrl Pts',(17.9833284023266,0.426367341709034,-80.));
#4346=CARTESIAN_POINT('Ctrl Pts',(17.7914405250781,0.155465146140307,0.));
#4347=CARTESIAN_POINT('Ctrl Pts',(17.7914405250781,0.155465146140307,-80.));
#4348=CARTESIAN_POINT('Ctrl Pts',(17.5995526478296,-0.0588509863729632,
0.));
#4349=CARTESIAN_POINT('Ctrl Pts',(17.5995526478296,-0.0588509863729632,
-80.));
#4350=CARTESIAN_POINT('Ctrl Pts',(17.4076647705811,0.0187533845582202,0.));
#4351=CARTESIAN_POINT('Ctrl Pts',(17.4076647705811,0.0187533845582202,-80.));
#4352=CARTESIAN_POINT('Ctrl Pts',(17.1196275228679,0.135243022851441,0.));
#4353=CARTESIAN_POINT('Ctrl Pts',(17.1196275228679,0.135243022851441,-80.));
#4354=CARTESIAN_POINT('Ctrl Pts',(16.8315902751546,0.840219418214817,0.));
#4355=CARTESIAN_POINT('Ctrl Pts',(16.8315902751546,0.840219418214817,-80.));
#4356=CARTESIAN_POINT('Ctrl Pts',(16.5435530274414,0.895743893105372,0.));
#4357=CARTESIAN_POINT('Ctrl Pts',(16.5435530274414,0.895743893105372,-80.));
#4358=CARTESIAN_POINT('Ctrl Pts',(16.3574711066936,0.931614604335189,0.));
#4359=CARTESIAN_POINT('Ctrl Pts',(16.3574711066936,0.931614604335189,-80.));
#4360=CARTESIAN_POINT('Ctrl Pts',(16.1713891859457,0.691950054046621,0.));
#4361=CARTESIAN_POINT('Ctrl Pts',(16.1713891859457,0.691950054046621,-80.));
#4362=CARTESIAN_POINT('Ctrl Pts',(15.9853072651978,0.429163870958821,0.));
#4363=CARTESIAN_POINT('Ctrl Pts',(15.9853072651978,0.429163870958821,-80.));
#4364=CARTESIAN_POINT('Ctrl Pts',(15.7944219825124,0.159594346724989,0.));
#4365=CARTESIAN_POINT('Ctrl Pts',(15.7944219825124,0.159594346724989,-80.));
#4366=CARTESIAN_POINT('Ctrl Pts',(15.6035366998271,-0.0563482992523123,
0.));
#4367=CARTESIAN_POINT('Ctrl Pts',(15.6035366998271,-0.0563482992523123,
-80.));
#4368=CARTESIAN_POINT('Ctrl Pts',(15.4126514171417,0.0167890036631166,0.));
#4369=CARTESIAN_POINT('Ctrl Pts',(15.4126514171417,0.0167890036631166,-80.));
#4370=CARTESIAN_POINT('Ctrl Pts',(15.129616353205,0.125233305474192,0.));
#4371=CARTESIAN_POINT('Ctrl Pts',(15.129616353205,0.125233305474192,-80.));
#4372=CARTESIAN_POINT('Ctrl Pts',(14.8465812892683,0.811676815422776,0.));
#4373=CARTESIAN_POINT('Ctrl Pts',(14.8465812892683,0.811676815422776,-80.));
#4374=CARTESIAN_POINT('Ctrl Pts',(14.5635462253317,0.891012817842828,0.));
#4375=CARTESIAN_POINT('Ctrl Pts',(14.5635462253317,0.891012817842828,-80.));
#4376=CARTESIAN_POINT('Ctrl Pts',(14.3774672838275,0.943171582725738,0.));
#4377=CARTESIAN_POINT('Ctrl Pts',(14.3774672838275,0.943171582725738,-80.));
#4378=CARTESIAN_POINT('Ctrl Pts',(14.1913883423234,0.720462099799456,0.));
#4379=CARTESIAN_POINT('Ctrl Pts',(14.1913883423234,0.720462099799456,-80.));
#4380=CARTESIAN_POINT('Ctrl Pts',(14.0053094008193,0.457435847093789,0.));
#4381=CARTESIAN_POINT('Ctrl Pts',(14.0053094008193,0.457435847093789,-80.));
#4382=CARTESIAN_POINT('Ctrl Pts',(13.8125277787722,0.184935223284937,0.));
#4383=CARTESIAN_POINT('Ctrl Pts',(13.8125277787722,0.184935223284937,-80.));
#4384=CARTESIAN_POINT('Ctrl Pts',(13.6197461567251,-0.0502514025131325,
0.));
#4385=CARTESIAN_POINT('Ctrl Pts',(13.6197461567251,-0.0502514025131325,
-80.));
#4386=CARTESIAN_POINT('Ctrl Pts',(13.426964534678,0.0117441018708324,0.));
#4387=CARTESIAN_POINT('Ctrl Pts',(13.426964534678,0.0117441018708324,-80.));
#4388=CARTESIAN_POINT('Ctrl Pts',(13.2359129399653,0.0731832569718206,0.));
#4389=CARTESIAN_POINT('Ctrl Pts',(13.2359129399653,0.0731832569718206,-80.));
#4390=CARTESIAN_POINT('Ctrl Pts',(13.0448613452527,0.407342506838861,0.));
#4391=CARTESIAN_POINT('Ctrl Pts',(13.0448613452527,0.407342506838861,-80.));
#4392=CARTESIAN_POINT('Ctrl Pts',(12.85380975054,0.649443014403193,0.));
#4393=CARTESIAN_POINT('Ctrl Pts',(12.85380975054,0.649443014403193,-80.));
#4394=CARTESIAN_POINT('Ctrl Pts',(12.6737886691265,0.87756565974439,0.));
#4395=CARTESIAN_POINT('Ctrl Pts',(12.6737886691265,0.87756565974439,-80.));
#4396=CARTESIAN_POINT('Ctrl Pts',(12.4937675877129,0.965645324110281,0.));
#4397=CARTESIAN_POINT('Ctrl Pts',(12.4937675877129,0.965645324110281,-80.));
#4398=CARTESIAN_POINT('Ctrl Pts',(12.3137465062994,0.825076290565591,0.));
#4399=CARTESIAN_POINT('Ctrl Pts',(12.3137465062994,0.825076290565591,-80.));
#4400=CARTESIAN_POINT('Ctrl Pts',(12.1034374115578,0.660856933802803,0.));
#4401=CARTESIAN_POINT('Ctrl Pts',(12.1034374115578,0.660856933802803,-80.));
#4402=CARTESIAN_POINT('Ctrl Pts',(11.8931283168163,0.23366212227134,0.));
#4403=CARTESIAN_POINT('Ctrl Pts',(11.8931283168163,0.23366212227134,-80.));
#4404=CARTESIAN_POINT('Ctrl Pts',(11.6828192220748,0.0721422382540935,0.));
#4405=CARTESIAN_POINT('Ctrl Pts',(11.6828192220748,0.0721422382540935,-80.));
#4406=CARTESIAN_POINT('Ctrl Pts',(11.5061549163005,-0.0635380480108539,
0.));
#4407=CARTESIAN_POINT('Ctrl Pts',(11.5061549163005,-0.0635380480108539,
-80.));
#4408=CARTESIAN_POINT('Ctrl Pts',(11.3294906105261,0.0205915084071875,0.));
#4409=CARTESIAN_POINT('Ctrl Pts',(11.3294906105261,0.0205915084071875,-80.));
#4410=CARTESIAN_POINT('Ctrl Pts',(11.1528263047518,0.242111014862527,0.));
#4411=CARTESIAN_POINT('Ctrl Pts',(11.1528263047518,0.242111014862527,-80.));
#4412=CARTESIAN_POINT('Ctrl Pts',(10.9360625041477,0.513911308174429,0.));
#4413=CARTESIAN_POINT('Ctrl Pts',(10.9360625041477,0.513911308174429,-80.));
#4414=CARTESIAN_POINT('Ctrl Pts',(10.7192987035437,0.8975009302967,0.));
#4415=CARTESIAN_POINT('Ctrl Pts',(10.7192987035437,0.8975009302967,-80.));
#4416=CARTESIAN_POINT('Ctrl Pts',(10.5025349029396,0.899932758603164,0.));
#4417=CARTESIAN_POINT('Ctrl Pts',(10.5025349029396,0.899932758603164,-80.));
#4418=CARTESIAN_POINT('Ctrl Pts',(10.2914801230049,0.902300538585934,0.));
#4419=CARTESIAN_POINT('Ctrl Pts',(10.2914801230049,0.902300538585934,-80.));
#4420=CARTESIAN_POINT('Ctrl Pts',(10.0804253430702,0.543997032188168,0.));
#4421=CARTESIAN_POINT('Ctrl Pts',(10.0804253430702,0.543997032188168,-80.));
#4422=CARTESIAN_POINT('Ctrl Pts',(9.86937056313555,0.270403261074609,0.));
#4423=CARTESIAN_POINT('Ctrl Pts',(9.86937056313555,0.270403261074609,-80.));
#4424=CARTESIAN_POINT('Ctrl Pts',(9.68866725771203,0.0361546039306699,0.));
#4425=CARTESIAN_POINT('Ctrl Pts',(9.68866725771203,0.0361546039306699,-80.));
#4426=CARTESIAN_POINT('Ctrl Pts',(9.5079639522885,-0.0673297584820522,0.));
#4427=CARTESIAN_POINT('Ctrl Pts',(9.5079639522885,-0.0673297584820522,-80.));
#4428=CARTESIAN_POINT('Ctrl Pts',(9.32726064686497,0.0646044360707703,0.));
#4429=CARTESIAN_POINT('Ctrl Pts',(9.32726064686497,0.0646044360707703,-80.));
#4430=CARTESIAN_POINT('Ctrl Pts',(9.08481296591741,0.241619125603132,0.));
#4431=CARTESIAN_POINT('Ctrl Pts',(9.08481296591741,0.241619125603132,-80.));
#4432=CARTESIAN_POINT('Ctrl Pts',(8.84236528496984,0.772137129782469,0.));
#4433=CARTESIAN_POINT('Ctrl Pts',(8.84236528496984,0.772137129782469,-80.));
#4434=CARTESIAN_POINT('Ctrl Pts',(8.59991760402228,0.877961512656355,0.));
#4435=CARTESIAN_POINT('Ctrl Pts',(8.59991760402228,0.877961512656355,-80.));
#4436=CARTESIAN_POINT('Ctrl Pts',(8.42055167048145,0.956251761304523,0.));
#4437=CARTESIAN_POINT('Ctrl Pts',(8.42055167048145,0.956251761304523,-80.));
#4438=CARTESIAN_POINT('Ctrl Pts',(8.24118573694062,0.785591067550201,0.));
#4439=CARTESIAN_POINT('Ctrl Pts',(8.24118573694062,0.785591067550201,-80.));
#4440=CARTESIAN_POINT('Ctrl Pts',(8.06181980339979,0.536784799295418,0.));
#4441=CARTESIAN_POINT('Ctrl Pts',(8.06181980339979,0.536784799295418,-80.));
#4442=CARTESIAN_POINT('Ctrl Pts',(7.86403715818738,0.262431911266893,0.));
#4443=CARTESIAN_POINT('Ctrl Pts',(7.86403715818738,0.262431911266893,-80.));
#4444=CARTESIAN_POINT('Ctrl Pts',(7.66625451297497,-0.0255016633829242,
0.));
#4445=CARTESIAN_POINT('Ctrl Pts',(7.66625451297497,-0.0255016633829242,
-80.));
#4446=CARTESIAN_POINT('Ctrl Pts',(7.46847186776256,0.00215339449315355,
0.));
#4447=CARTESIAN_POINT('Ctrl Pts',(7.46847186776256,0.00215339449315355,
-80.));
#4448=CARTESIAN_POINT('Ctrl Pts',(7.18999346482395,0.0410917772932931,0.));
#4449=CARTESIAN_POINT('Ctrl Pts',(7.18999346482395,0.0410917772932931,-80.));
#4450=CARTESIAN_POINT('Ctrl Pts',(6.91151506188534,0.701429783448307,0.));
#4451=CARTESIAN_POINT('Ctrl Pts',(6.91151506188534,0.701429783448307,-80.));
#4452=CARTESIAN_POINT('Ctrl Pts',(6.63303665894673,0.861216011209652,0.));
#4453=CARTESIAN_POINT('Ctrl Pts',(6.63303665894673,0.861216011209652,-80.));
#4454=CARTESIAN_POINT('Ctrl Pts',(6.45444931451351,0.96368642827532,0.));
#4455=CARTESIAN_POINT('Ctrl Pts',(6.45444931451351,0.96368642827532,-80.));
#4456=CARTESIAN_POINT('Ctrl Pts',(6.27586197008029,0.826103511372577,0.));
#4457=CARTESIAN_POINT('Ctrl Pts',(6.27586197008029,0.826103511372577,-80.));
#4458=CARTESIAN_POINT('Ctrl Pts',(6.09727462564706,0.585328247401912,0.));
#4459=CARTESIAN_POINT('Ctrl Pts',(6.09727462564706,0.585328247401912,-80.));
#4460=CARTESIAN_POINT('Ctrl Pts',(5.89990364409666,0.319228483536974,0.));
#4461=CARTESIAN_POINT('Ctrl Pts',(5.89990364409666,0.319228483536974,-80.));
#4462=CARTESIAN_POINT('Ctrl Pts',(5.70253266254626,0.0045263756263174,0.));
#4463=CARTESIAN_POINT('Ctrl Pts',(5.70253266254626,0.0045263756263174,-80.));
#4464=CARTESIAN_POINT('Ctrl Pts',(5.50516168099586,5.98532161142849E-6,
0.));
#4465=CARTESIAN_POINT('Ctrl Pts',(5.50516168099586,5.98532161142849E-6,
-80.));
#4466=CARTESIAN_POINT('Ctrl Pts',(5.32159977252774,-0.00419813559238782,
0.));
#4467=CARTESIAN_POINT('Ctrl Pts',(5.32159977252774,-0.00419813559238782,
-80.));
#4468=CARTESIAN_POINT('Ctrl Pts',(5.13803786405962,0.257237331931622,0.));
#4469=CARTESIAN_POINT('Ctrl Pts',(5.13803786405962,0.257237331931622,-80.));
#4470=CARTESIAN_POINT('Ctrl Pts',(4.95447595559151,0.514091711477367,0.));
#4471=CARTESIAN_POINT('Ctrl Pts',(4.95447595559151,0.514091711477367,-80.));
#4472=CARTESIAN_POINT('Ctrl Pts',(4.76962909155995,0.772744102749755,0.));
#4473=CARTESIAN_POINT('Ctrl Pts',(4.76962909155995,0.772744102749755,-80.));
#4474=CARTESIAN_POINT('Ctrl Pts',(4.5847822275284,0.958698448709314,0.));
#4475=CARTESIAN_POINT('Ctrl Pts',(4.5847822275284,0.958698448709314,-80.));
#4476=CARTESIAN_POINT('Ctrl Pts',(4.39993536349684,0.877892489821728,0.));
#4477=CARTESIAN_POINT('Ctrl Pts',(4.39993536349684,0.877892489821728,-80.));
#4478=CARTESIAN_POINT('Ctrl Pts',(4.20925969566379,0.794538464550572,0.));
#4479=CARTESIAN_POINT('Ctrl Pts',(4.20925969566379,0.794538464550572,-80.));
#4480=CARTESIAN_POINT('Ctrl Pts',(4.01858402783075,0.449448660334138,0.));
#4481=CARTESIAN_POINT('Ctrl Pts',(4.01858402783075,0.449448660334138,-80.));
#4482=CARTESIAN_POINT('Ctrl Pts',(3.8279083599977,0.218334133411189,0.));
#4483=CARTESIAN_POINT('Ctrl Pts',(3.8279083599977,0.218334133411189,-80.));
#4484=CARTESIAN_POINT('Ctrl Pts',(3.64841242826886,0.000770362335646532,
0.));
#4485=CARTESIAN_POINT('Ctrl Pts',(3.64841242826886,0.000770362335646532,
-80.));
#4486=CARTESIAN_POINT('Ctrl Pts',(3.46891649654001,-0.061013193414941,0.));
#4487=CARTESIAN_POINT('Ctrl Pts',(3.46891649654001,-0.061013193414941,-80.));
#4488=CARTESIAN_POINT('Ctrl Pts',(3.28942056481117,0.0948822418303044,0.));
#4489=CARTESIAN_POINT('Ctrl Pts',(3.28942056481117,0.0948822418303044,-80.));
#4490=CARTESIAN_POINT('Ctrl Pts',(3.05379659465198,0.299525884883284,0.));
#4491=CARTESIAN_POINT('Ctrl Pts',(3.05379659465198,0.299525884883284,-80.));
#4492=CARTESIAN_POINT('Ctrl Pts',(2.81817262449279,0.799481785600211,0.));
#4493=CARTESIAN_POINT('Ctrl Pts',(2.81817262449279,0.799481785600211,-80.));
#4494=CARTESIAN_POINT('Ctrl Pts',(2.58254865433361,0.884900131371161,0.));
#4495=CARTESIAN_POINT('Ctrl Pts',(2.58254865433361,0.884900131371161,-80.));
#4496=CARTESIAN_POINT('Ctrl Pts',(2.39412488031596,0.953207473232995,0.));
#4497=CARTESIAN_POINT('Ctrl Pts',(2.39412488031596,0.953207473232995,-80.));
#4498=CARTESIAN_POINT('Ctrl Pts',(2.20570110629832,0.740343175321271,0.));
#4499=CARTESIAN_POINT('Ctrl Pts',(2.20570110629832,0.740343175321271,-80.));
#4500=CARTESIAN_POINT('Ctrl Pts',(2.01727733228068,0.47435778436904,0.));
#4501=CARTESIAN_POINT('Ctrl Pts',(2.01727733228068,0.47435778436904,-80.));
#4502=CARTESIAN_POINT('Ctrl Pts',(1.82150006903428,0.19799195858277,0.));
#4503=CARTESIAN_POINT('Ctrl Pts',(1.82150006903428,0.19799195858277,-80.));
#4504=CARTESIAN_POINT('Ctrl Pts',(1.62572280578788,-0.0496219121172745,
0.));
#4505=CARTESIAN_POINT('Ctrl Pts',(1.62572280578788,-0.0496219121172745,
-80.));
#4506=CARTESIAN_POINT('Ctrl Pts',(1.42994554254148,0.0108015588158239,0.));
#4507=CARTESIAN_POINT('Ctrl Pts',(1.42994554254148,0.0108015588158239,-80.));
#4508=CARTESIAN_POINT('Ctrl Pts',(1.2079837065163,0.0793064726394705,0.));
#4509=CARTESIAN_POINT('Ctrl Pts',(1.2079837065163,0.0793064726394705,-80.));
#4510=CARTESIAN_POINT('Ctrl Pts',(0.986021870491134,0.522320335466261,0.));
#4511=CARTESIAN_POINT('Ctrl Pts',(0.986021870491134,0.522320335466261,-80.));
#4512=CARTESIAN_POINT('Ctrl Pts',(0.764060034465964,0.753784765446899,0.));
#4513=CARTESIAN_POINT('Ctrl Pts',(0.764060034465964,0.753784765446899,-80.));
#4514=CARTESIAN_POINT('Ctrl Pts',(0.589510508867401,0.935807076892731,0.));
#4515=CARTESIAN_POINT('Ctrl Pts',(0.589510508867401,0.935807076892731,-80.));
#4516=CARTESIAN_POINT('Ctrl Pts',(0.414960983268838,0.938081048948113,0.));
#4517=CARTESIAN_POINT('Ctrl Pts',(0.414960983268838,0.938081048948113,-80.));
#4518=CARTESIAN_POINT('Ctrl Pts',(0.240411457670275,0.758416689187542,0.));
#4519=CARTESIAN_POINT('Ctrl Pts',(0.240411457670275,0.758416689187542,-80.));
#4520=CARTESIAN_POINT('Ctrl Pts',(0.0279427636667295,0.539722013585249,
0.));
#4521=CARTESIAN_POINT('Ctrl Pts',(0.0279427636667295,0.539722013585249,
-80.));
#4522=CARTESIAN_POINT('Ctrl Pts',(-0.184525930336816,0.118816476944333,
0.));
#4523=CARTESIAN_POINT('Ctrl Pts',(-0.184525930336816,0.118816476944333,
-80.));
#4524=CARTESIAN_POINT('Ctrl Pts',(-0.396994624340362,0.0233036387876747,
0.));
#4525=CARTESIAN_POINT('Ctrl Pts',(-0.396994624340362,0.0233036387876747,
-80.));
#4526=CARTESIAN_POINT('Ctrl Pts',(-0.576607267689429,-0.0574391427103036,
0.));
#4527=CARTESIAN_POINT('Ctrl Pts',(-0.576607267689429,-0.0574391427103036,
-80.));
#4528=CARTESIAN_POINT('Ctrl Pts',(-0.756219911038497,0.111065290332219,
0.));
#4529=CARTESIAN_POINT('Ctrl Pts',(-0.756219911038497,0.111065290332219,
-80.));
#4530=CARTESIAN_POINT('Ctrl Pts',(-0.935832554387564,0.3598444026231,0.));
#4531=CARTESIAN_POINT('Ctrl Pts',(-0.935832554387564,0.3598444026231,-80.));
#4532=CARTESIAN_POINT('Ctrl Pts',(-1.12697996721752,0.624600172561401,0.));
#4533=CARTESIAN_POINT('Ctrl Pts',(-1.12697996721752,0.624600172561401,-80.));
#4534=CARTESIAN_POINT('Ctrl Pts',(-1.31812738004748,0.907627575953167,0.));
#4535=CARTESIAN_POINT('Ctrl Pts',(-1.31812738004748,0.907627575953167,-80.));
#4536=CARTESIAN_POINT('Ctrl Pts',(-1.50927479287744,0.899755969003373,0.));
#4537=CARTESIAN_POINT('Ctrl Pts',(-1.50927479287744,0.899755969003373,-80.));
#4538=CARTESIAN_POINT('Ctrl Pts',(-1.70134608473491,0.89184631595886,0.));
#4539=CARTESIAN_POINT('Ctrl Pts',(-1.70134608473491,0.89184631595886,-80.));
#4540=CARTESIAN_POINT('Ctrl Pts',(-1.89341737659238,0.592340626445893,0.));
#4541=CARTESIAN_POINT('Ctrl Pts',(-1.89341737659238,0.592340626445893,-80.));
#4542=CARTESIAN_POINT('Ctrl Pts',(-2.08548866844984,0.330540243314148,0.));
#4543=CARTESIAN_POINT('Ctrl Pts',(-2.08548866844984,0.330540243314148,-80.));
#4544=CARTESIAN_POINT('Ctrl Pts',(-2.27159597852172,0.076868991305327,0.));
#4545=CARTESIAN_POINT('Ctrl Pts',(-2.27159597852172,0.076868991305327,-80.));
#4546=CARTESIAN_POINT('Ctrl Pts',(-2.4577032885936,-0.0697676763723581,
0.));
#4547=CARTESIAN_POINT('Ctrl Pts',(-2.4577032885936,-0.0697676763723581,
-80.));
#4548=CARTESIAN_POINT('Ctrl Pts',(-2.64381059866547,0.04509621633015,0.));
#4549=CARTESIAN_POINT('Ctrl Pts',(-2.64381059866547,0.04509621633015,-80.));
#4550=CARTESIAN_POINT('Ctrl Pts',(-2.91139560272373,0.210247467955236,0.));
#4551=CARTESIAN_POINT('Ctrl Pts',(-2.91139560272373,0.210247467955236,-80.));
#4552=CARTESIAN_POINT('Ctrl Pts',(-3.17898060678199,0.830411991955696,0.));
#4553=CARTESIAN_POINT('Ctrl Pts',(-3.17898060678199,0.830411991955696,-80.));
#4554=CARTESIAN_POINT('Ctrl Pts',(-3.44656561084025,0.893620609564326,0.));
#4555=CARTESIAN_POINT('Ctrl Pts',(-3.44656561084025,0.893620609564326,-80.));
#4556=CARTESIAN_POINT('Ctrl Pts',(-3.62802994647069,0.936485903308407,0.));
#4557=CARTESIAN_POINT('Ctrl Pts',(-3.62802994647069,0.936485903308407,-80.));
#4558=CARTESIAN_POINT('Ctrl Pts',(-3.80949428210113,0.719167311418861,0.));
#4559=CARTESIAN_POINT('Ctrl Pts',(-3.80949428210113,0.719167311418861,-80.));
#4560=CARTESIAN_POINT('Ctrl Pts',(-3.99095861773157,0.462731926305773,0.));
#4561=CARTESIAN_POINT('Ctrl Pts',(-3.99095861773157,0.462731926305773,-80.));
#4562=CARTESIAN_POINT('Ctrl Pts',(-4.18029082984266,0.195178092334257,0.));
#4563=CARTESIAN_POINT('Ctrl Pts',(-4.18029082984266,0.195178092334257,-80.));
#4564=CARTESIAN_POINT('Ctrl Pts',(-4.36962304195374,-0.0416461474610179,
0.));
#4565=CARTESIAN_POINT('Ctrl Pts',(-4.36962304195374,-0.0416461474610179,
-80.));
#4566=CARTESIAN_POINT('Ctrl Pts',(-4.55895525406482,0.00764228680306633,
0.));
#4567=CARTESIAN_POINT('Ctrl Pts',(-4.55895525406482,0.00764228680306633,
-80.));
#4568=CARTESIAN_POINT('Ctrl Pts',(-4.82303004174294,0.0763882897581173,
0.));
#4569=CARTESIAN_POINT('Ctrl Pts',(-4.82303004174294,0.0763882897581173,
-80.));
#4570=CARTESIAN_POINT('Ctrl Pts',(-5.08710482942106,0.683393723266126,0.));
#4571=CARTESIAN_POINT('Ctrl Pts',(-5.08710482942106,0.683393723266126,-80.));
#4572=CARTESIAN_POINT('Ctrl Pts',(-5.35117961709917,0.851651323932602,0.));
#4573=CARTESIAN_POINT('Ctrl Pts',(-5.35117961709917,0.851651323932602,-80.));
#4574=CARTESIAN_POINT('Ctrl Pts',(-5.53212932274888,0.966945038950316,0.));
#4575=CARTESIAN_POINT('Ctrl Pts',(-5.53212932274888,0.966945038950316,-80.));
#4576=CARTESIAN_POINT('Ctrl Pts',(-5.71307902839858,0.838778954260106,0.));
#4577=CARTESIAN_POINT('Ctrl Pts',(-5.71307902839858,0.838778954260106,-80.));
#4578=CARTESIAN_POINT('Ctrl Pts',(-5.89402873404828,0.597014802468649,0.));
#4579=CARTESIAN_POINT('Ctrl Pts',(-5.89402873404828,0.597014802468649,-80.));
#4580=CARTESIAN_POINT('Ctrl Pts',(-6.09305340242972,0.331100967659961,0.));
#4581=CARTESIAN_POINT('Ctrl Pts',(-6.09305340242972,0.331100967659961,-80.));
#4582=CARTESIAN_POINT('Ctrl Pts',(-6.29207807081117,0.00799131677615394,
0.));
#4583=CARTESIAN_POINT('Ctrl Pts',(-6.29207807081117,0.00799131677615394,
-80.));
#4584=CARTESIAN_POINT('Ctrl Pts',(-6.49110273919261,0.000122923753367836,
0.));
#4585=CARTESIAN_POINT('Ctrl Pts',(-6.49110273919261,0.000122923753367836,
-80.));
#4586=CARTESIAN_POINT('Ctrl Pts',(-6.67461088380362,-0.00713202718524813,
0.));
#4587=CARTESIAN_POINT('Ctrl Pts',(-6.67461088380362,-0.00713202718524813,
-80.));
#4588=CARTESIAN_POINT('Ctrl Pts',(-6.85811902841462,0.251406327597356,0.));
#4589=CARTESIAN_POINT('Ctrl Pts',(-6.85811902841462,0.251406327597356,-80.));
#4590=CARTESIAN_POINT('Ctrl Pts',(-7.04162717302563,0.508620022363281,0.));
#4591=CARTESIAN_POINT('Ctrl Pts',(-7.04162717302563,0.508620022363281,-80.));
#4592=CARTESIAN_POINT('Ctrl Pts',(-7.22951172820678,0.771967901172883,0.));
#4593=CARTESIAN_POINT('Ctrl Pts',(-7.22951172820678,0.771967901172883,-80.));
#4594=CARTESIAN_POINT('Ctrl Pts',(-7.41739628338792,0.961813553213264,0.));
#4595=CARTESIAN_POINT('Ctrl Pts',(-7.41739628338792,0.961813553213264,-80.));
#4596=CARTESIAN_POINT('Ctrl Pts',(-7.60528083856907,0.875559519474435,0.));
#4597=CARTESIAN_POINT('Ctrl Pts',(-7.60528083856907,0.875559519474435,-80.));
#4598=CARTESIAN_POINT('Ctrl Pts',(-7.85461254947481,0.761096328054102,0.));
#4599=CARTESIAN_POINT('Ctrl Pts',(-7.85461254947481,0.761096328054102,-80.));
#4600=CARTESIAN_POINT('Ctrl Pts',(-8.10394426038055,0.203707860750135,0.));
#4601=CARTESIAN_POINT('Ctrl Pts',(-8.10394426038055,0.203707860750135,-80.));
#4602=CARTESIAN_POINT('Ctrl Pts',(-8.35327597128629,0.0469171365906935,
0.));
#4603=CARTESIAN_POINT('Ctrl Pts',(-8.35327597128629,0.0469171365906935,
-80.));
#4604=CARTESIAN_POINT('Ctrl Pts',(-8.53533490465678,-0.0675695121358591,
0.));
#4605=CARTESIAN_POINT('Ctrl Pts',(-8.53533490465678,-0.0675695121358591,
-80.));
#4606=CARTESIAN_POINT('Ctrl Pts',(-8.71739383802728,0.0655001217523973,
0.));
#4607=CARTESIAN_POINT('Ctrl Pts',(-8.71739383802728,0.0655001217523973,
-80.));
#4608=CARTESIAN_POINT('Ctrl Pts',(-8.89945277139778,0.310143623191611,0.));
#4609=CARTESIAN_POINT('Ctrl Pts',(-8.89945277139778,0.310143623191611,-80.));
#4610=CARTESIAN_POINT('Ctrl Pts',(-9.10479599461838,0.586075620570009,0.));
#4611=CARTESIAN_POINT('Ctrl Pts',(-9.10479599461838,0.586075620570009,-80.));
#4612=CARTESIAN_POINT('Ctrl Pts',(-9.31013921783898,0.913522294164013,0.));
#4613=CARTESIAN_POINT('Ctrl Pts',(-9.31013921783898,0.913522294164013,-80.));
#4614=CARTESIAN_POINT('Ctrl Pts',(-9.51548244105958,0.899415279728097,0.));
#4615=CARTESIAN_POINT('Ctrl Pts',(-9.51548244105958,0.899415279728097,-80.));
#4616=CARTESIAN_POINT('Ctrl Pts',(-9.8328532199957,0.877612007675726,0.));
#4617=CARTESIAN_POINT('Ctrl Pts',(-9.8328532199957,0.877612007675726,-80.));
#4618=CARTESIAN_POINT('Ctrl Pts',(-10.1502239989318,0.0478882444857705,
0.));
#4619=CARTESIAN_POINT('Ctrl Pts',(-10.1502239989318,0.0478882444857705,
-80.));
#4620=CARTESIAN_POINT('Ctrl Pts',(-10.467594777868,0.00227809797075537,
0.));
#4621=CARTESIAN_POINT('Ctrl Pts',(-10.467594777868,0.00227809797075537,
-80.));
#4622=CARTESIAN_POINT('Ctrl Pts',(-10.6528708787315,-0.0243483927680742,
0.));
#4623=CARTESIAN_POINT('Ctrl Pts',(-10.6528708787315,-0.0243483927680742,
-80.));
#4624=CARTESIAN_POINT('Ctrl Pts',(-10.8381469795951,0.221798097329135,0.));
#4625=CARTESIAN_POINT('Ctrl Pts',(-10.8381469795951,0.221798097329135,-80.));
#4626=CARTESIAN_POINT('Ctrl Pts',(-11.0234230804586,0.483017524247195,0.));
#4627=CARTESIAN_POINT('Ctrl Pts',(-11.0234230804586,0.483017524247195,-80.));
#4628=CARTESIAN_POINT('Ctrl Pts',(-11.2110760749955,0.747588116265887,0.));
#4629=CARTESIAN_POINT('Ctrl Pts',(-11.2110760749955,0.747588116265887,-80.));
#4630=CARTESIAN_POINT('Ctrl Pts',(-11.3987290695325,0.954586660685562,0.));
#4631=CARTESIAN_POINT('Ctrl Pts',(-11.3987290695325,0.954586660685562,-80.));
#4632=CARTESIAN_POINT('Ctrl Pts',(-11.5863820640694,0.883481817719351,0.));
#4633=CARTESIAN_POINT('Ctrl Pts',(-11.5863820640694,0.883481817719351,-80.));
#4634=CARTESIAN_POINT('Ctrl Pts',(-11.7756971613419,0.811747176362208,0.));
#4635=CARTESIAN_POINT('Ctrl Pts',(-11.7756971613419,0.811747176362208,-80.));
#4636=CARTESIAN_POINT('Ctrl Pts',(-11.9650122586145,0.47702934884859,0.));
#4637=CARTESIAN_POINT('Ctrl Pts',(-11.9650122586145,0.47702934884859,-80.));
#4638=CARTESIAN_POINT('Ctrl Pts',(-12.1543273558871,0.240232220092514,0.));
#4639=CARTESIAN_POINT('Ctrl Pts',(-12.1543273558871,0.240232220092514,-80.));
#4640=CARTESIAN_POINT('Ctrl Pts',(-12.3346938201437,0.0146281268364783,
0.));
#4641=CARTESIAN_POINT('Ctrl Pts',(-12.3346938201437,0.0146281268364783,
-80.));
#4642=CARTESIAN_POINT('Ctrl Pts',(-12.5150602844003,-0.0647732667916203,
0.));
#4643=CARTESIAN_POINT('Ctrl Pts',(-12.5150602844003,-0.0647732667916203,
-80.));
#4644=CARTESIAN_POINT('Ctrl Pts',(-12.6954267486569,0.0821180543977399,
0.));
#4645=CARTESIAN_POINT('Ctrl Pts',(-12.6954267486569,0.0821180543977399,
-80.));
#4646=CARTESIAN_POINT('Ctrl Pts',(-12.9241733237773,0.268410371960513,0.));
#4647=CARTESIAN_POINT('Ctrl Pts',(-12.9241733237773,0.268410371960513,-80.));
#4648=CARTESIAN_POINT('Ctrl Pts',(-13.1529198988977,0.751722076246709,0.));
#4649=CARTESIAN_POINT('Ctrl Pts',(-13.1529198988977,0.751722076246709,-80.));
#4650=CARTESIAN_POINT('Ctrl Pts',(-13.381666474018,0.869202076928836,0.));
#4651=CARTESIAN_POINT('Ctrl Pts',(-13.381666474018,0.869202076928836,-80.));
#4652=CARTESIAN_POINT('Ctrl Pts',(-13.5603565091666,0.960973966584867,0.));
#4653=CARTESIAN_POINT('Ctrl Pts',(-13.5603565091666,0.960973966584867,-80.));
#4654=CARTESIAN_POINT('Ctrl Pts',(-13.7390465443151,0.80919505812501,0.));
#4655=CARTESIAN_POINT('Ctrl Pts',(-13.7390465443151,0.80919505812501,-80.));
#4656=CARTESIAN_POINT('Ctrl Pts',(-13.9177365794636,0.564969896140638,0.));
#4657=CARTESIAN_POINT('Ctrl Pts',(-13.9177365794636,0.564969896140638,-80.));
#4658=CARTESIAN_POINT('Ctrl Pts',(-14.1192734238232,0.289518786521604,0.));
#4659=CARTESIAN_POINT('Ctrl Pts',(-14.1192734238232,0.289518786521604,-80.));
#4660=CARTESIAN_POINT('Ctrl Pts',(-14.3208102681828,-0.0189210401562086,
0.));
#4661=CARTESIAN_POINT('Ctrl Pts',(-14.3208102681828,-0.0189210401562086,
-80.));
#4662=CARTESIAN_POINT('Ctrl Pts',(-14.5223471125423,0.00105424018376707,
0.));
#4663=CARTESIAN_POINT('Ctrl Pts',(-14.5223471125423,0.00105424018376707,
-80.));
#4664=CARTESIAN_POINT('Ctrl Pts',(-14.7262643025143,0.0212654479595726,
0.));
#4665=CARTESIAN_POINT('Ctrl Pts',(-14.7262643025143,0.0212654479595726,
-80.));
#4666=CARTESIAN_POINT('Ctrl Pts',(-14.9301814924863,0.370870095405975,0.));
#4667=CARTESIAN_POINT('Ctrl Pts',(-14.9301814924863,0.370870095405975,-80.));
#4668=CARTESIAN_POINT('Ctrl Pts',(-15.1340986824583,0.633949839829353,0.));
#4669=CARTESIAN_POINT('Ctrl Pts',(-15.1340986824583,0.633949839829353,-80.));
#4670=CARTESIAN_POINT('Ctrl Pts',(-15.31161752581,0.862972277543838,0.));
#4671=CARTESIAN_POINT('Ctrl Pts',(-15.31161752581,0.862972277543838,-80.));
#4672=CARTESIAN_POINT('Ctrl Pts',(-15.4891363691616,0.965139522738712,0.));
#4673=CARTESIAN_POINT('Ctrl Pts',(-15.4891363691616,0.965139522738712,-80.));
#4674=CARTESIAN_POINT('Ctrl Pts',(-15.6666552125132,0.839675809096205,0.));
#4675=CARTESIAN_POINT('Ctrl Pts',(-15.6666552125132,0.839675809096205,-80.));
#4676=CARTESIAN_POINT('Ctrl Pts',(-15.8736987805185,0.69334511857744,0.));
#4677=CARTESIAN_POINT('Ctrl Pts',(-15.8736987805185,0.69334511857744,-80.));
#4678=CARTESIAN_POINT('Ctrl Pts',(-16.0807423485237,0.277328870119068,0.));
#4679=CARTESIAN_POINT('Ctrl Pts',(-16.0807423485237,0.277328870119068,-80.));
#4680=CARTESIAN_POINT('Ctrl Pts',(-16.287785916529,0.0963162387239523,0.));
#4681=CARTESIAN_POINT('Ctrl Pts',(-16.287785916529,0.0963162387239523,-80.));
#4682=CARTESIAN_POINT('Ctrl Pts',(-16.4642462030616,-0.0579582509872299,
0.));
#4683=CARTESIAN_POINT('Ctrl Pts',(-16.4642462030616,-0.0579582509872299,
-80.));
#4684=CARTESIAN_POINT('Ctrl Pts',(-16.6407064895941,-0.00399005706956691,
0.));
#4685=CARTESIAN_POINT('Ctrl Pts',(-16.6407064895941,-0.00399005706956691,
-80.));
#4686=CARTESIAN_POINT('Ctrl Pts',(-16.8171667761267,0.205435756973923,0.));
#4687=CARTESIAN_POINT('Ctrl Pts',(-16.8171667761267,0.205435756973923,-80.));
#4688=CARTESIAN_POINT('Ctrl Pts',(-17.0390932295318,0.468821525383504,0.));
#4689=CARTESIAN_POINT('Ctrl Pts',(-17.0390932295318,0.468821525383504,-80.));
#4690=CARTESIAN_POINT('Ctrl Pts',(-17.2610196829369,0.88248455339365,0.));
#4691=CARTESIAN_POINT('Ctrl Pts',(-17.2610196829369,0.88248455339365,-80.));
#4692=CARTESIAN_POINT('Ctrl Pts',(-17.4829461363421,0.899300119925632,0.));
#4693=CARTESIAN_POINT('Ctrl Pts',(-17.4829461363421,0.899300119925632,-80.));
#4694=CARTESIAN_POINT('Ctrl Pts',(-17.6812686026719,0.91432719117463,0.));
#4695=CARTESIAN_POINT('Ctrl Pts',(-17.6812686026719,0.91432719117463,-80.));
#4696=CARTESIAN_POINT('Ctrl Pts',(-17.8795910690018,0.612934424628704,0.));
#4697=CARTESIAN_POINT('Ctrl Pts',(-17.8795910690018,0.612934424628704,-80.));
#4698=CARTESIAN_POINT('Ctrl Pts',(-18.0779135353316,0.340916807077606,0.));
#4699=CARTESIAN_POINT('Ctrl Pts',(-18.0779135353316,0.340916807077606,-80.));
#4700=CARTESIAN_POINT('Ctrl Pts',(-18.2648090034579,0.0845723751449505,
0.));
#4701=CARTESIAN_POINT('Ctrl Pts',(-18.2648090034579,0.0845723751449505,
-80.));
#4702=CARTESIAN_POINT('Ctrl Pts',(-18.4517044715842,-0.0695071003961561,
0.));
#4703=CARTESIAN_POINT('Ctrl Pts',(-18.4517044715842,-0.0695071003961561,
-80.));
#4704=CARTESIAN_POINT('Ctrl Pts',(-18.6385999397105,0.0419265685521197,
0.));
#4705=CARTESIAN_POINT('Ctrl Pts',(-18.6385999397105,0.0419265685521197,
-80.));
#4706=CARTESIAN_POINT('Ctrl Pts',(-18.9075241432247,0.202268662274456,0.));
#4707=CARTESIAN_POINT('Ctrl Pts',(-18.9075241432247,0.202268662274456,-80.));
#4708=CARTESIAN_POINT('Ctrl Pts',(-19.176448346739,0.82838705917965,0.));
#4709=CARTESIAN_POINT('Ctrl Pts',(-19.176448346739,0.82838705917965,-80.));
#4710=CARTESIAN_POINT('Ctrl Pts',(-19.4453725502532,0.893332407023112,0.));
#4711=CARTESIAN_POINT('Ctrl Pts',(-19.4453725502532,0.893332407023112,-80.));
#4712=CARTESIAN_POINT('Ctrl Pts',(-19.6302483668355,0.937980021699948,0.));
#4713=CARTESIAN_POINT('Ctrl Pts',(-19.6302483668355,0.937980021699948,-80.));
#4714=CARTESIAN_POINT('Ctrl Pts',(-19.8151241834177,0.711332617621702,0.));
#4715=CARTESIAN_POINT('Ctrl Pts',(-19.8151241834177,0.711332617621702,-80.));
#4716=CARTESIAN_POINT('Ctrl Pts',(-20.,0.449970810512285,0.));
#4717=CARTESIAN_POINT('Ctrl Pts',(-20.,0.449970810512285,-80.));
#4718=CARTESIAN_POINT('',(-20.,0.449970810512285,0.));
#4719=CARTESIAN_POINT('Ctrl Pts',(-20.,0.449970810512285,0.));
#4720=CARTESIAN_POINT('Ctrl Pts',(-19.8151241834177,0.711332617621702,0.));
#4721=CARTESIAN_POINT('Ctrl Pts',(-19.6302483668355,0.937980021699948,0.));
#4722=CARTESIAN_POINT('Ctrl Pts',(-19.4453725502532,0.893332407023112,0.));
#4723=CARTESIAN_POINT('Ctrl Pts',(-19.176448346739,0.82838705917965,0.));
#4724=CARTESIAN_POINT('Ctrl Pts',(-18.9075241432247,0.202268662274451,0.));
#4725=CARTESIAN_POINT('Ctrl Pts',(-18.6385999397105,0.0419265685521176,
0.));
#4726=CARTESIAN_POINT('Ctrl Pts',(-18.4517044715842,-0.0695071003961548,
0.));
#4727=CARTESIAN_POINT('Ctrl Pts',(-18.2648090034579,0.0845723751449541,
0.));
#4728=CARTESIAN_POINT('Ctrl Pts',(-18.0779135353316,0.340916807077611,0.));
#4729=CARTESIAN_POINT('Ctrl Pts',(-17.8795910690018,0.612934424628707,0.));
#4730=CARTESIAN_POINT('Ctrl Pts',(-17.6812686026719,0.91432719117463,0.));
#4731=CARTESIAN_POINT('Ctrl Pts',(-17.4829461363421,0.899300119925632,0.));
#4732=CARTESIAN_POINT('Ctrl Pts',(-17.2610196829369,0.88248455339365,0.));
#4733=CARTESIAN_POINT('Ctrl Pts',(-17.0390932295318,0.468821525383509,0.));
#4734=CARTESIAN_POINT('Ctrl Pts',(-16.8171667761267,0.205435756973927,0.));
#4735=CARTESIAN_POINT('Ctrl Pts',(-16.6407064895941,-0.00399005706956484,
0.));
#4736=CARTESIAN_POINT('Ctrl Pts',(-16.4642462030616,-0.0579582509872302,
0.));
#4737=CARTESIAN_POINT('Ctrl Pts',(-16.287785916529,0.0963162387239492,0.));
#4738=CARTESIAN_POINT('Ctrl Pts',(-16.0807423485237,0.277328870119063,0.));
#4739=CARTESIAN_POINT('Ctrl Pts',(-15.8736987805185,0.693345118577436,0.));
#4740=CARTESIAN_POINT('Ctrl Pts',(-15.6666552125132,0.839675809096204,0.));
#4741=CARTESIAN_POINT('Ctrl Pts',(-15.4891363691616,0.965139522738712,0.));
#4742=CARTESIAN_POINT('Ctrl Pts',(-15.31161752581,0.862972277543838,0.));
#4743=CARTESIAN_POINT('Ctrl Pts',(-15.1340986824583,0.633949839829353,0.));
#4744=CARTESIAN_POINT('Ctrl Pts',(-14.9301814924863,0.370870095405975,0.));
#4745=CARTESIAN_POINT('Ctrl Pts',(-14.7262643025143,0.0212654479595726,
0.));
#4746=CARTESIAN_POINT('Ctrl Pts',(-14.5223471125423,0.00105424018376707,
0.));
#4747=CARTESIAN_POINT('Ctrl Pts',(-14.3208102681828,-0.0189210401562085,
0.));
#4748=CARTESIAN_POINT('Ctrl Pts',(-14.1192734238232,0.289518786521605,0.));
#4749=CARTESIAN_POINT('Ctrl Pts',(-13.9177365794636,0.564969896140638,0.));
#4750=CARTESIAN_POINT('Ctrl Pts',(-13.7390465443151,0.809195058125011,0.));
#4751=CARTESIAN_POINT('Ctrl Pts',(-13.5603565091666,0.960973966584867,0.));
#4752=CARTESIAN_POINT('Ctrl Pts',(-13.381666474018,0.869202076928836,0.));
#4753=CARTESIAN_POINT('Ctrl Pts',(-13.1529198988977,0.751722076246709,0.));
#4754=CARTESIAN_POINT('Ctrl Pts',(-12.9241733237773,0.268410371960513,0.));
#4755=CARTESIAN_POINT('Ctrl Pts',(-12.6954267486569,0.0821180543977399,
0.));
#4756=CARTESIAN_POINT('Ctrl Pts',(-12.5150602844003,-0.0647732667916208,
0.));
#4757=CARTESIAN_POINT('Ctrl Pts',(-12.3346938201437,0.0146281268364775,
0.));
#4758=CARTESIAN_POINT('Ctrl Pts',(-12.1543273558871,0.240232220092514,0.));
#4759=CARTESIAN_POINT('Ctrl Pts',(-11.9650122586145,0.477029348848589,0.));
#4760=CARTESIAN_POINT('Ctrl Pts',(-11.7756971613419,0.811747176362209,0.));
#4761=CARTESIAN_POINT('Ctrl Pts',(-11.5863820640694,0.883481817719351,0.));
#4762=CARTESIAN_POINT('Ctrl Pts',(-11.3987290695325,0.954586660685562,0.));
#4763=CARTESIAN_POINT('Ctrl Pts',(-11.2110760749955,0.747588116265887,0.));
#4764=CARTESIAN_POINT('Ctrl Pts',(-11.0234230804586,0.483017524247195,0.));
#4765=CARTESIAN_POINT('Ctrl Pts',(-10.8381469795951,0.221798097329135,0.));
#4766=CARTESIAN_POINT('Ctrl Pts',(-10.6528708787315,-0.0243483927680742,
0.));
#4767=CARTESIAN_POINT('Ctrl Pts',(-10.467594777868,0.00227809797075537,
0.));
#4768=CARTESIAN_POINT('Ctrl Pts',(-10.1502239989318,0.0478882444857704,
0.));
#4769=CARTESIAN_POINT('Ctrl Pts',(-9.8328532199957,0.877612007675723,0.));
#4770=CARTESIAN_POINT('Ctrl Pts',(-9.51548244105958,0.899415279728097,0.));
#4771=CARTESIAN_POINT('Ctrl Pts',(-9.31013921783898,0.913522294164014,0.));
#4772=CARTESIAN_POINT('Ctrl Pts',(-9.10479599461838,0.586075620570012,0.));
#4773=CARTESIAN_POINT('Ctrl Pts',(-8.89945277139778,0.310143623191614,0.));
#4774=CARTESIAN_POINT('Ctrl Pts',(-8.71739383802728,0.065500121752398,0.));
#4775=CARTESIAN_POINT('Ctrl Pts',(-8.53533490465678,-0.0675695121358599,
0.));
#4776=CARTESIAN_POINT('Ctrl Pts',(-8.35327597128628,0.0469171365906946,
0.));
#4777=CARTESIAN_POINT('Ctrl Pts',(-8.10394426038055,0.203707860750138,0.));
#4778=CARTESIAN_POINT('Ctrl Pts',(-7.8546125494748,0.761096328054103,0.));
#4779=CARTESIAN_POINT('Ctrl Pts',(-7.60528083856907,0.875559519474436,0.));
#4780=CARTESIAN_POINT('Ctrl Pts',(-7.41739628338792,0.961813553213264,0.));
#4781=CARTESIAN_POINT('Ctrl Pts',(-7.22951172820678,0.771967901172885,0.));
#4782=CARTESIAN_POINT('Ctrl Pts',(-7.04162717302563,0.508620022363284,0.));
#4783=CARTESIAN_POINT('Ctrl Pts',(-6.85811902841463,0.251406327597359,0.));
#4784=CARTESIAN_POINT('Ctrl Pts',(-6.67461088380362,-0.00713202718524731,
0.));
#4785=CARTESIAN_POINT('Ctrl Pts',(-6.49110273919261,0.000122923753367801,
0.));
#4786=CARTESIAN_POINT('Ctrl Pts',(-6.29207807081117,0.00799131677615299,
0.));
#4787=CARTESIAN_POINT('Ctrl Pts',(-6.09305340242972,0.33110096765996,0.));
#4788=CARTESIAN_POINT('Ctrl Pts',(-5.89402873404828,0.597014802468647,0.));
#4789=CARTESIAN_POINT('Ctrl Pts',(-5.71307902839858,0.838778954260105,0.));
#4790=CARTESIAN_POINT('Ctrl Pts',(-5.53212932274888,0.966945038950316,0.));
#4791=CARTESIAN_POINT('Ctrl Pts',(-5.35117961709917,0.851651323932603,0.));
#4792=CARTESIAN_POINT('Ctrl Pts',(-5.08710482942106,0.683393723266127,0.));
#4793=CARTESIAN_POINT('Ctrl Pts',(-4.82303004174294,0.0763882897581173,
0.));
#4794=CARTESIAN_POINT('Ctrl Pts',(-4.55895525406482,0.00764228680306633,
0.));
#4795=CARTESIAN_POINT('Ctrl Pts',(-4.36962304195374,-0.0416461474610179,
0.));
#4796=CARTESIAN_POINT('Ctrl Pts',(-4.18029082984266,0.195178092334257,0.));
#4797=CARTESIAN_POINT('Ctrl Pts',(-3.99095861773158,0.462731926305772,0.));
#4798=CARTESIAN_POINT('Ctrl Pts',(-3.80949428210113,0.71916731141886,0.));
#4799=CARTESIAN_POINT('Ctrl Pts',(-3.62802994647069,0.936485903308409,0.));
#4800=CARTESIAN_POINT('Ctrl Pts',(-3.44656561084025,0.893620609564325,0.));
#4801=CARTESIAN_POINT('Ctrl Pts',(-3.17898060678199,0.830411991955693,0.));
#4802=CARTESIAN_POINT('Ctrl Pts',(-2.91139560272373,0.210247467955236,0.));
#4803=CARTESIAN_POINT('Ctrl Pts',(-2.64381059866547,0.04509621633015,0.));
#4804=CARTESIAN_POINT('Ctrl Pts',(-2.4577032885936,-0.0697676763723581,
0.));
#4805=CARTESIAN_POINT('Ctrl Pts',(-2.27159597852172,0.0768689913053262,
0.));
#4806=CARTESIAN_POINT('Ctrl Pts',(-2.08548866844984,0.330540243314147,0.));
#4807=CARTESIAN_POINT('Ctrl Pts',(-1.89341737659238,0.59234062644589,0.));
#4808=CARTESIAN_POINT('Ctrl Pts',(-1.70134608473491,0.891846315958858,0.));
#4809=CARTESIAN_POINT('Ctrl Pts',(-1.50927479287745,0.899755969003373,0.));
#4810=CARTESIAN_POINT('Ctrl Pts',(-1.31812738004749,0.90762757595317,0.));
#4811=CARTESIAN_POINT('Ctrl Pts',(-1.12697996721752,0.624600172561401,0.));
#4812=CARTESIAN_POINT('Ctrl Pts',(-0.935832554387563,0.359844402623099,
0.));
#4813=CARTESIAN_POINT('Ctrl Pts',(-0.756219911038496,0.111065290332218,
0.));
#4814=CARTESIAN_POINT('Ctrl Pts',(-0.576607267689429,-0.0574391427103035,
0.));
#4815=CARTESIAN_POINT('Ctrl Pts',(-0.396994624340362,0.0233036387876746,
0.));
#4816=CARTESIAN_POINT('Ctrl Pts',(-0.184525930336816,0.118816476944333,
0.));
#4817=CARTESIAN_POINT('Ctrl Pts',(0.0279427636667311,0.539722013585251,
0.));
#4818=CARTESIAN_POINT('Ctrl Pts',(0.240411457670277,0.758416689187543,0.));
#4819=CARTESIAN_POINT('Ctrl Pts',(0.414960983268839,0.938081048948114,0.));
#4820=CARTESIAN_POINT('Ctrl Pts',(0.5895105088674,0.935807076892731,0.));
#4821=CARTESIAN_POINT('Ctrl Pts',(0.764060034465963,0.7537847654469,0.));
#4822=CARTESIAN_POINT('Ctrl Pts',(0.986021870491134,0.522320335466262,0.));
#4823=CARTESIAN_POINT('Ctrl Pts',(1.2079837065163,0.0793064726394737,0.));
#4824=CARTESIAN_POINT('Ctrl Pts',(1.42994554254147,0.0108015588158246,0.));
#4825=CARTESIAN_POINT('Ctrl Pts',(1.62572280578787,-0.0496219121172761,
0.));
#4826=CARTESIAN_POINT('Ctrl Pts',(1.82150006903427,0.197991958582767,0.));
#4827=CARTESIAN_POINT('Ctrl Pts',(2.01727733228067,0.474357784369037,0.));
#4828=CARTESIAN_POINT('Ctrl Pts',(2.20570110629832,0.740343175321268,0.));
#4829=CARTESIAN_POINT('Ctrl Pts',(2.39412488031596,0.953207473232994,0.));
#4830=CARTESIAN_POINT('Ctrl Pts',(2.5825486543336,0.884900131371161,0.));
#4831=CARTESIAN_POINT('Ctrl Pts',(2.81817262449279,0.799481785600213,0.));
#4832=CARTESIAN_POINT('Ctrl Pts',(3.05379659465198,0.299525884883283,0.));
#4833=CARTESIAN_POINT('Ctrl Pts',(3.28942056481117,0.0948822418303037,0.));
#4834=CARTESIAN_POINT('Ctrl Pts',(3.46891649654001,-0.0610131934149411,
0.));
#4835=CARTESIAN_POINT('Ctrl Pts',(3.64841242826885,0.000770362335645661,
0.));
#4836=CARTESIAN_POINT('Ctrl Pts',(3.8279083599977,0.218334133411188,0.));
#4837=CARTESIAN_POINT('Ctrl Pts',(4.01858402783074,0.449448660334136,0.));
#4838=CARTESIAN_POINT('Ctrl Pts',(4.20925969566379,0.794538464550573,0.));
#4839=CARTESIAN_POINT('Ctrl Pts',(4.39993536349684,0.877892489821729,0.));
#4840=CARTESIAN_POINT('Ctrl Pts',(4.5847822275284,0.958698448709314,0.));
#4841=CARTESIAN_POINT('Ctrl Pts',(4.76962909155995,0.772744102749754,0.));
#4842=CARTESIAN_POINT('Ctrl Pts',(4.95447595559151,0.514091711477365,0.));
#4843=CARTESIAN_POINT('Ctrl Pts',(5.13803786405962,0.257237331931621,0.));
#4844=CARTESIAN_POINT('Ctrl Pts',(5.32159977252774,-0.00419813559238782,
0.));
#4845=CARTESIAN_POINT('Ctrl Pts',(5.50516168099586,5.98532161142849E-6,
0.));
#4846=CARTESIAN_POINT('Ctrl Pts',(5.70253266254626,0.00452637562631739,
0.));
#4847=CARTESIAN_POINT('Ctrl Pts',(5.89990364409666,0.319228483536973,0.));
#4848=CARTESIAN_POINT('Ctrl Pts',(6.09727462564706,0.585328247401911,0.));
#4849=CARTESIAN_POINT('Ctrl Pts',(6.27586197008029,0.826103511372577,0.));
#4850=CARTESIAN_POINT('Ctrl Pts',(6.45444931451351,0.963686428275321,0.));
#4851=CARTESIAN_POINT('Ctrl Pts',(6.63303665894673,0.86121601120965,0.));
#4852=CARTESIAN_POINT('Ctrl Pts',(6.91151506188534,0.701429783448302,0.));
#4853=CARTESIAN_POINT('Ctrl Pts',(7.18999346482395,0.0410917772932945,0.));
#4854=CARTESIAN_POINT('Ctrl Pts',(7.46847186776256,0.00215339449315367,
0.));
#4855=CARTESIAN_POINT('Ctrl Pts',(7.66625451297497,-0.0255016633829252,
0.));
#4856=CARTESIAN_POINT('Ctrl Pts',(7.86403715818738,0.262431911266895,0.));
#4857=CARTESIAN_POINT('Ctrl Pts',(8.06181980339979,0.53678479929542,0.));
#4858=CARTESIAN_POINT('Ctrl Pts',(8.24118573694062,0.785591067550202,0.));
#4859=CARTESIAN_POINT('Ctrl Pts',(8.42055167048145,0.956251761304522,0.));
#4860=CARTESIAN_POINT('Ctrl Pts',(8.59991760402228,0.877961512656355,0.));
#4861=CARTESIAN_POINT('Ctrl Pts',(8.84236528496984,0.77213712978247,0.));
#4862=CARTESIAN_POINT('Ctrl Pts',(9.08481296591741,0.241619125603132,0.));
#4863=CARTESIAN_POINT('Ctrl Pts',(9.32726064686497,0.0646044360707703,0.));
#4864=CARTESIAN_POINT('Ctrl Pts',(9.5079639522885,-0.0673297584820521,0.));
#4865=CARTESIAN_POINT('Ctrl Pts',(9.68866725771203,0.03615460393067,0.));
#4866=CARTESIAN_POINT('Ctrl Pts',(9.86937056313555,0.270403261074609,0.));
#4867=CARTESIAN_POINT('Ctrl Pts',(10.0804253430702,0.543997032188168,0.));
#4868=CARTESIAN_POINT('Ctrl Pts',(10.2914801230049,0.902300538585934,0.));
#4869=CARTESIAN_POINT('Ctrl Pts',(10.5025349029396,0.899932758603164,0.));
#4870=CARTESIAN_POINT('Ctrl Pts',(10.7192987035437,0.8975009302967,0.));
#4871=CARTESIAN_POINT('Ctrl Pts',(10.9360625041477,0.513911308174429,0.));
#4872=CARTESIAN_POINT('Ctrl Pts',(11.1528263047518,0.242111014862527,0.));
#4873=CARTESIAN_POINT('Ctrl Pts',(11.3294906105261,0.0205915084071867,0.));
#4874=CARTESIAN_POINT('Ctrl Pts',(11.5061549163005,-0.0635380480108544,
0.));
#4875=CARTESIAN_POINT('Ctrl Pts',(11.6828192220748,0.0721422382540948,0.));
#4876=CARTESIAN_POINT('Ctrl Pts',(11.8931283168163,0.233662122271342,0.));
#4877=CARTESIAN_POINT('Ctrl Pts',(12.1034374115578,0.6608569338028,0.));
#4878=CARTESIAN_POINT('Ctrl Pts',(12.3137465062994,0.82507629056559,0.));
#4879=CARTESIAN_POINT('Ctrl Pts',(12.4937675877129,0.965645324110281,0.));
#4880=CARTESIAN_POINT('Ctrl Pts',(12.6737886691265,0.877565659744389,0.));
#4881=CARTESIAN_POINT('Ctrl Pts',(12.85380975054,0.649443014403193,0.));
#4882=CARTESIAN_POINT('Ctrl Pts',(13.0448613452527,0.407342506838859,0.));
#4883=CARTESIAN_POINT('Ctrl Pts',(13.2359129399653,0.073183256971821,0.));
#4884=CARTESIAN_POINT('Ctrl Pts',(13.426964534678,0.0117441018708324,0.));
#4885=CARTESIAN_POINT('Ctrl Pts',(13.6197461567251,-0.0502514025131324,
0.));
#4886=CARTESIAN_POINT('Ctrl Pts',(13.8125277787722,0.18493522328494,0.));
#4887=CARTESIAN_POINT('Ctrl Pts',(14.0053094008193,0.457435847093791,0.));
#4888=CARTESIAN_POINT('Ctrl Pts',(14.1913883423234,0.720462099799458,0.));
#4889=CARTESIAN_POINT('Ctrl Pts',(14.3774672838275,0.943171582725739,0.));
#4890=CARTESIAN_POINT('Ctrl Pts',(14.5635462253317,0.891012817842828,0.));
#4891=CARTESIAN_POINT('Ctrl Pts',(14.8465812892683,0.811676815422773,0.));
#4892=CARTESIAN_POINT('Ctrl Pts',(15.129616353205,0.125233305474195,0.));
#4893=CARTESIAN_POINT('Ctrl Pts',(15.4126514171417,0.0167890036631172,0.));
#4894=CARTESIAN_POINT('Ctrl Pts',(15.603536699827,-0.0563482992523136,0.));
#4895=CARTESIAN_POINT('Ctrl Pts',(15.7944219825124,0.159594346724988,0.));
#4896=CARTESIAN_POINT('Ctrl Pts',(15.9853072651978,0.429163870958821,0.));
#4897=CARTESIAN_POINT('Ctrl Pts',(16.1713891859457,0.69195005404662,0.));
#4898=CARTESIAN_POINT('Ctrl Pts',(16.3574711066936,0.931614604335189,0.));
#4899=CARTESIAN_POINT('Ctrl Pts',(16.5435530274414,0.895743893105372,0.));
#4900=CARTESIAN_POINT('Ctrl Pts',(16.8315902751546,0.840219418214818,0.));
#4901=CARTESIAN_POINT('Ctrl Pts',(17.1196275228679,0.135243022851441,0.));
#4902=CARTESIAN_POINT('Ctrl Pts',(17.4076647705811,0.0187533845582202,0.));
#4903=CARTESIAN_POINT('Ctrl Pts',(17.5995526478296,-0.0588509863729636,
0.));
#4904=CARTESIAN_POINT('Ctrl Pts',(17.7914405250781,0.15546514614031,0.));
#4905=CARTESIAN_POINT('Ctrl Pts',(17.9833284023266,0.426367341709039,0.));
#4906=CARTESIAN_POINT('Ctrl Pts',(18.1655915175143,0.683681554485394,0.));
#4907=CARTESIAN_POINT('Ctrl Pts',(18.3478546327019,0.922267202595783,0.));
#4908=CARTESIAN_POINT('Ctrl Pts',(18.5301177478895,0.897936206102298,0.));
#4909=CARTESIAN_POINT('Ctrl Pts',(18.7496620169062,0.868628406583402,0.));
#4910=CARTESIAN_POINT('Ctrl Pts',(18.9692062859229,0.455886503238331,0.));
#4911=CARTESIAN_POINT('Ctrl Pts',(19.1887505549395,0.198491278258008,0.));
#4912=CARTESIAN_POINT('Ctrl Pts',(19.3703586581782,-0.0144273226270793,
0.));
#4913=CARTESIAN_POINT('Ctrl Pts',(19.5519667614168,-0.0561842469375819,
0.));
#4914=CARTESIAN_POINT('Ctrl Pts',(19.7335748646555,0.115744551897798,0.));
#4915=CARTESIAN_POINT('Ctrl Pts',(19.8223832431037,0.199819643046386,0.));
#4916=CARTESIAN_POINT('Ctrl Pts',(19.9111916215518,0.324373264930791,0.));
#4917=CARTESIAN_POINT('Ctrl Pts',(20.,0.44992304589603,0.));
#4918=CARTESIAN_POINT('',(-20.,0.449970810512285,-80.));
#4919=CARTESIAN_POINT('',(-20.,0.449970810512285,0.));
#4920=CARTESIAN_POINT('Ctrl Pts',(20.,0.44992304589603,-80.));
#4921=CARTESIAN_POINT('Ctrl Pts',(19.9111916215518,0.324373264930791,-80.));
#4922=CARTESIAN_POINT('Ctrl Pts',(19.8223832431037,0.199819643046386,-80.));
#4923=CARTESIAN_POINT('Ctrl Pts',(19.7335748646555,0.115744551897798,-80.));
#4924=CARTESIAN_POINT('Ctrl Pts',(19.5519667614168,-0.0561842469375819,
-80.));
#4925=CARTESIAN_POINT('Ctrl Pts',(19.3703586581782,-0.0144273226270793,
-80.));
#4926=CARTESIAN_POINT('Ctrl Pts',(19.1887505549395,0.198491278258008,-80.));
#4927=CARTESIAN_POINT('Ctrl Pts',(18.9692062859229,0.455886503238331,-80.));
#4928=CARTESIAN_POINT('Ctrl Pts',(18.7496620169062,0.868628406583402,-80.));
#4929=CARTESIAN_POINT('Ctrl Pts',(18.5301177478895,0.897936206102298,-80.));
#4930=CARTESIAN_POINT('Ctrl Pts',(18.3478546327019,0.922267202595783,-80.));
#4931=CARTESIAN_POINT('Ctrl Pts',(18.1655915175143,0.683681554485394,-80.));
#4932=CARTESIAN_POINT('Ctrl Pts',(17.9833284023266,0.426367341709039,-80.));
#4933=CARTESIAN_POINT('Ctrl Pts',(17.7914405250781,0.15546514614031,-80.));
#4934=CARTESIAN_POINT('Ctrl Pts',(17.5995526478296,-0.0588509863729636,
-80.));
#4935=CARTESIAN_POINT('Ctrl Pts',(17.4076647705811,0.0187533845582202,-80.));
#4936=CARTESIAN_POINT('Ctrl Pts',(17.1196275228679,0.135243022851441,-80.));
#4937=CARTESIAN_POINT('Ctrl Pts',(16.8315902751546,0.840219418214818,-80.));
#4938=CARTESIAN_POINT('Ctrl Pts',(16.5435530274414,0.895743893105372,-80.));
#4939=CARTESIAN_POINT('Ctrl Pts',(16.3574711066936,0.931614604335189,-80.));
#4940=CARTESIAN_POINT('Ctrl Pts',(16.1713891859457,0.69195005404662,-80.));
#4941=CARTESIAN_POINT('Ctrl Pts',(15.9853072651978,0.429163870958821,-80.));
#4942=CARTESIAN_POINT('Ctrl Pts',(15.7944219825124,0.159594346724988,-80.));
#4943=CARTESIAN_POINT('Ctrl Pts',(15.603536699827,-0.0563482992523136,-80.));
#4944=CARTESIAN_POINT('Ctrl Pts',(15.4126514171417,0.0167890036631172,-80.));
#4945=CARTESIAN_POINT('Ctrl Pts',(15.129616353205,0.125233305474195,-80.));
#4946=CARTESIAN_POINT('Ctrl Pts',(14.8465812892683,0.811676815422773,-80.));
#4947=CARTESIAN_POINT('Ctrl Pts',(14.5635462253317,0.891012817842828,-80.));
#4948=CARTESIAN_POINT('Ctrl Pts',(14.3774672838275,0.943171582725739,-80.));
#4949=CARTESIAN_POINT('Ctrl Pts',(14.1913883423234,0.720462099799458,-80.));
#4950=CARTESIAN_POINT('Ctrl Pts',(14.0053094008193,0.457435847093791,-80.));
#4951=CARTESIAN_POINT('Ctrl Pts',(13.8125277787722,0.18493522328494,-80.));
#4952=CARTESIAN_POINT('Ctrl Pts',(13.6197461567251,-0.0502514025131324,
-80.));
#4953=CARTESIAN_POINT('Ctrl Pts',(13.426964534678,0.0117441018708324,-80.));
#4954=CARTESIAN_POINT('Ctrl Pts',(13.2359129399653,0.073183256971821,-80.));
#4955=CARTESIAN_POINT('Ctrl Pts',(13.0448613452527,0.407342506838859,-80.));
#4956=CARTESIAN_POINT('Ctrl Pts',(12.85380975054,0.649443014403193,-80.));
#4957=CARTESIAN_POINT('Ctrl Pts',(12.6737886691265,0.877565659744389,-80.));
#4958=CARTESIAN_POINT('Ctrl Pts',(12.4937675877129,0.965645324110281,-80.));
#4959=CARTESIAN_POINT('Ctrl Pts',(12.3137465062994,0.82507629056559,-80.));
#4960=CARTESIAN_POINT('Ctrl Pts',(12.1034374115578,0.6608569338028,-80.));
#4961=CARTESIAN_POINT('Ctrl Pts',(11.8931283168163,0.233662122271342,-80.));
#4962=CARTESIAN_POINT('Ctrl Pts',(11.6828192220748,0.0721422382540948,-80.));
#4963=CARTESIAN_POINT('Ctrl Pts',(11.5061549163005,-0.0635380480108544,
-80.));
#4964=CARTESIAN_POINT('Ctrl Pts',(11.3294906105261,0.0205915084071867,-80.));
#4965=CARTESIAN_POINT('Ctrl Pts',(11.1528263047518,0.242111014862527,-80.));
#4966=CARTESIAN_POINT('Ctrl Pts',(10.9360625041477,0.513911308174429,-80.));
#4967=CARTESIAN_POINT('Ctrl Pts',(10.7192987035437,0.8975009302967,-80.));
#4968=CARTESIAN_POINT('Ctrl Pts',(10.5025349029396,0.899932758603164,-80.));
#4969=CARTESIAN_POINT('Ctrl Pts',(10.2914801230049,0.902300538585934,-80.));
#4970=CARTESIAN_POINT('Ctrl Pts',(10.0804253430702,0.543997032188168,-80.));
#4971=CARTESIAN_POINT('Ctrl Pts',(9.86937056313555,0.270403261074609,-80.));
#4972=CARTESIAN_POINT('Ctrl Pts',(9.68866725771203,0.03615460393067,-80.));
#4973=CARTESIAN_POINT('Ctrl Pts',(9.5079639522885,-0.0673297584820521,-80.));
#4974=CARTESIAN_POINT('Ctrl Pts',(9.32726064686497,0.0646044360707703,-80.));
#4975=CARTESIAN_POINT('Ctrl Pts',(9.08481296591741,0.241619125603132,-80.));
#4976=CARTESIAN_POINT('Ctrl Pts',(8.84236528496984,0.77213712978247,-80.));
#4977=CARTESIAN_POINT('Ctrl Pts',(8.59991760402228,0.877961512656355,-80.));
#4978=CARTESIAN_POINT('Ctrl Pts',(8.42055167048145,0.956251761304522,-80.));
#4979=CARTESIAN_POINT('Ctrl Pts',(8.24118573694062,0.785591067550202,-80.));
#4980=CARTESIAN_POINT('Ctrl Pts',(8.06181980339979,0.53678479929542,-80.));
#4981=CARTESIAN_POINT('Ctrl Pts',(7.86403715818738,0.262431911266895,-80.));
#4982=CARTESIAN_POINT('Ctrl Pts',(7.66625451297497,-0.0255016633829252,
-80.));
#4983=CARTESIAN_POINT('Ctrl Pts',(7.46847186776256,0.00215339449315367,
-80.));
#4984=CARTESIAN_POINT('Ctrl Pts',(7.18999346482395,0.0410917772932945,-80.));
#4985=CARTESIAN_POINT('Ctrl Pts',(6.91151506188534,0.701429783448302,-80.));
#4986=CARTESIAN_POINT('Ctrl Pts',(6.63303665894673,0.86121601120965,-80.));
#4987=CARTESIAN_POINT('Ctrl Pts',(6.45444931451351,0.963686428275321,-80.));
#4988=CARTESIAN_POINT('Ctrl Pts',(6.27586197008029,0.826103511372577,-80.));
#4989=CARTESIAN_POINT('Ctrl Pts',(6.09727462564706,0.585328247401911,-80.));
#4990=CARTESIAN_POINT('Ctrl Pts',(5.89990364409666,0.319228483536973,-80.));
#4991=CARTESIAN_POINT('Ctrl Pts',(5.70253266254626,0.00452637562631739,
-80.));
#4992=CARTESIAN_POINT('Ctrl Pts',(5.50516168099586,5.98532161142849E-6,
-80.));
#4993=CARTESIAN_POINT('Ctrl Pts',(5.32159977252774,-0.00419813559238782,
-80.));
#4994=CARTESIAN_POINT('Ctrl Pts',(5.13803786405962,0.257237331931621,-80.));
#4995=CARTESIAN_POINT('Ctrl Pts',(4.95447595559151,0.514091711477365,-80.));
#4996=CARTESIAN_POINT('Ctrl Pts',(4.76962909155995,0.772744102749754,-80.));
#4997=CARTESIAN_POINT('Ctrl Pts',(4.5847822275284,0.958698448709314,-80.));
#4998=CARTESIAN_POINT('Ctrl Pts',(4.39993536349684,0.877892489821729,-80.));
#4999=CARTESIAN_POINT('Ctrl Pts',(4.20925969566379,0.794538464550573,-80.));
#5000=CARTESIAN_POINT('Ctrl Pts',(4.01858402783074,0.449448660334136,-80.));
#5001=CARTESIAN_POINT('Ctrl Pts',(3.8279083599977,0.218334133411188,-80.));
#5002=CARTESIAN_POINT('Ctrl Pts',(3.64841242826885,0.000770362335645661,
-80.));
#5003=CARTESIAN_POINT('Ctrl Pts',(3.46891649654001,-0.0610131934149411,
-80.));
#5004=CARTESIAN_POINT('Ctrl Pts',(3.28942056481117,0.0948822418303037,-80.));
#5005=CARTESIAN_POINT('Ctrl Pts',(3.05379659465198,0.299525884883283,-80.));
#5006=CARTESIAN_POINT('Ctrl Pts',(2.81817262449279,0.799481785600213,-80.));
#5007=CARTESIAN_POINT('Ctrl Pts',(2.5825486543336,0.884900131371161,-80.));
#5008=CARTESIAN_POINT('Ctrl Pts',(2.39412488031596,0.953207473232994,-80.));
#5009=CARTESIAN_POINT('Ctrl Pts',(2.20570110629832,0.740343175321268,-80.));
#5010=CARTESIAN_POINT('Ctrl Pts',(2.01727733228067,0.474357784369037,-80.));
#5011=CARTESIAN_POINT('Ctrl Pts',(1.82150006903427,0.197991958582767,-80.));
#5012=CARTESIAN_POINT('Ctrl Pts',(1.62572280578787,-0.0496219121172761,
-80.));
#5013=CARTESIAN_POINT('Ctrl Pts',(1.42994554254147,0.0108015588158246,-80.));
#5014=CARTESIAN_POINT('Ctrl Pts',(1.2079837065163,0.0793064726394737,-80.));
#5015=CARTESIAN_POINT('Ctrl Pts',(0.986021870491134,0.522320335466262,-80.));
#5016=CARTESIAN_POINT('Ctrl Pts',(0.764060034465963,0.7537847654469,-80.));
#5017=CARTESIAN_POINT('Ctrl Pts',(0.5895105088674,0.935807076892731,-80.));
#5018=CARTESIAN_POINT('Ctrl Pts',(0.414960983268839,0.938081048948114,-80.));
#5019=CARTESIAN_POINT('Ctrl Pts',(0.240411457670277,0.758416689187543,-80.));
#5020=CARTESIAN_POINT('Ctrl Pts',(0.0279427636667311,0.539722013585251,
-80.));
#5021=CARTESIAN_POINT('Ctrl Pts',(-0.184525930336816,0.118816476944333,
-80.));
#5022=CARTESIAN_POINT('Ctrl Pts',(-0.396994624340362,0.0233036387876746,
-80.));
#5023=CARTESIAN_POINT('Ctrl Pts',(-0.576607267689429,-0.0574391427103035,
-80.));
#5024=CARTESIAN_POINT('Ctrl Pts',(-0.756219911038496,0.111065290332218,
-80.));
#5025=CARTESIAN_POINT('Ctrl Pts',(-0.935832554387563,0.359844402623099,
-80.));
#5026=CARTESIAN_POINT('Ctrl Pts',(-1.12697996721752,0.624600172561401,-80.));
#5027=CARTESIAN_POINT('Ctrl Pts',(-1.31812738004749,0.90762757595317,-80.));
#5028=CARTESIAN_POINT('Ctrl Pts',(-1.50927479287745,0.899755969003373,-80.));
#5029=CARTESIAN_POINT('Ctrl Pts',(-1.70134608473491,0.891846315958858,-80.));
#5030=CARTESIAN_POINT('Ctrl Pts',(-1.89341737659238,0.59234062644589,-80.));
#5031=CARTESIAN_POINT('Ctrl Pts',(-2.08548866844984,0.330540243314147,-80.));
#5032=CARTESIAN_POINT('Ctrl Pts',(-2.27159597852172,0.0768689913053262,
-80.));
#5033=CARTESIAN_POINT('Ctrl Pts',(-2.4577032885936,-0.0697676763723581,
-80.));
#5034=CARTESIAN_POINT('Ctrl Pts',(-2.64381059866547,0.04509621633015,-80.));
#5035=CARTESIAN_POINT('Ctrl Pts',(-2.91139560272373,0.210247467955236,-80.));
#5036=CARTESIAN_POINT('Ctrl Pts',(-3.17898060678199,0.830411991955693,-80.));
#5037=CARTESIAN_POINT('Ctrl Pts',(-3.44656561084025,0.893620609564325,-80.));
#5038=CARTESIAN_POINT('Ctrl Pts',(-3.62802994647069,0.936485903308409,-80.));
#5039=CARTESIAN_POINT('Ctrl Pts',(-3.80949428210113,0.71916731141886,-80.));
#5040=CARTESIAN_POINT('Ctrl Pts',(-3.99095861773158,0.462731926305772,-80.));
#5041=CARTESIAN_POINT('Ctrl Pts',(-4.18029082984266,0.195178092334257,-80.));
#5042=CARTESIAN_POINT('Ctrl Pts',(-4.36962304195374,-0.0416461474610179,
-80.));
#5043=CARTESIAN_POINT('Ctrl Pts',(-4.55895525406482,0.00764228680306633,
-80.));
#5044=CARTESIAN_POINT('Ctrl Pts',(-4.82303004174294,0.0763882897581173,
-80.));
#5045=CARTESIAN_POINT('Ctrl Pts',(-5.08710482942106,0.683393723266127,-80.));
#5046=CARTESIAN_POINT('Ctrl Pts',(-5.35117961709917,0.851651323932603,-80.));
#5047=CARTESIAN_POINT('Ctrl Pts',(-5.53212932274888,0.966945038950316,-80.));
#5048=CARTESIAN_POINT('Ctrl Pts',(-5.71307902839858,0.838778954260105,-80.));
#5049=CARTESIAN_POINT('Ctrl Pts',(-5.89402873404828,0.597014802468647,-80.));
#5050=CARTESIAN_POINT('Ctrl Pts',(-6.09305340242972,0.33110096765996,-80.));
#5051=CARTESIAN_POINT('Ctrl Pts',(-6.29207807081117,0.00799131677615299,
-80.));
#5052=CARTESIAN_POINT('Ctrl Pts',(-6.49110273919261,0.000122923753367801,
-80.));
#5053=CARTESIAN_POINT('Ctrl Pts',(-6.67461088380362,-0.00713202718524731,
-80.));
#5054=CARTESIAN_POINT('Ctrl Pts',(-6.85811902841463,0.251406327597359,-80.));
#5055=CARTESIAN_POINT('Ctrl Pts',(-7.04162717302563,0.508620022363284,-80.));
#5056=CARTESIAN_POINT('Ctrl Pts',(-7.22951172820678,0.771967901172885,-80.));
#5057=CARTESIAN_POINT('Ctrl Pts',(-7.41739628338792,0.961813553213264,-80.));
#5058=CARTESIAN_POINT('Ctrl Pts',(-7.60528083856907,0.875559519474436,-80.));
#5059=CARTESIAN_POINT('Ctrl Pts',(-7.8546125494748,0.761096328054103,-80.));
#5060=CARTESIAN_POINT('Ctrl Pts',(-8.10394426038055,0.203707860750138,-80.));
#5061=CARTESIAN_POINT('Ctrl Pts',(-8.35327597128628,0.0469171365906946,
-80.));
#5062=CARTESIAN_POINT('Ctrl Pts',(-8.53533490465678,-0.0675695121358599,
-80.));
#5063=CARTESIAN_POINT('Ctrl Pts',(-8.71739383802728,0.065500121752398,-80.));
#5064=CARTESIAN_POINT('Ctrl Pts',(-8.89945277139778,0.310143623191614,-80.));
#5065=CARTESIAN_POINT('Ctrl Pts',(-9.10479599461838,0.586075620570012,-80.));
#5066=CARTESIAN_POINT('Ctrl Pts',(-9.31013921783898,0.913522294164014,-80.));
#5067=CARTESIAN_POINT('Ctrl Pts',(-9.51548244105958,0.899415279728097,-80.));
#5068=CARTESIAN_POINT('Ctrl Pts',(-9.8328532199957,0.877612007675723,-80.));
#5069=CARTESIAN_POINT('Ctrl Pts',(-10.1502239989318,0.0478882444857704,
-80.));
#5070=CARTESIAN_POINT('Ctrl Pts',(-10.467594777868,0.00227809797075537,
-80.));
#5071=CARTESIAN_POINT('Ctrl Pts',(-10.6528708787315,-0.0243483927680742,
-80.));
#5072=CARTESIAN_POINT('Ctrl Pts',(-10.8381469795951,0.221798097329135,-80.));
#5073=CARTESIAN_POINT('Ctrl Pts',(-11.0234230804586,0.483017524247195,-80.));
#5074=CARTESIAN_POINT('Ctrl Pts',(-11.2110760749955,0.747588116265887,-80.));
#5075=CARTESIAN_POINT('Ctrl Pts',(-11.3987290695325,0.954586660685562,-80.));
#5076=CARTESIAN_POINT('Ctrl Pts',(-11.5863820640694,0.883481817719351,-80.));
#5077=CARTESIAN_POINT('Ctrl Pts',(-11.7756971613419,0.811747176362209,-80.));
#5078=CARTESIAN_POINT('Ctrl Pts',(-11.9650122586145,0.477029348848589,-80.));
#5079=CARTESIAN_POINT('Ctrl Pts',(-12.1543273558871,0.240232220092514,-80.));
#5080=CARTESIAN_POINT('Ctrl Pts',(-12.3346938201437,0.0146281268364775,
-80.));
#5081=CARTESIAN_POINT('Ctrl Pts',(-12.5150602844003,-0.0647732667916208,
-80.));
#5082=CARTESIAN_POINT('Ctrl Pts',(-12.6954267486569,0.0821180543977399,
-80.));
#5083=CARTESIAN_POINT('Ctrl Pts',(-12.9241733237773,0.268410371960513,-80.));
#5084=CARTESIAN_POINT('Ctrl Pts',(-13.1529198988977,0.751722076246709,-80.));
#5085=CARTESIAN_POINT('Ctrl Pts',(-13.381666474018,0.869202076928836,-80.));
#5086=CARTESIAN_POINT('Ctrl Pts',(-13.5603565091666,0.960973966584867,-80.));
#5087=CARTESIAN_POINT('Ctrl Pts',(-13.7390465443151,0.809195058125011,-80.));
#5088=CARTESIAN_POINT('Ctrl Pts',(-13.9177365794636,0.564969896140638,-80.));
#5089=CARTESIAN_POINT('Ctrl Pts',(-14.1192734238232,0.289518786521605,-80.));
#5090=CARTESIAN_POINT('Ctrl Pts',(-14.3208102681828,-0.0189210401562085,
-80.));
#5091=CARTESIAN_POINT('Ctrl Pts',(-14.5223471125423,0.00105424018376707,
-80.));
#5092=CARTESIAN_POINT('Ctrl Pts',(-14.7262643025143,0.0212654479595726,
-80.));
#5093=CARTESIAN_POINT('Ctrl Pts',(-14.9301814924863,0.370870095405975,-80.));
#5094=CARTESIAN_POINT('Ctrl Pts',(-15.1340986824583,0.633949839829353,-80.));
#5095=CARTESIAN_POINT('Ctrl Pts',(-15.31161752581,0.862972277543838,-80.));
#5096=CARTESIAN_POINT('Ctrl Pts',(-15.4891363691616,0.965139522738712,-80.));
#5097=CARTESIAN_POINT('Ctrl Pts',(-15.6666552125132,0.839675809096204,-80.));
#5098=CARTESIAN_POINT('Ctrl Pts',(-15.8736987805185,0.693345118577436,-80.));
#5099=CARTESIAN_POINT('Ctrl Pts',(-16.0807423485237,0.277328870119063,-80.));
#5100=CARTESIAN_POINT('Ctrl Pts',(-16.287785916529,0.0963162387239492,-80.));
#5101=CARTESIAN_POINT('Ctrl Pts',(-16.4642462030616,-0.0579582509872302,
-80.));
#5102=CARTESIAN_POINT('Ctrl Pts',(-16.6407064895941,-0.00399005706956484,
-80.));
#5103=CARTESIAN_POINT('Ctrl Pts',(-16.8171667761267,0.205435756973927,-80.));
#5104=CARTESIAN_POINT('Ctrl Pts',(-17.0390932295318,0.468821525383509,-80.));
#5105=CARTESIAN_POINT('Ctrl Pts',(-17.2610196829369,0.88248455339365,-80.));
#5106=CARTESIAN_POINT('Ctrl Pts',(-17.4829461363421,0.899300119925632,-80.));
#5107=CARTESIAN_POINT('Ctrl Pts',(-17.6812686026719,0.91432719117463,-80.));
#5108=CARTESIAN_POINT('Ctrl Pts',(-17.8795910690018,0.612934424628707,-80.));
#5109=CARTESIAN_POINT('Ctrl Pts',(-18.0779135353316,0.340916807077611,-80.));
#5110=CARTESIAN_POINT('Ctrl Pts',(-18.2648090034579,0.0845723751449541,
-80.));
#5111=CARTESIAN_POINT('Ctrl Pts',(-18.4517044715842,-0.0695071003961548,
-80.));
#5112=CARTESIAN_POINT('Ctrl Pts',(-18.6385999397105,0.0419265685521176,
-80.));
#5113=CARTESIAN_POINT('Ctrl Pts',(-18.9075241432247,0.202268662274451,-80.));
#5114=CARTESIAN_POINT('Ctrl Pts',(-19.176448346739,0.82838705917965,-80.));
#5115=CARTESIAN_POINT('Ctrl Pts',(-19.4453725502532,0.893332407023112,-80.));
#5116=CARTESIAN_POINT('Ctrl Pts',(-19.6302483668355,0.937980021699948,-80.));
#5117=CARTESIAN_POINT('Ctrl Pts',(-19.8151241834177,0.711332617621702,-80.));
#5118=CARTESIAN_POINT('Ctrl Pts',(-20.,0.449970810512285,-80.));
#5119=CARTESIAN_POINT('',(20.,0.44992304589603,0.));
#5120=CARTESIAN_POINT('Origin',(19.9183599305371,0.507671630797228,0.));
#5121=CARTESIAN_POINT('',(20.,0.44992304589603,0.));
#5122=CARTESIAN_POINT('',(20.,0.44992304589603,-80.));
#5123=CARTESIAN_POINT('Origin',(0.,0.,0.));
#5124=CARTESIAN_POINT('',(-30.25,3.70455656742074E-15,0.));
#5125=CARTESIAN_POINT('Origin',(0.,0.,0.));
#5126=CARTESIAN_POINT('',(20.,-19.0919260615,0.));
#5127=CARTESIAN_POINT('',(20.,19.0919260615,0.));
#5128=CARTESIAN_POINT('',(-20.,-19.0919260615,0.));
#5129=CARTESIAN_POINT('',(20.,-19.0919260615,0.));
#5130=CARTESIAN_POINT('',(-20.,-19.0919260615,0.));
#5131=CARTESIAN_POINT('',(-20.,19.0919260615,0.));
#5132=CARTESIAN_POINT('Origin',(20.,-19.0919260615,0.));
#5133=CARTESIAN_POINT('',(20.,-19.0919260615,-80.));
#5134=CARTESIAN_POINT('',(20.,19.0919260615,-80.));
#5135=CARTESIAN_POINT('',(20.,-19.0919260615,0.));
#5136=CARTESIAN_POINT('Origin',(-20.,-19.0919260615,0.));
#5137=CARTESIAN_POINT('',(-20.,-19.0919260615,-80.));
#5138=CARTESIAN_POINT('',(20.,-19.0919260615,-80.));
#5139=CARTESIAN_POINT('',(-20.,-19.0919260615,0.));
#5140=CARTESIAN_POINT('Origin',(-20.,19.0919260615,0.));
#5141=CARTESIAN_POINT('',(-20.,-19.0919260615,-80.));
#5142=CARTESIAN_POINT('Origin',(20.,19.0919260615,0.));
#5143=CARTESIAN_POINT('',(-20.,19.0919260615,-80.));
#5144=CARTESIAN_POINT('Origin',(0.,0.,0.));
#5145=CARTESIAN_POINT('',(-30.25,3.70455656742074E-15,-80.));
#5146=CARTESIAN_POINT('Origin',(0.,0.,-80.));
#5147=CARTESIAN_POINT('',(-30.25,3.70455656742074E-15,0.));
#5148=CARTESIAN_POINT('Origin',(0.,0.,-80.));
#5149=UNCERTAINTY_MEASURE_WITH_UNIT(LENGTH_MEASURE(0.01),#5153,
'DISTANCE_ACCURACY_VALUE',
'Maximum model space distance between geometric entities at asserted c
onnectivities');
#5150=UNCERTAINTY_MEASURE_WITH_UNIT(LENGTH_MEASURE(0.01),#5153,
'DISTANCE_ACCURACY_VALUE',
'Maximum model space distance between geometric entities at asserted c
onnectivities');
#5151=(
GEOMETRIC_REPRESENTATION_CONTEXT(3)
GLOBAL_UNCERTAINTY_ASSIGNED_CONTEXT((#5149))
GLOBAL_UNIT_ASSIGNED_CONTEXT((#5153,#5155,#5156))
REPRESENTATION_CONTEXT('','3D')
);
#5152=(
GEOMETRIC_REPRESENTATION_CONTEXT(3)
GLOBAL_UNCERTAINTY_ASSIGNED_CONTEXT((#5150))
GLOBAL_UNIT_ASSIGNED_CONTEXT((#5153,#5155,#5156))
REPRESENTATION_CONTEXT('','3D')
);
#5153=(
LENGTH_UNIT()
NAMED_UNIT(*)
SI_UNIT(.MILLI.,.METRE.)
);
#5154=(
LENGTH_UNIT()
NAMED_UNIT(*)
SI_UNIT(.CENTI.,.METRE.)
);
#5155=(
NAMED_UNIT(*)
PLANE_ANGLE_UNIT()
SI_UNIT($,.RADIAN.)
);
#5156=(
NAMED_UNIT(*)
SI_UNIT($,.STERADIAN.)
SOLID_ANGLE_UNIT()
);
#5157=SHAPE_DEFINITION_REPRESENTATION(#5158,#5159);
#5158=PRODUCT_DEFINITION_SHAPE('',$,#5161);
#5159=SHAPE_REPRESENTATION('',(#335),#5151);
#5160=PRODUCT_DEFINITION_CONTEXT('part definition',#5165,'design');
#5161=PRODUCT_DEFINITION('\X2\63A27D22\X0\Part1','\X2\63A27D22\X0\Part
1',#5162,#5160);
#5162=PRODUCT_DEFINITION_FORMATION('',$,#5167);
#5163=PRODUCT_RELATED_PRODUCT_CATEGORY('\X2\63A27D22\X0\Part1',
'\X2\63A27D22\X0\Part1',(#5167));
#5164=APPLICATION_PROTOCOL_DEFINITION('international standard',
'automotive_design',2009,#5165);
#5165=APPLICATION_CONTEXT(
'Core Data for Automotive Mechanical Design Process');
#5166=PRODUCT_CONTEXT('part definition',#5165,'mechanical');
#5167=PRODUCT('\X2\63A27D22\X0\Part1','\X2\63A27D22\X0\Part1',$,(#5166));
#5168=PRESENTATION_STYLE_ASSIGNMENT((#5169));
#5169=SURFACE_STYLE_USAGE(.BOTH.,#5172);
#5170=SURFACE_STYLE_RENDERING_WITH_PROPERTIES($,#5176,(#5171));
#5171=SURFACE_STYLE_TRANSPARENT(0.);
#5172=SURFACE_SIDE_STYLE('',(#5173,#5170));
#5173=SURFACE_STYLE_FILL_AREA(#5174);
#5174=FILL_AREA_STYLE('',(#5175));
#5175=FILL_AREA_STYLE_COLOUR('',#5176);
#5176=COLOUR_RGB('',0.749019607843137,0.749019607843137,0.749019607843137);
ENDSEC;
END-ISO-10303-21;
